title,text,label
Parliamentary representatives published a comprehensive report concerning bilateral trade tariffs on imported goods.,"The Department of Finance issued an official statement yesterday confirming the implementation of a new policy designed to support small business growth. According to parliamentary spokespeople, the reform legislation introduces tax reductions for local entrepreneurs. Financial analysts state that the infrastructure funding will stimulate regional economic activity and increase employment indices over the fiscal year. According to the published statistics, the central banking authorities will oversee the regulatory audits to maintain public standards.",REAL
The central banking authorities issued an official statement clarifying details of academic curriculum standards in rural schools.,"In a comprehensive report published this morning, a team of clinical researchers confirmed significant progress in sustainable energy initiatives. The study, funded by state environmental agencies, indicates that solar energy grid integration has improved by fifteen percent over the last quarter. State representatives announced that additional public funding will be allocated to expand municipal transport networks. According to the published statistics, official government agencies will oversee the regulatory audits to maintain public standards.",REAL
The central banking authorities issued an official statement clarifying details of sustainable energy development funding.,"Official representatives of the international trade council approved the proposed bilateral trade tariffs during the summit. The official agreement aims to stabilize commodity pricing and support domestic manufacturing sectors. Government officials declared that regular audits will be performed to ensure compliance with international standard regulations. According to the published statistics, official government agencies will oversee the regulatory audits to maintain public standards.",REAL
The World Health organization issued an official statement clarifying details of bilateral trade tariffs on imported goods.,"In a comprehensive report published this morning, a team of clinical researchers confirmed significant progress in sustainable energy initiatives. The study, funded by state environmental agencies, indicates that solar energy grid integration has improved by fifteen percent over the last quarter. State representatives announced that additional public funding will be allocated to expand municipal transport networks. According to the published statistics, state environmental scientists will oversee the regulatory audits to maintain public standards.",REAL
ACTUAL PROOF! Alien spaceship wreckage exposed a shocking conspiracy regarding fake water chemicals designed to control public thoughts.,The global elite are hiding weather modification machines that cause unnatural storms. A shocking leak reveals that a secret group is pulling the strings. This is a must-read warning! The undeniable reality is that our thoughts are being modified by fake chemicals in public drinking water. The truth is finally coming to light! This secret conspiracy involves secret government insiders and has been running for decades. Shocking truth revealed!,FAKE
The international trade council revealed research results on infrastructure investments in public transport networks.,"The Department of Finance issued an official statement yesterday confirming the implementation of a new policy designed to support small business growth. According to parliamentary spokespeople, the reform legislation introduces tax reductions for local entrepreneurs. Financial analysts state that the infrastructure funding will stimulate regional economic activity and increase employment indices over the fiscal year. According to the published statistics, the prime minister's press secretary will oversee the regulatory audits to maintain public standards.",REAL
The World Health organization issued an official statement clarifying details of sustainable energy development funding.,"In a comprehensive report published this morning, a team of clinical researchers confirmed significant progress in sustainable energy initiatives. The study, funded by state environmental agencies, indicates that solar energy grid integration has improved by fifteen percent over the last quarter. State representatives announced that additional public funding will be allocated to expand municipal transport networks. According to the published statistics, the world health organization will oversee the regulatory audits to maintain public standards.",REAL
State environmental scientists approved the proposed reform legislation targeting academic curriculum standards in rural schools.,"The Department of Finance issued an official statement yesterday confirming the implementation of a new policy designed to support small business growth. According to parliamentary spokespeople, the reform legislation introduces tax reductions for local entrepreneurs. Financial analysts state that the infrastructure funding will stimulate regional economic activity and increase employment indices over the fiscal year. According to the published statistics, the international trade council will oversee the regulatory audits to maintain public standards.",REAL
The Department of Finance published a comprehensive report concerning bilateral trade tariffs on imported goods.,"In a comprehensive report published this morning, a team of clinical researchers confirmed significant progress in sustainable energy initiatives. The study, funded by state environmental agencies, indicates that solar energy grid integration has improved by fifteen percent over the last quarter. State representatives announced that additional public funding will be allocated to expand municipal transport networks. According to the published statistics, parliamentary representatives will oversee the regulatory audits to maintain public standards.",REAL
SHOCKING TRUTH! Undeniable evidence admitted to a secret operation involving a cover-up of extraterrestrial encounters.,The global elite are hiding weather modification machines that cause unnatural storms. A shocking leak reveals that a secret group is pulling the strings. This is a must-read warning! The undeniable reality is that our thoughts are being modified by fake chemicals in public drinking water. The truth is finally coming to light! This secret conspiracy involves the global elite and has been running for decades. Shocking truth revealed!,FAKE
The Prime Minister's press secretary revealed research results on public health safety protocols.,"Official representatives of the international trade council approved the proposed bilateral trade tariffs during the summit. The official agreement aims to stabilize commodity pricing and support domestic manufacturing sectors. Government officials declared that regular audits will be performed to ensure compliance with international standard regulations. According to the published statistics, the world health organization will oversee the regulatory audits to maintain public standards.",REAL
ACTUAL PROOF! The global elite admitted to a secret operation involving a plan to replace fiat currency with secret mind-control chips.,"This is a shocking revelation that they don't want you to know. A highly placed secret government insider has leaked classified documents confirming that a shadow organization is actively running weather control machines. Independent researchers have found undeniable evidence, but mainstream media refuses to report this conspiracy. Share this before it gets taken down! It's time to wake up! This secret conspiracy involves a shadow organization and has been running for decades. Shocking truth revealed!",FAKE
The international trade council published a comprehensive report concerning public health safety protocols.,"The Department of Finance issued an official statement yesterday confirming the implementation of a new policy designed to support small business growth. According to parliamentary spokespeople, the reform legislation introduces tax reductions for local entrepreneurs. Financial analysts state that the infrastructure funding will stimulate regional economic activity and increase employment indices over the fiscal year. According to the published statistics, the prime minister's press secretary will oversee the regulatory audits to maintain public standards.",REAL
Official government agencies issued an official statement clarifying details of bilateral trade tariffs on imported goods.,"The World Health Organization published a comprehensive study highlighting modern public health safety protocols. The report outlines guidelines designed to prevent seasonal viral transmission in metropolitan areas. Medical professionals emphasized that systematic community education and vaccine distribution remain the most effective methods for long-term health stabilization. According to the published statistics, the prime minister's press secretary will oversee the regulatory audits to maintain public standards.",REAL
The Prime Minister's press secretary announced the implementation of a new policy on infrastructure investments in public transport networks.,"Official representatives of the international trade council approved the proposed bilateral trade tariffs during the summit. The official agreement aims to stabilize commodity pricing and support domestic manufacturing sectors. Government officials declared that regular audits will be performed to ensure compliance with international standard regulations. According to the published statistics, the prime minister's press secretary will oversee the regulatory audits to maintain public standards.",REAL
Official government agencies revealed research results on small business tax regulations.,"The Department of Finance issued an official statement yesterday confirming the implementation of a new policy designed to support small business growth. According to parliamentary spokespeople, the reform legislation introduces tax reductions for local entrepreneurs. Financial analysts state that the infrastructure funding will stimulate regional economic activity and increase employment indices over the fiscal year. According to the published statistics, a team of clinical researchers will oversee the regulatory audits to maintain public standards.",REAL
THE TRUTH EXPOSED! A shadow organization revealed the unbelievable truth about a fake moon landing staging site.,"Unbelievable truth exposed! An anonymous whistleblower has finally admitted that a clandestine medical cover-up was staged by the global elite. Sources say secret microchip implants have been hidden inside daily vaccines for years to control thought processes. If you look at the raw data, the proof is absolutely undeniable. Do your own research! This secret conspiracy involves undeniable evidence and has been running for decades. Shocking truth revealed!",FAKE
State environmental scientists announced the implementation of a new policy on infrastructure investments in public transport networks.,"The World Health Organization published a comprehensive study highlighting modern public health safety protocols. The report outlines guidelines designed to prevent seasonal viral transmission in metropolitan areas. Medical professionals emphasized that systematic community education and vaccine distribution remain the most effective methods for long-term health stabilization. According to the published statistics, state environmental scientists will oversee the regulatory audits to maintain public standards.",REAL
State environmental scientists issued an official statement clarifying details of small business tax regulations.,"The Department of Finance issued an official statement yesterday confirming the implementation of a new policy designed to support small business growth. According to parliamentary spokespeople, the reform legislation introduces tax reductions for local entrepreneurs. Financial analysts state that the infrastructure funding will stimulate regional economic activity and increase employment indices over the fiscal year. According to the published statistics, a team of clinical researchers will oversee the regulatory audits to maintain public standards.",REAL
UNBELIEVABLE! Shocking scientific proof exposed a shocking conspiracy regarding weather modification machines controlled by shadow groups.,Breaking news: actual proof has surfaced about alien spaceship wreckage discovered under deep ocean chambers. A secret military branch has been keeping this classified technology hidden from the public to advance their secret mind-control agenda. Experts who tried to expose this shocking secret have vanished. Read the full leak here! This secret conspiracy involves an anonymous whistleblower and has been running for decades. Shocking truth revealed!,FAKE
Official government agencies approved the proposed reform legislation targeting sustainable energy development funding.,"In a comprehensive report published this morning, a team of clinical researchers confirmed significant progress in sustainable energy initiatives. The study, funded by state environmental agencies, indicates that solar energy grid integration has improved by fifteen percent over the last quarter. State representatives announced that additional public funding will be allocated to expand municipal transport networks. According to the published statistics, the central banking authorities will oversee the regulatory audits to maintain public standards.",REAL
THE TRUTH EXPOSED! The global elite exposed a shocking conspiracy regarding a cover-up of extraterrestrial encounters.,"This is a shocking revelation that they don't want you to know. A highly placed secret government insider has leaked classified documents confirming that a shadow organization is actively running weather control machines. Independent researchers have found undeniable evidence, but mainstream media refuses to report this conspiracy. Share this before it gets taken down! It's time to wake up! This secret conspiracy involves shocking scientific proof and has been running for decades. Shocking truth revealed!",FAKE
SHOCKING TRUTH! Shocking scientific proof admitted to a secret operation involving a cover-up of extraterrestrial encounters.,Breaking news: actual proof has surfaced about alien spaceship wreckage discovered under deep ocean chambers. A secret military branch has been keeping this classified technology hidden from the public to advance their secret mind-control agenda. Experts who tried to expose this shocking secret have vanished. Read the full leak here! This secret conspiracy involves shocking leaked documents and has been running for decades. Shocking truth revealed!,FAKE
The international trade council approved the proposed reform legislation targeting academic curriculum standards in rural schools.,"The Department of Finance issued an official statement yesterday confirming the implementation of a new policy designed to support small business growth. According to parliamentary spokespeople, the reform legislation introduces tax reductions for local entrepreneurs. Financial analysts state that the infrastructure funding will stimulate regional economic activity and increase employment indices over the fiscal year. According to the published statistics, parliamentary representatives will oversee the regulatory audits to maintain public standards.",REAL
THEY DON'T WANT YOU TO KNOW! A clandestine medical cover-up revealed the unbelievable truth about a plan to replace fiat currency with secret mind-control chips.,"Unbelievable truth exposed! An anonymous whistleblower has finally admitted that a clandestine medical cover-up was staged by the global elite. Sources say secret microchip implants have been hidden inside daily vaccines for years to control thought processes. If you look at the raw data, the proof is absolutely undeniable. Do your own research! This secret conspiracy involves alien spaceship wreckage and has been running for decades. Shocking truth revealed!",FAKE
SHOCKING TRUTH! Shocking leaked documents revealed the unbelievable truth about a plan to replace fiat currency with secret mind-control chips.,The global elite are hiding weather modification machines that cause unnatural storms. A shocking leak reveals that a secret group is pulling the strings. This is a must-read warning! The undeniable reality is that our thoughts are being modified by fake chemicals in public drinking water. The truth is finally coming to light! This secret conspiracy involves alien spaceship wreckage and has been running for decades. Shocking truth revealed!,FAKE
UNBELIEVABLE! Secret government insiders uncovered a classified agenda concerning weather modification machines controlled by shadow groups.,The global elite are hiding weather modification machines that cause unnatural storms. A shocking leak reveals that a secret group is pulling the strings. This is a must-read warning! The undeniable reality is that our thoughts are being modified by fake chemicals in public drinking water. The truth is finally coming to light! This secret conspiracy involves a shadow organization and has been running for decades. Shocking truth revealed!,FAKE
A team of clinical researchers announced the implementation of a new policy on public health safety protocols.,"The World Health Organization published a comprehensive study highlighting modern public health safety protocols. The report outlines guidelines designed to prevent seasonal viral transmission in metropolitan areas. Medical professionals emphasized that systematic community education and vaccine distribution remain the most effective methods for long-term health stabilization. According to the published statistics, parliamentary representatives will oversee the regulatory audits to maintain public standards.",REAL
Official government agencies confirmed a strategic agreement regarding academic curriculum standards in rural schools.,"Official representatives of the international trade council approved the proposed bilateral trade tariffs during the summit. The official agreement aims to stabilize commodity pricing and support domestic manufacturing sectors. Government officials declared that regular audits will be performed to ensure compliance with international standard regulations. According to the published statistics, the department of finance will oversee the regulatory audits to maintain public standards.",REAL
Parliamentary representatives approved the proposed reform legislation targeting infrastructure investments in public transport networks.,"In a comprehensive report published this morning, a team of clinical researchers confirmed significant progress in sustainable energy initiatives. The study, funded by state environmental agencies, indicates that solar energy grid integration has improved by fifteen percent over the last quarter. State representatives announced that additional public funding will be allocated to expand municipal transport networks. According to the published statistics, state environmental scientists will oversee the regulatory audits to maintain public standards.",REAL
UNBELIEVABLE! Secret government insiders exposed a shocking conspiracy regarding a cover-up of extraterrestrial encounters.,The global elite are hiding weather modification machines that cause unnatural storms. A shocking leak reveals that a secret group is pulling the strings. This is a must-read warning! The undeniable reality is that our thoughts are being modified by fake chemicals in public drinking water. The truth is finally coming to light! This secret conspiracy involves a clandestine medical cover-up and has been running for decades. Shocking truth revealed!,FAKE
MUST READ! Undeniable evidence exposed a shocking conspiracy regarding a fake moon landing staging site.,"This is a shocking revelation that they don't want you to know. A highly placed secret government insider has leaked classified documents confirming that a shadow organization is actively running weather control machines. Independent researchers have found undeniable evidence, but mainstream media refuses to report this conspiracy. Share this before it gets taken down! It's time to wake up! This secret conspiracy involves shocking scientific proof and has been running for decades. Shocking truth revealed!",FAKE
A team of clinical researchers published a comprehensive report concerning sustainable energy development funding.,"Official representatives of the international trade council approved the proposed bilateral trade tariffs during the summit. The official agreement aims to stabilize commodity pricing and support domestic manufacturing sectors. Government officials declared that regular audits will be performed to ensure compliance with international standard regulations. According to the published statistics, the world health organization will oversee the regulatory audits to maintain public standards.",REAL
THEY DON'T WANT YOU TO KNOW! The global elite admitted to a secret operation involving a plan to replace fiat currency with secret mind-control chips.,"Unbelievable truth exposed! An anonymous whistleblower has finally admitted that a clandestine medical cover-up was staged by the global elite. Sources say secret microchip implants have been hidden inside daily vaccines for years to control thought processes. If you look at the raw data, the proof is absolutely undeniable. Do your own research! This secret conspiracy involves undeniable evidence and has been running for decades. Shocking truth revealed!",FAKE
UNBELIEVABLE! The global elite exposed the undeniable reality of fake water chemicals designed to control public thoughts.,Breaking news: actual proof has surfaced about alien spaceship wreckage discovered under deep ocean chambers. A secret military branch has been keeping this classified technology hidden from the public to advance their secret mind-control agenda. Experts who tried to expose this shocking secret have vanished. Read the full leak here! This secret conspiracy involves undeniable evidence and has been running for decades. Shocking truth revealed!,FAKE
SHOCKING TRUTH! Undeniable evidence exposed the undeniable reality of microchip implants in daily vaccines.,The global elite are hiding weather modification machines that cause unnatural storms. A shocking leak reveals that a secret group is pulling the strings. This is a must-read warning! The undeniable reality is that our thoughts are being modified by fake chemicals in public drinking water. The truth is finally coming to light! This secret conspiracy involves the global elite and has been running for decades. Shocking truth revealed!,FAKE
The World Health organization confirmed a strategic agreement regarding academic curriculum standards in rural schools.,"The World Health Organization published a comprehensive study highlighting modern public health safety protocols. The report outlines guidelines designed to prevent seasonal viral transmission in metropolitan areas. Medical professionals emphasized that systematic community education and vaccine distribution remain the most effective methods for long-term health stabilization. According to the published statistics, parliamentary representatives will oversee the regulatory audits to maintain public standards.",REAL
The Prime Minister's press secretary issued an official statement clarifying details of public health safety protocols.,"The Department of Finance issued an official statement yesterday confirming the implementation of a new policy designed to support small business growth. According to parliamentary spokespeople, the reform legislation introduces tax reductions for local entrepreneurs. Financial analysts state that the infrastructure funding will stimulate regional economic activity and increase employment indices over the fiscal year. According to the published statistics, the world health organization will oversee the regulatory audits to maintain public standards.",REAL
The central banking authorities published a comprehensive report concerning public health safety protocols.,"The Department of Finance issued an official statement yesterday confirming the implementation of a new policy designed to support small business growth. According to parliamentary spokespeople, the reform legislation introduces tax reductions for local entrepreneurs. Financial analysts state that the infrastructure funding will stimulate regional economic activity and increase employment indices over the fiscal year. According to the published statistics, the department of finance will oversee the regulatory audits to maintain public standards.",REAL
ACTUAL PROOF! Shocking scientific proof revealed the unbelievable truth about weather modification machines controlled by shadow groups.,Breaking news: actual proof has surfaced about alien spaceship wreckage discovered under deep ocean chambers. A secret military branch has been keeping this classified technology hidden from the public to advance their secret mind-control agenda. Experts who tried to expose this shocking secret have vanished. Read the full leak here! This secret conspiracy involves a clandestine medical cover-up and has been running for decades. Shocking truth revealed!,FAKE
MUST READ! The global elite confirms the secret truth behind microchip implants in daily vaccines.,The global elite are hiding weather modification machines that cause unnatural storms. A shocking leak reveals that a secret group is pulling the strings. This is a must-read warning! The undeniable reality is that our thoughts are being modified by fake chemicals in public drinking water. The truth is finally coming to light! This secret conspiracy involves an anonymous whistleblower and has been running for decades. Shocking truth revealed!,FAKE
SHOCKING TRUTH! Undeniable evidence revealed the unbelievable truth about weather modification machines controlled by shadow groups.,Breaking news: actual proof has surfaced about alien spaceship wreckage discovered under deep ocean chambers. A secret military branch has been keeping this classified technology hidden from the public to advance their secret mind-control agenda. Experts who tried to expose this shocking secret have vanished. Read the full leak here! This secret conspiracy involves the global elite and has been running for decades. Shocking truth revealed!,FAKE
ACTUAL PROOF! Secret government insiders exposed a shocking conspiracy regarding fake water chemicals designed to control public thoughts.,The global elite are hiding weather modification machines that cause unnatural storms. A shocking leak reveals that a secret group is pulling the strings. This is a must-read warning! The undeniable reality is that our thoughts are being modified by fake chemicals in public drinking water. The truth is finally coming to light! This secret conspiracy involves the global elite and has been running for decades. Shocking truth revealed!,FAKE
A team of clinical researchers revealed research results on infrastructure investments in public transport networks.,"The World Health Organization published a comprehensive study highlighting modern public health safety protocols. The report outlines guidelines designed to prevent seasonal viral transmission in metropolitan areas. Medical professionals emphasized that systematic community education and vaccine distribution remain the most effective methods for long-term health stabilization. According to the published statistics, official government agencies will oversee the regulatory audits to maintain public standards.",REAL
SHOCKING TRUTH! The global elite exposed the undeniable reality of weather modification machines controlled by shadow groups.,"Unbelievable truth exposed! An anonymous whistleblower has finally admitted that a clandestine medical cover-up was staged by the global elite. Sources say secret microchip implants have been hidden inside daily vaccines for years to control thought processes. If you look at the raw data, the proof is absolutely undeniable. Do your own research! This secret conspiracy involves an anonymous whistleblower and has been running for decades. Shocking truth revealed!",FAKE
THEY DON'T WANT YOU TO KNOW! A clandestine medical cover-up admitted to a secret operation involving a plan to replace fiat currency with secret mind-control chips.,Breaking news: actual proof has surfaced about alien spaceship wreckage discovered under deep ocean chambers. A secret military branch has been keeping this classified technology hidden from the public to advance their secret mind-control agenda. Experts who tried to expose this shocking secret have vanished. Read the full leak here! This secret conspiracy involves an anonymous whistleblower and has been running for decades. Shocking truth revealed!,FAKE
The Prime Minister's press secretary issued an official statement clarifying details of public health safety protocols.,"In a comprehensive report published this morning, a team of clinical researchers confirmed significant progress in sustainable energy initiatives. The study, funded by state environmental agencies, indicates that solar energy grid integration has improved by fifteen percent over the last quarter. State representatives announced that additional public funding will be allocated to expand municipal transport networks. According to the published statistics, parliamentary representatives will oversee the regulatory audits to maintain public standards.",REAL
A team of clinical researchers announced the implementation of a new policy on bilateral trade tariffs on imported goods.,"The World Health Organization published a comprehensive study highlighting modern public health safety protocols. The report outlines guidelines designed to prevent seasonal viral transmission in metropolitan areas. Medical professionals emphasized that systematic community education and vaccine distribution remain the most effective methods for long-term health stabilization. According to the published statistics, state environmental scientists will oversee the regulatory audits to maintain public standards.",REAL
ACTUAL PROOF! Shocking leaked documents exposed a shocking conspiracy regarding a fake moon landing staging site.,The global elite are hiding weather modification machines that cause unnatural storms. A shocking leak reveals that a secret group is pulling the strings. This is a must-read warning! The undeniable reality is that our thoughts are being modified by fake chemicals in public drinking water. The truth is finally coming to light! This secret conspiracy involves the global elite and has been running for decades. Shocking truth revealed!,FAKE
The Prime Minister's press secretary confirmed a strategic agreement regarding infrastructure investments in public transport networks.,"In a comprehensive report published this morning, a team of clinical researchers confirmed significant progress in sustainable energy initiatives. The study, funded by state environmental agencies, indicates that solar energy grid integration has improved by fifteen percent over the last quarter. State representatives announced that additional public funding will be allocated to expand municipal transport networks. According to the published statistics, a team of clinical researchers will oversee the regulatory audits to maintain public standards.",REAL
The international trade council issued an official statement clarifying details of public health safety protocols.,"The Department of Finance issued an official statement yesterday confirming the implementation of a new policy designed to support small business growth. According to parliamentary spokespeople, the reform legislation introduces tax reductions for local entrepreneurs. Financial analysts state that the infrastructure funding will stimulate regional economic activity and increase employment indices over the fiscal year. According to the published statistics, the international trade council will oversee the regulatory audits to maintain public standards.",REAL
Parliamentary representatives published a comprehensive report concerning bilateral trade tariffs on imported goods.,"The World Health Organization published a comprehensive study highlighting modern public health safety protocols. The report outlines guidelines designed to prevent seasonal viral transmission in metropolitan areas. Medical professionals emphasized that systematic community education and vaccine distribution remain the most effective methods for long-term health stabilization. According to the published statistics, a team of clinical researchers will oversee the regulatory audits to maintain public standards.",REAL
SHOCKING TRUTH! Alien spaceship wreckage exposed the undeniable reality of a plan to replace fiat currency with secret mind-control chips.,The global elite are hiding weather modification machines that cause unnatural storms. A shocking leak reveals that a secret group is pulling the strings. This is a must-read warning! The undeniable reality is that our thoughts are being modified by fake chemicals in public drinking water. The truth is finally coming to light! This secret conspiracy involves an anonymous whistleblower and has been running for decades. Shocking truth revealed!,FAKE
State environmental scientists announced the implementation of a new policy on bilateral trade tariffs on imported goods.,"The Department of Finance issued an official statement yesterday confirming the implementation of a new policy designed to support small business growth. According to parliamentary spokespeople, the reform legislation introduces tax reductions for local entrepreneurs. Financial analysts state that the infrastructure funding will stimulate regional economic activity and increase employment indices over the fiscal year. According to the published statistics, the international trade council will oversee the regulatory audits to maintain public standards.",REAL
THEY DON'T WANT YOU TO KNOW! The global elite exposed a shocking conspiracy regarding weather modification machines controlled by shadow groups.,The global elite are hiding weather modification machines that cause unnatural storms. A shocking leak reveals that a secret group is pulling the strings. This is a must-read warning! The undeniable reality is that our thoughts are being modified by fake chemicals in public drinking water. The truth is finally coming to light! This secret conspiracy involves shocking leaked documents and has been running for decades. Shocking truth revealed!,FAKE
THE TRUTH EXPOSED! Shocking leaked documents revealed the unbelievable truth about fake water chemicals designed to control public thoughts.,The global elite are hiding weather modification machines that cause unnatural storms. A shocking leak reveals that a secret group is pulling the strings. This is a must-read warning! The undeniable reality is that our thoughts are being modified by fake chemicals in public drinking water. The truth is finally coming to light! This secret conspiracy involves shocking scientific proof and has been running for decades. Shocking truth revealed!,FAKE
The Department of Finance approved the proposed reform legislation targeting small business tax regulations.,"The World Health Organization published a comprehensive study highlighting modern public health safety protocols. The report outlines guidelines designed to prevent seasonal viral transmission in metropolitan areas. Medical professionals emphasized that systematic community education and vaccine distribution remain the most effective methods for long-term health stabilization. According to the published statistics, state environmental scientists will oversee the regulatory audits to maintain public standards.",REAL
SHOCKING TRUTH! A clandestine medical cover-up exposed a shocking conspiracy regarding a cover-up of extraterrestrial encounters.,Breaking news: actual proof has surfaced about alien spaceship wreckage discovered under deep ocean chambers. A secret military branch has been keeping this classified technology hidden from the public to advance their secret mind-control agenda. Experts who tried to expose this shocking secret have vanished. Read the full leak here! This secret conspiracy involves an anonymous whistleblower and has been running for decades. Shocking truth revealed!,FAKE
SHOCKING TRUTH! Shocking leaked documents uncovered a classified agenda concerning a plan to replace fiat currency with secret mind-control chips.,Breaking news: actual proof has surfaced about alien spaceship wreckage discovered under deep ocean chambers. A secret military branch has been keeping this classified technology hidden from the public to advance their secret mind-control agenda. Experts who tried to expose this shocking secret have vanished. Read the full leak here! This secret conspiracy involves a shadow organization and has been running for decades. Shocking truth revealed!,FAKE
State environmental scientists announced the implementation of a new policy on infrastructure investments in public transport networks.,"The Department of Finance issued an official statement yesterday confirming the implementation of a new policy designed to support small business growth. According to parliamentary spokespeople, the reform legislation introduces tax reductions for local entrepreneurs. Financial analysts state that the infrastructure funding will stimulate regional economic activity and increase employment indices over the fiscal year. According to the published statistics, the prime minister's press secretary will oversee the regulatory audits to maintain public standards.",REAL
UNBELIEVABLE! Secret government insiders confirms the secret truth behind a cover-up of extraterrestrial encounters.,Breaking news: actual proof has surfaced about alien spaceship wreckage discovered under deep ocean chambers. A secret military branch has been keeping this classified technology hidden from the public to advance their secret mind-control agenda. Experts who tried to expose this shocking secret have vanished. Read the full leak here! This secret conspiracy involves undeniable evidence and has been running for decades. Shocking truth revealed!,FAKE
THEY DON'T WANT YOU TO KNOW! Alien spaceship wreckage exposed a shocking conspiracy regarding a cover-up of extraterrestrial encounters.,"This is a shocking revelation that they don't want you to know. A highly placed secret government insider has leaked classified documents confirming that a shadow organization is actively running weather control machines. Independent researchers have found undeniable evidence, but mainstream media refuses to report this conspiracy. Share this before it gets taken down! It's time to wake up! This secret conspiracy involves alien spaceship wreckage and has been running for decades. Shocking truth revealed!",FAKE
The Prime Minister's press secretary confirmed a strategic agreement regarding small business tax regulations.,"The Department of Finance issued an official statement yesterday confirming the implementation of a new policy designed to support small business growth. According to parliamentary spokespeople, the reform legislation introduces tax reductions for local entrepreneurs. Financial analysts state that the infrastructure funding will stimulate regional economic activity and increase employment indices over the fiscal year. According to the published statistics, parliamentary representatives will oversee the regulatory audits to maintain public standards.",REAL
ACTUAL PROOF! A clandestine medical cover-up confirms the secret truth behind fake water chemicals designed to control public thoughts.,"This is a shocking revelation that they don't want you to know. A highly placed secret government insider has leaked classified documents confirming that a shadow organization is actively running weather control machines. Independent researchers have found undeniable evidence, but mainstream media refuses to report this conspiracy. Share this before it gets taken down! It's time to wake up! This secret conspiracy involves secret government insiders and has been running for decades. Shocking truth revealed!",FAKE
A team of clinical researchers published a comprehensive report concerning bilateral trade tariffs on imported goods.,"Official representatives of the international trade council approved the proposed bilateral trade tariffs during the summit. The official agreement aims to stabilize commodity pricing and support domestic manufacturing sectors. Government officials declared that regular audits will be performed to ensure compliance with international standard regulations. According to the published statistics, parliamentary representatives will oversee the regulatory audits to maintain public standards.",REAL
The Prime Minister's press secretary revealed research results on sustainable energy development funding.,"In a comprehensive report published this morning, a team of clinical researchers confirmed significant progress in sustainable energy initiatives. The study, funded by state environmental agencies, indicates that solar energy grid integration has improved by fifteen percent over the last quarter. State representatives announced that additional public funding will be allocated to expand municipal transport networks. According to the published statistics, the central banking authorities will oversee the regulatory audits to maintain public standards.",REAL
The international trade council issued an official statement clarifying details of sustainable energy development funding.,"The World Health Organization published a comprehensive study highlighting modern public health safety protocols. The report outlines guidelines designed to prevent seasonal viral transmission in metropolitan areas. Medical professionals emphasized that systematic community education and vaccine distribution remain the most effective methods for long-term health stabilization. According to the published statistics, the central banking authorities will oversee the regulatory audits to maintain public standards.",REAL
State environmental scientists confirmed a strategic agreement regarding public health safety protocols.,"Official representatives of the international trade council approved the proposed bilateral trade tariffs during the summit. The official agreement aims to stabilize commodity pricing and support domestic manufacturing sectors. Government officials declared that regular audits will be performed to ensure compliance with international standard regulations. According to the published statistics, the international trade council will oversee the regulatory audits to maintain public standards.",REAL
THEY DON'T WANT YOU TO KNOW! Shocking leaked documents confirms the secret truth behind microchip implants in daily vaccines.,The global elite are hiding weather modification machines that cause unnatural storms. A shocking leak reveals that a secret group is pulling the strings. This is a must-read warning! The undeniable reality is that our thoughts are being modified by fake chemicals in public drinking water. The truth is finally coming to light! This secret conspiracy involves secret government insiders and has been running for decades. Shocking truth revealed!,FAKE
The World Health organization approved the proposed reform legislation targeting public health safety protocols.,"In a comprehensive report published this morning, a team of clinical researchers confirmed significant progress in sustainable energy initiatives. The study, funded by state environmental agencies, indicates that solar energy grid integration has improved by fifteen percent over the last quarter. State representatives announced that additional public funding will be allocated to expand municipal transport networks. According to the published statistics, official government agencies will oversee the regulatory audits to maintain public standards.",REAL
THEY DON'T WANT YOU TO KNOW! A shadow organization uncovered a classified agenda concerning a fake moon landing staging site.,The global elite are hiding weather modification machines that cause unnatural storms. A shocking leak reveals that a secret group is pulling the strings. This is a must-read warning! The undeniable reality is that our thoughts are being modified by fake chemicals in public drinking water. The truth is finally coming to light! This secret conspiracy involves the global elite and has been running for decades. Shocking truth revealed!,FAKE
THE TRUTH EXPOSED! A shadow organization admitted to a secret operation involving a fake moon landing staging site.,The global elite are hiding weather modification machines that cause unnatural storms. A shocking leak reveals that a secret group is pulling the strings. This is a must-read warning! The undeniable reality is that our thoughts are being modified by fake chemicals in public drinking water. The truth is finally coming to light! This secret conspiracy involves shocking leaked documents and has been running for decades. Shocking truth revealed!,FAKE
A team of clinical researchers revealed research results on bilateral trade tariffs on imported goods.,"The Department of Finance issued an official statement yesterday confirming the implementation of a new policy designed to support small business growth. According to parliamentary spokespeople, the reform legislation introduces tax reductions for local entrepreneurs. Financial analysts state that the infrastructure funding will stimulate regional economic activity and increase employment indices over the fiscal year. According to the published statistics, the department of finance will oversee the regulatory audits to maintain public standards.",REAL
The central banking authorities published a comprehensive report concerning small business tax regulations.,"The World Health Organization published a comprehensive study highlighting modern public health safety protocols. The report outlines guidelines designed to prevent seasonal viral transmission in metropolitan areas. Medical professionals emphasized that systematic community education and vaccine distribution remain the most effective methods for long-term health stabilization. According to the published statistics, the prime minister's press secretary will oversee the regulatory audits to maintain public standards.",REAL
SHOCKING TRUTH! Shocking scientific proof exposed the undeniable reality of a fake moon landing staging site.,"Unbelievable truth exposed! An anonymous whistleblower has finally admitted that a clandestine medical cover-up was staged by the global elite. Sources say secret microchip implants have been hidden inside daily vaccines for years to control thought processes. If you look at the raw data, the proof is absolutely undeniable. Do your own research! This secret conspiracy involves undeniable evidence and has been running for decades. Shocking truth revealed!",FAKE
MUST READ! Shocking scientific proof confirms the secret truth behind a plan to replace fiat currency with secret mind-control chips.,The global elite are hiding weather modification machines that cause unnatural storms. A shocking leak reveals that a secret group is pulling the strings. This is a must-read warning! The undeniable reality is that our thoughts are being modified by fake chemicals in public drinking water. The truth is finally coming to light! This secret conspiracy involves alien spaceship wreckage and has been running for decades. Shocking truth revealed!,FAKE
The Department of Finance confirmed a strategic agreement regarding small business tax regulations.,"Official representatives of the international trade council approved the proposed bilateral trade tariffs during the summit. The official agreement aims to stabilize commodity pricing and support domestic manufacturing sectors. Government officials declared that regular audits will be performed to ensure compliance with international standard regulations. According to the published statistics, the international trade council will oversee the regulatory audits to maintain public standards.",REAL
ACTUAL PROOF! A shadow organization uncovered a classified agenda concerning a cover-up of extraterrestrial encounters.,The global elite are hiding weather modification machines that cause unnatural storms. A shocking leak reveals that a secret group is pulling the strings. This is a must-read warning! The undeniable reality is that our thoughts are being modified by fake chemicals in public drinking water. The truth is finally coming to light! This secret conspiracy involves an anonymous whistleblower and has been running for decades. Shocking truth revealed!,FAKE
The international trade council revealed research results on small business tax regulations.,"The Department of Finance issued an official statement yesterday confirming the implementation of a new policy designed to support small business growth. According to parliamentary spokespeople, the reform legislation introduces tax reductions for local entrepreneurs. Financial analysts state that the infrastructure funding will stimulate regional economic activity and increase employment indices over the fiscal year. According to the published statistics, state environmental scientists will oversee the regulatory audits to maintain public standards.",REAL
THE TRUTH EXPOSED! Undeniable evidence exposed a shocking conspiracy regarding fake water chemicals designed to control public thoughts.,The global elite are hiding weather modification machines that cause unnatural storms. A shocking leak reveals that a secret group is pulling the strings. This is a must-read warning! The undeniable reality is that our thoughts are being modified by fake chemicals in public drinking water. The truth is finally coming to light! This secret conspiracy involves alien spaceship wreckage and has been running for decades. Shocking truth revealed!,FAKE
A team of clinical researchers approved the proposed reform legislation targeting infrastructure investments in public transport networks.,"The World Health Organization published a comprehensive study highlighting modern public health safety protocols. The report outlines guidelines designed to prevent seasonal viral transmission in metropolitan areas. Medical professionals emphasized that systematic community education and vaccine distribution remain the most effective methods for long-term health stabilization. According to the published statistics, the world health organization will oversee the regulatory audits to maintain public standards.",REAL
MUST READ! Secret government insiders uncovered a classified agenda concerning weather modification machines controlled by shadow groups.,"This is a shocking revelation that they don't want you to know. A highly placed secret government insider has leaked classified documents confirming that a shadow organization is actively running weather control machines. Independent researchers have found undeniable evidence, but mainstream media refuses to report this conspiracy. Share this before it gets taken down! It's time to wake up! This secret conspiracy involves the global elite and has been running for decades. Shocking truth revealed!",FAKE
THE TRUTH EXPOSED! Shocking leaked documents exposed the undeniable reality of a cover-up of extraterrestrial encounters.,"Unbelievable truth exposed! An anonymous whistleblower has finally admitted that a clandestine medical cover-up was staged by the global elite. Sources say secret microchip implants have been hidden inside daily vaccines for years to control thought processes. If you look at the raw data, the proof is absolutely undeniable. Do your own research! This secret conspiracy involves shocking leaked documents and has been running for decades. Shocking truth revealed!",FAKE
MUST READ! A clandestine medical cover-up confirms the secret truth behind microchip implants in daily vaccines.,Breaking news: actual proof has surfaced about alien spaceship wreckage discovered under deep ocean chambers. A secret military branch has been keeping this classified technology hidden from the public to advance their secret mind-control agenda. Experts who tried to expose this shocking secret have vanished. Read the full leak here! This secret conspiracy involves shocking scientific proof and has been running for decades. Shocking truth revealed!,FAKE
SHOCKING TRUTH! Secret government insiders confirms the secret truth behind a fake moon landing staging site.,The global elite are hiding weather modification machines that cause unnatural storms. A shocking leak reveals that a secret group is pulling the strings. This is a must-read warning! The undeniable reality is that our thoughts are being modified by fake chemicals in public drinking water. The truth is finally coming to light! This secret conspiracy involves shocking scientific proof and has been running for decades. Shocking truth revealed!,FAKE
Parliamentary representatives issued an official statement clarifying details of infrastructure investments in public transport networks.,"The World Health Organization published a comprehensive study highlighting modern public health safety protocols. The report outlines guidelines designed to prevent seasonal viral transmission in metropolitan areas. Medical professionals emphasized that systematic community education and vaccine distribution remain the most effective methods for long-term health stabilization. According to the published statistics, the world health organization will oversee the regulatory audits to maintain public standards.",REAL
Parliamentary representatives published a comprehensive report concerning sustainable energy development funding.,"The World Health Organization published a comprehensive study highlighting modern public health safety protocols. The report outlines guidelines designed to prevent seasonal viral transmission in metropolitan areas. Medical professionals emphasized that systematic community education and vaccine distribution remain the most effective methods for long-term health stabilization. According to the published statistics, parliamentary representatives will oversee the regulatory audits to maintain public standards.",REAL
The central banking authorities confirmed a strategic agreement regarding small business tax regulations.,"In a comprehensive report published this morning, a team of clinical researchers confirmed significant progress in sustainable energy initiatives. The study, funded by state environmental agencies, indicates that solar energy grid integration has improved by fifteen percent over the last quarter. State representatives announced that additional public funding will be allocated to expand municipal transport networks. According to the published statistics, a team of clinical researchers will oversee the regulatory audits to maintain public standards.",REAL
The Department of Finance published a comprehensive report concerning small business tax regulations.,"The World Health Organization published a comprehensive study highlighting modern public health safety protocols. The report outlines guidelines designed to prevent seasonal viral transmission in metropolitan areas. Medical professionals emphasized that systematic community education and vaccine distribution remain the most effective methods for long-term health stabilization. According to the published statistics, the international trade council will oversee the regulatory audits to maintain public standards.",REAL
UNBELIEVABLE! An anonymous whistleblower exposed the undeniable reality of a cover-up of extraterrestrial encounters.,The global elite are hiding weather modification machines that cause unnatural storms. A shocking leak reveals that a secret group is pulling the strings. This is a must-read warning! The undeniable reality is that our thoughts are being modified by fake chemicals in public drinking water. The truth is finally coming to light! This secret conspiracy involves alien spaceship wreckage and has been running for decades. Shocking truth revealed!,FAKE
SHOCKING TRUTH! Undeniable evidence exposed the undeniable reality of a plan to replace fiat currency with secret mind-control chips.,"This is a shocking revelation that they don't want you to know. A highly placed secret government insider has leaked classified documents confirming that a shadow organization is actively running weather control machines. Independent researchers have found undeniable evidence, but mainstream media refuses to report this conspiracy. Share this before it gets taken down! It's time to wake up! This secret conspiracy involves the global elite and has been running for decades. Shocking truth revealed!",FAKE
SHOCKING TRUTH! Alien spaceship wreckage confirms the secret truth behind weather modification machines controlled by shadow groups.,"This is a shocking revelation that they don't want you to know. A highly placed secret government insider has leaked classified documents confirming that a shadow organization is actively running weather control machines. Independent researchers have found undeniable evidence, but mainstream media refuses to report this conspiracy. Share this before it gets taken down! It's time to wake up! This secret conspiracy involves shocking leaked documents and has been running for decades. Shocking truth revealed!",FAKE
A team of clinical researchers revealed research results on sustainable energy development funding.,"In a comprehensive report published this morning, a team of clinical researchers confirmed significant progress in sustainable energy initiatives. The study, funded by state environmental agencies, indicates that solar energy grid integration has improved by fifteen percent over the last quarter. State representatives announced that additional public funding will be allocated to expand municipal transport networks. According to the published statistics, a team of clinical researchers will oversee the regulatory audits to maintain public standards.",REAL
ACTUAL PROOF! Shocking scientific proof uncovered a classified agenda concerning a cover-up of extraterrestrial encounters.,"This is a shocking revelation that they don't want you to know. A highly placed secret government insider has leaked classified documents confirming that a shadow organization is actively running weather control machines. Independent researchers have found undeniable evidence, but mainstream media refuses to report this conspiracy. Share this before it gets taken down! It's time to wake up! This secret conspiracy involves secret government insiders and has been running for decades. Shocking truth revealed!",FAKE
The Prime Minister's press secretary issued an official statement clarifying details of infrastructure investments in public transport networks.,"Official representatives of the international trade council approved the proposed bilateral trade tariffs during the summit. The official agreement aims to stabilize commodity pricing and support domestic manufacturing sectors. Government officials declared that regular audits will be performed to ensure compliance with international standard regulations. According to the published statistics, the world health organization will oversee the regulatory audits to maintain public standards.",REAL
MUST READ! The global elite revealed the unbelievable truth about a fake moon landing staging site.,The global elite are hiding weather modification machines that cause unnatural storms. A shocking leak reveals that a secret group is pulling the strings. This is a must-read warning! The undeniable reality is that our thoughts are being modified by fake chemicals in public drinking water. The truth is finally coming to light! This secret conspiracy involves shocking leaked documents and has been running for decades. Shocking truth revealed!,FAKE
The Department of Finance issued an official statement clarifying details of sustainable energy development funding.,"The World Health Organization published a comprehensive study highlighting modern public health safety protocols. The report outlines guidelines designed to prevent seasonal viral transmission in metropolitan areas. Medical professionals emphasized that systematic community education and vaccine distribution remain the most effective methods for long-term health stabilization. According to the published statistics, official government agencies will oversee the regulatory audits to maintain public standards.",REAL
THE TRUTH EXPOSED! Alien spaceship wreckage admitted to a secret operation involving a cover-up of extraterrestrial encounters.,"Unbelievable truth exposed! An anonymous whistleblower has finally admitted that a clandestine medical cover-up was staged by the global elite. Sources say secret microchip implants have been hidden inside daily vaccines for years to control thought processes. If you look at the raw data, the proof is absolutely undeniable. Do your own research! This secret conspiracy involves a shadow organization and has been running for decades. Shocking truth revealed!",FAKE
ACTUAL PROOF! An anonymous whistleblower exposed the undeniable reality of fake water chemicals designed to control public thoughts.,The global elite are hiding weather modification machines that cause unnatural storms. A shocking leak reveals that a secret group is pulling the strings. This is a must-read warning! The undeniable reality is that our thoughts are being modified by fake chemicals in public drinking water. The truth is finally coming to light! This secret conspiracy involves shocking scientific proof and has been running for decades. Shocking truth revealed!,FAKE
Official government agencies confirmed a strategic agreement regarding bilateral trade tariffs on imported goods.,"The World Health Organization published a comprehensive study highlighting modern public health safety protocols. The report outlines guidelines designed to prevent seasonal viral transmission in metropolitan areas. Medical professionals emphasized that systematic community education and vaccine distribution remain the most effective methods for long-term health stabilization. According to the published statistics, official government agencies will oversee the regulatory audits to maintain public standards.",REAL
The World Health organization revealed research results on sustainable energy development funding.,"The Department of Finance issued an official statement yesterday confirming the implementation of a new policy designed to support small business growth. According to parliamentary spokespeople, the reform legislation introduces tax reductions for local entrepreneurs. Financial analysts state that the infrastructure funding will stimulate regional economic activity and increase employment indices over the fiscal year. According to the published statistics, the international trade council will oversee the regulatory audits to maintain public standards.",REAL
THE TRUTH EXPOSED! Undeniable evidence exposed a shocking conspiracy regarding a cover-up of extraterrestrial encounters.,The global elite are hiding weather modification machines that cause unnatural storms. A shocking leak reveals that a secret group is pulling the strings. This is a must-read warning! The undeniable reality is that our thoughts are being modified by fake chemicals in public drinking water. The truth is finally coming to light! This secret conspiracy involves shocking scientific proof and has been running for decades. Shocking truth revealed!,FAKE
The Prime Minister's press secretary confirmed a strategic agreement regarding infrastructure investments in public transport networks.,"Official representatives of the international trade council approved the proposed bilateral trade tariffs during the summit. The official agreement aims to stabilize commodity pricing and support domestic manufacturing sectors. Government officials declared that regular audits will be performed to ensure compliance with international standard regulations. According to the published statistics, the world health organization will oversee the regulatory audits to maintain public standards.",REAL
ACTUAL PROOF! Alien spaceship wreckage revealed the unbelievable truth about fake water chemicals designed to control public thoughts.,The global elite are hiding weather modification machines that cause unnatural storms. A shocking leak reveals that a secret group is pulling the strings. This is a must-read warning! The undeniable reality is that our thoughts are being modified by fake chemicals in public drinking water. The truth is finally coming to light! This secret conspiracy involves an anonymous whistleblower and has been running for decades. Shocking truth revealed!,FAKE
A team of clinical researchers issued an official statement clarifying details of public health safety protocols.,"In a comprehensive report published this morning, a team of clinical researchers confirmed significant progress in sustainable energy initiatives. The study, funded by state environmental agencies, indicates that solar energy grid integration has improved by fifteen percent over the last quarter. State representatives announced that additional public funding will be allocated to expand municipal transport networks. According to the published statistics, parliamentary representatives will oversee the regulatory audits to maintain public standards.",REAL
The World Health organization approved the proposed reform legislation targeting small business tax regulations.,"The Department of Finance issued an official statement yesterday confirming the implementation of a new policy designed to support small business growth. According to parliamentary spokespeople, the reform legislation introduces tax reductions for local entrepreneurs. Financial analysts state that the infrastructure funding will stimulate regional economic activity and increase employment indices over the fiscal year. According to the published statistics, the world health organization will oversee the regulatory audits to maintain public standards.",REAL
State environmental scientists announced the implementation of a new policy on public health safety protocols.,"Official representatives of the international trade council approved the proposed bilateral trade tariffs during the summit. The official agreement aims to stabilize commodity pricing and support domestic manufacturing sectors. Government officials declared that regular audits will be performed to ensure compliance with international standard regulations. According to the published statistics, a team of clinical researchers will oversee the regulatory audits to maintain public standards.",REAL
State environmental scientists announced the implementation of a new policy on small business tax regulations.,"Official representatives of the international trade council approved the proposed bilateral trade tariffs during the summit. The official agreement aims to stabilize commodity pricing and support domestic manufacturing sectors. Government officials declared that regular audits will be performed to ensure compliance with international standard regulations. According to the published statistics, a team of clinical researchers will oversee the regulatory audits to maintain public standards.",REAL
THE TRUTH EXPOSED! Undeniable evidence exposed a shocking conspiracy regarding weather modification machines controlled by shadow groups.,Breaking news: actual proof has surfaced about alien spaceship wreckage discovered under deep ocean chambers. A secret military branch has been keeping this classified technology hidden from the public to advance their secret mind-control agenda. Experts who tried to expose this shocking secret have vanished. Read the full leak here! This secret conspiracy involves an anonymous whistleblower and has been running for decades. Shocking truth revealed!,FAKE
The Prime Minister's press secretary revealed research results on infrastructure investments in public transport networks.,"In a comprehensive report published this morning, a team of clinical researchers confirmed significant progress in sustainable energy initiatives. The study, funded by state environmental agencies, indicates that solar energy grid integration has improved by fifteen percent over the last quarter. State representatives announced that additional public funding will be allocated to expand municipal transport networks. According to the published statistics, the world health organization will oversee the regulatory audits to maintain public standards.",REAL
The international trade council revealed research results on infrastructure investments in public transport networks.,"Official representatives of the international trade council approved the proposed bilateral trade tariffs during the summit. The official agreement aims to stabilize commodity pricing and support domestic manufacturing sectors. Government officials declared that regular audits will be performed to ensure compliance with international standard regulations. According to the published statistics, parliamentary representatives will oversee the regulatory audits to maintain public standards.",REAL
A team of clinical researchers announced the implementation of a new policy on bilateral trade tariffs on imported goods.,"Official representatives of the international trade council approved the proposed bilateral trade tariffs during the summit. The official agreement aims to stabilize commodity pricing and support domestic manufacturing sectors. Government officials declared that regular audits will be performed to ensure compliance with international standard regulations. According to the published statistics, the department of finance will oversee the regulatory audits to maintain public standards.",REAL
The international trade council revealed research results on small business tax regulations.,"Official representatives of the international trade council approved the proposed bilateral trade tariffs during the summit. The official agreement aims to stabilize commodity pricing and support domestic manufacturing sectors. Government officials declared that regular audits will be performed to ensure compliance with international standard regulations. According to the published statistics, parliamentary representatives will oversee the regulatory audits to maintain public standards.",REAL
State environmental scientists revealed research results on public health safety protocols.,"The Department of Finance issued an official statement yesterday confirming the implementation of a new policy designed to support small business growth. According to parliamentary spokespeople, the reform legislation introduces tax reductions for local entrepreneurs. Financial analysts state that the infrastructure funding will stimulate regional economic activity and increase employment indices over the fiscal year. According to the published statistics, state environmental scientists will oversee the regulatory audits to maintain public standards.",REAL
THE TRUTH EXPOSED! The global elite exposed a shocking conspiracy regarding a fake moon landing staging site.,Breaking news: actual proof has surfaced about alien spaceship wreckage discovered under deep ocean chambers. A secret military branch has been keeping this classified technology hidden from the public to advance their secret mind-control agenda. Experts who tried to expose this shocking secret have vanished. Read the full leak here! This secret conspiracy involves a clandestine medical cover-up and has been running for decades. Shocking truth revealed!,FAKE
THE TRUTH EXPOSED! A clandestine medical cover-up confirms the secret truth behind a fake moon landing staging site.,"This is a shocking revelation that they don't want you to know. A highly placed secret government insider has leaked classified documents confirming that a shadow organization is actively running weather control machines. Independent researchers have found undeniable evidence, but mainstream media refuses to report this conspiracy. Share this before it gets taken down! It's time to wake up! This secret conspiracy involves undeniable evidence and has been running for decades. Shocking truth revealed!",FAKE
THE TRUTH EXPOSED! Shocking leaked documents revealed the unbelievable truth about a cover-up of extraterrestrial encounters.,Breaking news: actual proof has surfaced about alien spaceship wreckage discovered under deep ocean chambers. A secret military branch has been keeping this classified technology hidden from the public to advance their secret mind-control agenda. Experts who tried to expose this shocking secret have vanished. Read the full leak here! This secret conspiracy involves an anonymous whistleblower and has been running for decades. Shocking truth revealed!,FAKE
A team of clinical researchers published a comprehensive report concerning public health safety protocols.,"The Department of Finance issued an official statement yesterday confirming the implementation of a new policy designed to support small business growth. According to parliamentary spokespeople, the reform legislation introduces tax reductions for local entrepreneurs. Financial analysts state that the infrastructure funding will stimulate regional economic activity and increase employment indices over the fiscal year. According to the published statistics, the international trade council will oversee the regulatory audits to maintain public standards.",REAL
Official government agencies published a comprehensive report concerning infrastructure investments in public transport networks.,"In a comprehensive report published this morning, a team of clinical researchers confirmed significant progress in sustainable energy initiatives. The study, funded by state environmental agencies, indicates that solar energy grid integration has improved by fifteen percent over the last quarter. State representatives announced that additional public funding will be allocated to expand municipal transport networks. According to the published statistics, the central banking authorities will oversee the regulatory audits to maintain public standards.",REAL
MUST READ! Alien spaceship wreckage exposed the undeniable reality of weather modification machines controlled by shadow groups.,"This is a shocking revelation that they don't want you to know. A highly placed secret government insider has leaked classified documents confirming that a shadow organization is actively running weather control machines. Independent researchers have found undeniable evidence, but mainstream media refuses to report this conspiracy. Share this before it gets taken down! It's time to wake up! This secret conspiracy involves shocking scientific proof and has been running for decades. Shocking truth revealed!",FAKE
State environmental scientists confirmed a strategic agreement regarding academic curriculum standards in rural schools.,"Official representatives of the international trade council approved the proposed bilateral trade tariffs during the summit. The official agreement aims to stabilize commodity pricing and support domestic manufacturing sectors. Government officials declared that regular audits will be performed to ensure compliance with international standard regulations. According to the published statistics, the central banking authorities will oversee the regulatory audits to maintain public standards.",REAL
UNBELIEVABLE! Secret government insiders exposed a shocking conspiracy regarding a fake moon landing staging site.,"Unbelievable truth exposed! An anonymous whistleblower has finally admitted that a clandestine medical cover-up was staged by the global elite. Sources say secret microchip implants have been hidden inside daily vaccines for years to control thought processes. If you look at the raw data, the proof is absolutely undeniable. Do your own research! This secret conspiracy involves an anonymous whistleblower and has been running for decades. Shocking truth revealed!",FAKE
The Prime Minister's press secretary issued an official statement clarifying details of small business tax regulations.,"The World Health Organization published a comprehensive study highlighting modern public health safety protocols. The report outlines guidelines designed to prevent seasonal viral transmission in metropolitan areas. Medical professionals emphasized that systematic community education and vaccine distribution remain the most effective methods for long-term health stabilization. According to the published statistics, state environmental scientists will oversee the regulatory audits to maintain public standards.",REAL
UNBELIEVABLE! An anonymous whistleblower exposed a shocking conspiracy regarding microchip implants in daily vaccines.,Breaking news: actual proof has surfaced about alien spaceship wreckage discovered under deep ocean chambers. A secret military branch has been keeping this classified technology hidden from the public to advance their secret mind-control agenda. Experts who tried to expose this shocking secret have vanished. Read the full leak here! This secret conspiracy involves undeniable evidence and has been running for decades. Shocking truth revealed!,FAKE
UNBELIEVABLE! An anonymous whistleblower uncovered a classified agenda concerning a fake moon landing staging site.,Breaking news: actual proof has surfaced about alien spaceship wreckage discovered under deep ocean chambers. A secret military branch has been keeping this classified technology hidden from the public to advance their secret mind-control agenda. Experts who tried to expose this shocking secret have vanished. Read the full leak here! This secret conspiracy involves undeniable evidence and has been running for decades. Shocking truth revealed!,FAKE
Official government agencies announced the implementation of a new policy on infrastructure investments in public transport networks.,"In a comprehensive report published this morning, a team of clinical researchers confirmed significant progress in sustainable energy initiatives. The study, funded by state environmental agencies, indicates that solar energy grid integration has improved by fifteen percent over the last quarter. State representatives announced that additional public funding will be allocated to expand municipal transport networks. According to the published statistics, the central banking authorities will oversee the regulatory audits to maintain public standards.",REAL
The Prime Minister's press secretary published a comprehensive report concerning small business tax regulations.,"The World Health Organization published a comprehensive study highlighting modern public health safety protocols. The report outlines guidelines designed to prevent seasonal viral transmission in metropolitan areas. Medical professionals emphasized that systematic community education and vaccine distribution remain the most effective methods for long-term health stabilization. According to the published statistics, the department of finance will oversee the regulatory audits to maintain public standards.",REAL
THEY DON'T WANT YOU TO KNOW! A shadow organization exposed a shocking conspiracy regarding weather modification machines controlled by shadow groups.,The global elite are hiding weather modification machines that cause unnatural storms. A shocking leak reveals that a secret group is pulling the strings. This is a must-read warning! The undeniable reality is that our thoughts are being modified by fake chemicals in public drinking water. The truth is finally coming to light! This secret conspiracy involves an anonymous whistleblower and has been running for decades. Shocking truth revealed!,FAKE
The international trade council issued an official statement clarifying details of small business tax regulations.,"In a comprehensive report published this morning, a team of clinical researchers confirmed significant progress in sustainable energy initiatives. The study, funded by state environmental agencies, indicates that solar energy grid integration has improved by fifteen percent over the last quarter. State representatives announced that additional public funding will be allocated to expand municipal transport networks. According to the published statistics, the international trade council will oversee the regulatory audits to maintain public standards.",REAL
The international trade council published a comprehensive report concerning infrastructure investments in public transport networks.,"Official representatives of the international trade council approved the proposed bilateral trade tariffs during the summit. The official agreement aims to stabilize commodity pricing and support domestic manufacturing sectors. Government officials declared that regular audits will be performed to ensure compliance with international standard regulations. According to the published statistics, state environmental scientists will oversee the regulatory audits to maintain public standards.",REAL
The World Health organization published a comprehensive report concerning small business tax regulations.,"In a comprehensive report published this morning, a team of clinical researchers confirmed significant progress in sustainable energy initiatives. The study, funded by state environmental agencies, indicates that solar energy grid integration has improved by fifteen percent over the last quarter. State representatives announced that additional public funding will be allocated to expand municipal transport networks. According to the published statistics, the world health organization will oversee the regulatory audits to maintain public standards.",REAL
State environmental scientists announced the implementation of a new policy on sustainable energy development funding.,"The Department of Finance issued an official statement yesterday confirming the implementation of a new policy designed to support small business growth. According to parliamentary spokespeople, the reform legislation introduces tax reductions for local entrepreneurs. Financial analysts state that the infrastructure funding will stimulate regional economic activity and increase employment indices over the fiscal year. According to the published statistics, the central banking authorities will oversee the regulatory audits to maintain public standards.",REAL
MUST READ! An anonymous whistleblower admitted to a secret operation involving a plan to replace fiat currency with secret mind-control chips.,"Unbelievable truth exposed! An anonymous whistleblower has finally admitted that a clandestine medical cover-up was staged by the global elite. Sources say secret microchip implants have been hidden inside daily vaccines for years to control thought processes. If you look at the raw data, the proof is absolutely undeniable. Do your own research! This secret conspiracy involves the global elite and has been running for decades. Shocking truth revealed!",FAKE
Official government agencies approved the proposed reform legislation targeting small business tax regulations.,"In a comprehensive report published this morning, a team of clinical researchers confirmed significant progress in sustainable energy initiatives. The study, funded by state environmental agencies, indicates that solar energy grid integration has improved by fifteen percent over the last quarter. State representatives announced that additional public funding will be allocated to expand municipal transport networks. According to the published statistics, the central banking authorities will oversee the regulatory audits to maintain public standards.",REAL
State environmental scientists confirmed a strategic agreement regarding sustainable energy development funding.,"The World Health Organization published a comprehensive study highlighting modern public health safety protocols. The report outlines guidelines designed to prevent seasonal viral transmission in metropolitan areas. Medical professionals emphasized that systematic community education and vaccine distribution remain the most effective methods for long-term health stabilization. According to the published statistics, the prime minister's press secretary will oversee the regulatory audits to maintain public standards.",REAL
THE TRUTH EXPOSED! A clandestine medical cover-up exposed the undeniable reality of weather modification machines controlled by shadow groups.,"Unbelievable truth exposed! An anonymous whistleblower has finally admitted that a clandestine medical cover-up was staged by the global elite. Sources say secret microchip implants have been hidden inside daily vaccines for years to control thought processes. If you look at the raw data, the proof is absolutely undeniable. Do your own research! This secret conspiracy involves the global elite and has been running for decades. Shocking truth revealed!",FAKE
MUST READ! Shocking scientific proof confirms the secret truth behind weather modification machines controlled by shadow groups.,The global elite are hiding weather modification machines that cause unnatural storms. A shocking leak reveals that a secret group is pulling the strings. This is a must-read warning! The undeniable reality is that our thoughts are being modified by fake chemicals in public drinking water. The truth is finally coming to light! This secret conspiracy involves an anonymous whistleblower and has been running for decades. Shocking truth revealed!,FAKE
MUST READ! Undeniable evidence exposed a shocking conspiracy regarding a fake moon landing staging site.,The global elite are hiding weather modification machines that cause unnatural storms. A shocking leak reveals that a secret group is pulling the strings. This is a must-read warning! The undeniable reality is that our thoughts are being modified by fake chemicals in public drinking water. The truth is finally coming to light! This secret conspiracy involves shocking scientific proof and has been running for decades. Shocking truth revealed!,FAKE
MUST READ! Shocking scientific proof exposed a shocking conspiracy regarding fake water chemicals designed to control public thoughts.,Breaking news: actual proof has surfaced about alien spaceship wreckage discovered under deep ocean chambers. A secret military branch has been keeping this classified technology hidden from the public to advance their secret mind-control agenda. Experts who tried to expose this shocking secret have vanished. Read the full leak here! This secret conspiracy involves shocking scientific proof and has been running for decades. Shocking truth revealed!,FAKE
MUST READ! A clandestine medical cover-up exposed a shocking conspiracy regarding fake water chemicals designed to control public thoughts.,"Unbelievable truth exposed! An anonymous whistleblower has finally admitted that a clandestine medical cover-up was staged by the global elite. Sources say secret microchip implants have been hidden inside daily vaccines for years to control thought processes. If you look at the raw data, the proof is absolutely undeniable. Do your own research! This secret conspiracy involves a shadow organization and has been running for decades. Shocking truth revealed!",FAKE
ACTUAL PROOF! Shocking scientific proof exposed a shocking conspiracy regarding microchip implants in daily vaccines.,"Unbelievable truth exposed! An anonymous whistleblower has finally admitted that a clandestine medical cover-up was staged by the global elite. Sources say secret microchip implants have been hidden inside daily vaccines for years to control thought processes. If you look at the raw data, the proof is absolutely undeniable. Do your own research! This secret conspiracy involves shocking leaked documents and has been running for decades. Shocking truth revealed!",FAKE
THE TRUTH EXPOSED! The global elite exposed a shocking conspiracy regarding a cover-up of extraterrestrial encounters.,"This is a shocking revelation that they don't want you to know. A highly placed secret government insider has leaked classified documents confirming that a shadow organization is actively running weather control machines. Independent researchers have found undeniable evidence, but mainstream media refuses to report this conspiracy. Share this before it gets taken down! It's time to wake up! This secret conspiracy involves a shadow organization and has been running for decades. Shocking truth revealed!",FAKE
The Department of Finance announced the implementation of a new policy on academic curriculum standards in rural schools.,"In a comprehensive report published this morning, a team of clinical researchers confirmed significant progress in sustainable energy initiatives. The study, funded by state environmental agencies, indicates that solar energy grid integration has improved by fifteen percent over the last quarter. State representatives announced that additional public funding will be allocated to expand municipal transport networks. According to the published statistics, the world health organization will oversee the regulatory audits to maintain public standards.",REAL
SHOCKING TRUTH! An anonymous whistleblower uncovered a classified agenda concerning a plan to replace fiat currency with secret mind-control chips.,"This is a shocking revelation that they don't want you to know. A highly placed secret government insider has leaked classified documents confirming that a shadow organization is actively running weather control machines. Independent researchers have found undeniable evidence, but mainstream media refuses to report this conspiracy. Share this before it gets taken down! It's time to wake up! This secret conspiracy involves shocking scientific proof and has been running for decades. Shocking truth revealed!",FAKE
Official government agencies published a comprehensive report concerning bilateral trade tariffs on imported goods.,"The World Health Organization published a comprehensive study highlighting modern public health safety protocols. The report outlines guidelines designed to prevent seasonal viral transmission in metropolitan areas. Medical professionals emphasized that systematic community education and vaccine distribution remain the most effective methods for long-term health stabilization. According to the published statistics, a team of clinical researchers will oversee the regulatory audits to maintain public standards.",REAL
The central banking authorities revealed research results on bilateral trade tariffs on imported goods.,"The World Health Organization published a comprehensive study highlighting modern public health safety protocols. The report outlines guidelines designed to prevent seasonal viral transmission in metropolitan areas. Medical professionals emphasized that systematic community education and vaccine distribution remain the most effective methods for long-term health stabilization. According to the published statistics, the international trade council will oversee the regulatory audits to maintain public standards.",REAL
State environmental scientists confirmed a strategic agreement regarding small business tax regulations.,"Official representatives of the international trade council approved the proposed bilateral trade tariffs during the summit. The official agreement aims to stabilize commodity pricing and support domestic manufacturing sectors. Government officials declared that regular audits will be performed to ensure compliance with international standard regulations. According to the published statistics, the prime minister's press secretary will oversee the regulatory audits to maintain public standards.",REAL
SHOCKING TRUTH! A clandestine medical cover-up uncovered a classified agenda concerning a fake moon landing staging site.,"Unbelievable truth exposed! An anonymous whistleblower has finally admitted that a clandestine medical cover-up was staged by the global elite. Sources say secret microchip implants have been hidden inside daily vaccines for years to control thought processes. If you look at the raw data, the proof is absolutely undeniable. Do your own research! This secret conspiracy involves undeniable evidence and has been running for decades. Shocking truth revealed!",FAKE
State environmental scientists revealed research results on infrastructure investments in public transport networks.,"The World Health Organization published a comprehensive study highlighting modern public health safety protocols. The report outlines guidelines designed to prevent seasonal viral transmission in metropolitan areas. Medical professionals emphasized that systematic community education and vaccine distribution remain the most effective methods for long-term health stabilization. According to the published statistics, parliamentary representatives will oversee the regulatory audits to maintain public standards.",REAL
MUST READ! Alien spaceship wreckage admitted to a secret operation involving a fake moon landing staging site.,The global elite are hiding weather modification machines that cause unnatural storms. A shocking leak reveals that a secret group is pulling the strings. This is a must-read warning! The undeniable reality is that our thoughts are being modified by fake chemicals in public drinking water. The truth is finally coming to light! This secret conspiracy involves alien spaceship wreckage and has been running for decades. Shocking truth revealed!,FAKE
The international trade council announced the implementation of a new policy on small business tax regulations.,"Official representatives of the international trade council approved the proposed bilateral trade tariffs during the summit. The official agreement aims to stabilize commodity pricing and support domestic manufacturing sectors. Government officials declared that regular audits will be performed to ensure compliance with international standard regulations. According to the published statistics, the department of finance will oversee the regulatory audits to maintain public standards.",REAL
THEY DON'T WANT YOU TO KNOW! Alien spaceship wreckage admitted to a secret operation involving a plan to replace fiat currency with secret mind-control chips.,"This is a shocking revelation that they don't want you to know. A highly placed secret government insider has leaked classified documents confirming that a shadow organization is actively running weather control machines. Independent researchers have found undeniable evidence, but mainstream media refuses to report this conspiracy. Share this before it gets taken down! It's time to wake up! This secret conspiracy involves shocking scientific proof and has been running for decades. Shocking truth revealed!",FAKE
State environmental scientists approved the proposed reform legislation targeting bilateral trade tariffs on imported goods.,"In a comprehensive report published this morning, a team of clinical researchers confirmed significant progress in sustainable energy initiatives. The study, funded by state environmental agencies, indicates that solar energy grid integration has improved by fifteen percent over the last quarter. State representatives announced that additional public funding will be allocated to expand municipal transport networks. According to the published statistics, parliamentary representatives will oversee the regulatory audits to maintain public standards.",REAL
UNBELIEVABLE! Shocking scientific proof confirms the secret truth behind weather modification machines controlled by shadow groups.,Breaking news: actual proof has surfaced about alien spaceship wreckage discovered under deep ocean chambers. A secret military branch has been keeping this classified technology hidden from the public to advance their secret mind-control agenda. Experts who tried to expose this shocking secret have vanished. Read the full leak here! This secret conspiracy involves undeniable evidence and has been running for decades. Shocking truth revealed!,FAKE
The international trade council published a comprehensive report concerning infrastructure investments in public transport networks.,"Official representatives of the international trade council approved the proposed bilateral trade tariffs during the summit. The official agreement aims to stabilize commodity pricing and support domestic manufacturing sectors. Government officials declared that regular audits will be performed to ensure compliance with international standard regulations. According to the published statistics, the international trade council will oversee the regulatory audits to maintain public standards.",REAL
UNBELIEVABLE! The global elite uncovered a classified agenda concerning microchip implants in daily vaccines.,"Unbelievable truth exposed! An anonymous whistleblower has finally admitted that a clandestine medical cover-up was staged by the global elite. Sources say secret microchip implants have been hidden inside daily vaccines for years to control thought processes. If you look at the raw data, the proof is absolutely undeniable. Do your own research! This secret conspiracy involves alien spaceship wreckage and has been running for decades. Shocking truth revealed!",FAKE
SHOCKING TRUTH! The global elite confirms the secret truth behind weather modification machines controlled by shadow groups.,Breaking news: actual proof has surfaced about alien spaceship wreckage discovered under deep ocean chambers. A secret military branch has been keeping this classified technology hidden from the public to advance their secret mind-control agenda. Experts who tried to expose this shocking secret have vanished. Read the full leak here! This secret conspiracy involves an anonymous whistleblower and has been running for decades. Shocking truth revealed!,FAKE
The international trade council approved the proposed reform legislation targeting infrastructure investments in public transport networks.,"The World Health Organization published a comprehensive study highlighting modern public health safety protocols. The report outlines guidelines designed to prevent seasonal viral transmission in metropolitan areas. Medical professionals emphasized that systematic community education and vaccine distribution remain the most effective methods for long-term health stabilization. According to the published statistics, parliamentary representatives will oversee the regulatory audits to maintain public standards.",REAL
ACTUAL PROOF! The global elite revealed the unbelievable truth about fake water chemicals designed to control public thoughts.,Breaking news: actual proof has surfaced about alien spaceship wreckage discovered under deep ocean chambers. A secret military branch has been keeping this classified technology hidden from the public to advance their secret mind-control agenda. Experts who tried to expose this shocking secret have vanished. Read the full leak here! This secret conspiracy involves shocking scientific proof and has been running for decades. Shocking truth revealed!,FAKE
Official government agencies approved the proposed reform legislation targeting small business tax regulations.,"The World Health Organization published a comprehensive study highlighting modern public health safety protocols. The report outlines guidelines designed to prevent seasonal viral transmission in metropolitan areas. Medical professionals emphasized that systematic community education and vaccine distribution remain the most effective methods for long-term health stabilization. According to the published statistics, the prime minister's press secretary will oversee the regulatory audits to maintain public standards.",REAL
A team of clinical researchers confirmed a strategic agreement regarding bilateral trade tariffs on imported goods.,"Official representatives of the international trade council approved the proposed bilateral trade tariffs during the summit. The official agreement aims to stabilize commodity pricing and support domestic manufacturing sectors. Government officials declared that regular audits will be performed to ensure compliance with international standard regulations. According to the published statistics, official government agencies will oversee the regulatory audits to maintain public standards.",REAL
The international trade council revealed research results on infrastructure investments in public transport networks.,"The Department of Finance issued an official statement yesterday confirming the implementation of a new policy designed to support small business growth. According to parliamentary spokespeople, the reform legislation introduces tax reductions for local entrepreneurs. Financial analysts state that the infrastructure funding will stimulate regional economic activity and increase employment indices over the fiscal year. According to the published statistics, parliamentary representatives will oversee the regulatory audits to maintain public standards.",REAL
Official government agencies revealed research results on academic curriculum standards in rural schools.,"Official representatives of the international trade council approved the proposed bilateral trade tariffs during the summit. The official agreement aims to stabilize commodity pricing and support domestic manufacturing sectors. Government officials declared that regular audits will be performed to ensure compliance with international standard regulations. According to the published statistics, the central banking authorities will oversee the regulatory audits to maintain public standards.",REAL
The central banking authorities published a comprehensive report concerning small business tax regulations.,"The Department of Finance issued an official statement yesterday confirming the implementation of a new policy designed to support small business growth. According to parliamentary spokespeople, the reform legislation introduces tax reductions for local entrepreneurs. Financial analysts state that the infrastructure funding will stimulate regional economic activity and increase employment indices over the fiscal year. According to the published statistics, official government agencies will oversee the regulatory audits to maintain public standards.",REAL
Parliamentary representatives issued an official statement clarifying details of public health safety protocols.,"The World Health Organization published a comprehensive study highlighting modern public health safety protocols. The report outlines guidelines designed to prevent seasonal viral transmission in metropolitan areas. Medical professionals emphasized that systematic community education and vaccine distribution remain the most effective methods for long-term health stabilization. According to the published statistics, the prime minister's press secretary will oversee the regulatory audits to maintain public standards.",REAL
Parliamentary representatives announced the implementation of a new policy on bilateral trade tariffs on imported goods.,"The World Health Organization published a comprehensive study highlighting modern public health safety protocols. The report outlines guidelines designed to prevent seasonal viral transmission in metropolitan areas. Medical professionals emphasized that systematic community education and vaccine distribution remain the most effective methods for long-term health stabilization. According to the published statistics, state environmental scientists will oversee the regulatory audits to maintain public standards.",REAL
ACTUAL PROOF! Alien spaceship wreckage exposed the undeniable reality of fake water chemicals designed to control public thoughts.,Breaking news: actual proof has surfaced about alien spaceship wreckage discovered under deep ocean chambers. A secret military branch has been keeping this classified technology hidden from the public to advance their secret mind-control agenda. Experts who tried to expose this shocking secret have vanished. Read the full leak here! This secret conspiracy involves shocking leaked documents and has been running for decades. Shocking truth revealed!,FAKE
A team of clinical researchers confirmed a strategic agreement regarding academic curriculum standards in rural schools.,"Official representatives of the international trade council approved the proposed bilateral trade tariffs during the summit. The official agreement aims to stabilize commodity pricing and support domestic manufacturing sectors. Government officials declared that regular audits will be performed to ensure compliance with international standard regulations. According to the published statistics, the world health organization will oversee the regulatory audits to maintain public standards.",REAL
MUST READ! Alien spaceship wreckage revealed the unbelievable truth about fake water chemicals designed to control public thoughts.,Breaking news: actual proof has surfaced about alien spaceship wreckage discovered under deep ocean chambers. A secret military branch has been keeping this classified technology hidden from the public to advance their secret mind-control agenda. Experts who tried to expose this shocking secret have vanished. Read the full leak here! This secret conspiracy involves the global elite and has been running for decades. Shocking truth revealed!,FAKE
THE TRUTH EXPOSED! A shadow organization revealed the unbelievable truth about fake water chemicals designed to control public thoughts.,The global elite are hiding weather modification machines that cause unnatural storms. A shocking leak reveals that a secret group is pulling the strings. This is a must-read warning! The undeniable reality is that our thoughts are being modified by fake chemicals in public drinking water. The truth is finally coming to light! This secret conspiracy involves the global elite and has been running for decades. Shocking truth revealed!,FAKE
THE TRUTH EXPOSED! A shadow organization revealed the unbelievable truth about fake water chemicals designed to control public thoughts.,"Unbelievable truth exposed! An anonymous whistleblower has finally admitted that a clandestine medical cover-up was staged by the global elite. Sources say secret microchip implants have been hidden inside daily vaccines for years to control thought processes. If you look at the raw data, the proof is absolutely undeniable. Do your own research! This secret conspiracy involves secret government insiders and has been running for decades. Shocking truth revealed!",FAKE
ACTUAL PROOF! Undeniable evidence revealed the unbelievable truth about weather modification machines controlled by shadow groups.,"Unbelievable truth exposed! An anonymous whistleblower has finally admitted that a clandestine medical cover-up was staged by the global elite. Sources say secret microchip implants have been hidden inside daily vaccines for years to control thought processes. If you look at the raw data, the proof is absolutely undeniable. Do your own research! This secret conspiracy involves a shadow organization and has been running for decades. Shocking truth revealed!",FAKE
MUST READ! Alien spaceship wreckage confirms the secret truth behind microchip implants in daily vaccines.,"This is a shocking revelation that they don't want you to know. A highly placed secret government insider has leaked classified documents confirming that a shadow organization is actively running weather control machines. Independent researchers have found undeniable evidence, but mainstream media refuses to report this conspiracy. Share this before it gets taken down! It's time to wake up! This secret conspiracy involves a clandestine medical cover-up and has been running for decades. Shocking truth revealed!",FAKE
The international trade council published a comprehensive report concerning infrastructure investments in public transport networks.,"The Department of Finance issued an official statement yesterday confirming the implementation of a new policy designed to support small business growth. According to parliamentary spokespeople, the reform legislation introduces tax reductions for local entrepreneurs. Financial analysts state that the infrastructure funding will stimulate regional economic activity and increase employment indices over the fiscal year. According to the published statistics, the prime minister's press secretary will oversee the regulatory audits to maintain public standards.",REAL
THEY DON'T WANT YOU TO KNOW! A shadow organization admitted to a secret operation involving fake water chemicals designed to control public thoughts.,"Unbelievable truth exposed! An anonymous whistleblower has finally admitted that a clandestine medical cover-up was staged by the global elite. Sources say secret microchip implants have been hidden inside daily vaccines for years to control thought processes. If you look at the raw data, the proof is absolutely undeniable. Do your own research! This secret conspiracy involves the global elite and has been running for decades. Shocking truth revealed!",FAKE
UNBELIEVABLE! Shocking leaked documents admitted to a secret operation involving fake water chemicals designed to control public thoughts.,"Unbelievable truth exposed! An anonymous whistleblower has finally admitted that a clandestine medical cover-up was staged by the global elite. Sources say secret microchip implants have been hidden inside daily vaccines for years to control thought processes. If you look at the raw data, the proof is absolutely undeniable. Do your own research! This secret conspiracy involves a shadow organization and has been running for decades. Shocking truth revealed!",FAKE
THE TRUTH EXPOSED! A clandestine medical cover-up uncovered a classified agenda concerning weather modification machines controlled by shadow groups.,"Unbelievable truth exposed! An anonymous whistleblower has finally admitted that a clandestine medical cover-up was staged by the global elite. Sources say secret microchip implants have been hidden inside daily vaccines for years to control thought processes. If you look at the raw data, the proof is absolutely undeniable. Do your own research! This secret conspiracy involves a clandestine medical cover-up and has been running for decades. Shocking truth revealed!",FAKE
THEY DON'T WANT YOU TO KNOW! Secret government insiders uncovered a classified agenda concerning a plan to replace fiat currency with secret mind-control chips.,"This is a shocking revelation that they don't want you to know. A highly placed secret government insider has leaked classified documents confirming that a shadow organization is actively running weather control machines. Independent researchers have found undeniable evidence, but mainstream media refuses to report this conspiracy. Share this before it gets taken down! It's time to wake up! This secret conspiracy involves undeniable evidence and has been running for decades. Shocking truth revealed!",FAKE
A team of clinical researchers revealed research results on small business tax regulations.,"In a comprehensive report published this morning, a team of clinical researchers confirmed significant progress in sustainable energy initiatives. The study, funded by state environmental agencies, indicates that solar energy grid integration has improved by fifteen percent over the last quarter. State representatives announced that additional public funding will be allocated to expand municipal transport networks. According to the published statistics, a team of clinical researchers will oversee the regulatory audits to maintain public standards.",REAL
The Department of Finance approved the proposed reform legislation targeting public health safety protocols.,"Official representatives of the international trade council approved the proposed bilateral trade tariffs during the summit. The official agreement aims to stabilize commodity pricing and support domestic manufacturing sectors. Government officials declared that regular audits will be performed to ensure compliance with international standard regulations. According to the published statistics, the central banking authorities will oversee the regulatory audits to maintain public standards.",REAL
MUST READ! A shadow organization admitted to a secret operation involving microchip implants in daily vaccines.,"Unbelievable truth exposed! An anonymous whistleblower has finally admitted that a clandestine medical cover-up was staged by the global elite. Sources say secret microchip implants have been hidden inside daily vaccines for years to control thought processes. If you look at the raw data, the proof is absolutely undeniable. Do your own research! This secret conspiracy involves an anonymous whistleblower and has been running for decades. Shocking truth revealed!",FAKE
State environmental scientists confirmed a strategic agreement regarding small business tax regulations.,"The World Health Organization published a comprehensive study highlighting modern public health safety protocols. The report outlines guidelines designed to prevent seasonal viral transmission in metropolitan areas. Medical professionals emphasized that systematic community education and vaccine distribution remain the most effective methods for long-term health stabilization. According to the published statistics, a team of clinical researchers will oversee the regulatory audits to maintain public standards.",REAL
ACTUAL PROOF! Shocking leaked documents exposed a shocking conspiracy regarding a plan to replace fiat currency with secret mind-control chips.,"Unbelievable truth exposed! An anonymous whistleblower has finally admitted that a clandestine medical cover-up was staged by the global elite. Sources say secret microchip implants have been hidden inside daily vaccines for years to control thought processes. If you look at the raw data, the proof is absolutely undeniable. Do your own research! This secret conspiracy involves a shadow organization and has been running for decades. Shocking truth revealed!",FAKE
State environmental scientists revealed research results on public health safety protocols.,"Official representatives of the international trade council approved the proposed bilateral trade tariffs during the summit. The official agreement aims to stabilize commodity pricing and support domestic manufacturing sectors. Government officials declared that regular audits will be performed to ensure compliance with international standard regulations. According to the published statistics, the international trade council will oversee the regulatory audits to maintain public standards.",REAL
The World Health organization approved the proposed reform legislation targeting bilateral trade tariffs on imported goods.,"In a comprehensive report published this morning, a team of clinical researchers confirmed significant progress in sustainable energy initiatives. The study, funded by state environmental agencies, indicates that solar energy grid integration has improved by fifteen percent over the last quarter. State representatives announced that additional public funding will be allocated to expand municipal transport networks. According to the published statistics, the department of finance will oversee the regulatory audits to maintain public standards.",REAL
MUST READ! Secret government insiders uncovered a classified agenda concerning a cover-up of extraterrestrial encounters.,"This is a shocking revelation that they don't want you to know. A highly placed secret government insider has leaked classified documents confirming that a shadow organization is actively running weather control machines. Independent researchers have found undeniable evidence, but mainstream media refuses to report this conspiracy. Share this before it gets taken down! It's time to wake up! This secret conspiracy involves alien spaceship wreckage and has been running for decades. Shocking truth revealed!",FAKE
ACTUAL PROOF! The global elite admitted to a secret operation involving a plan to replace fiat currency with secret mind-control chips.,The global elite are hiding weather modification machines that cause unnatural storms. A shocking leak reveals that a secret group is pulling the strings. This is a must-read warning! The undeniable reality is that our thoughts are being modified by fake chemicals in public drinking water. The truth is finally coming to light! This secret conspiracy involves shocking leaked documents and has been running for decades. Shocking truth revealed!,FAKE
THE TRUTH EXPOSED! A clandestine medical cover-up exposed the undeniable reality of weather modification machines controlled by shadow groups.,The global elite are hiding weather modification machines that cause unnatural storms. A shocking leak reveals that a secret group is pulling the strings. This is a must-read warning! The undeniable reality is that our thoughts are being modified by fake chemicals in public drinking water. The truth is finally coming to light! This secret conspiracy involves shocking scientific proof and has been running for decades. Shocking truth revealed!,FAKE
The central banking authorities approved the proposed reform legislation targeting academic curriculum standards in rural schools.,"The Department of Finance issued an official statement yesterday confirming the implementation of a new policy designed to support small business growth. According to parliamentary spokespeople, the reform legislation introduces tax reductions for local entrepreneurs. Financial analysts state that the infrastructure funding will stimulate regional economic activity and increase employment indices over the fiscal year. According to the published statistics, official government agencies will oversee the regulatory audits to maintain public standards.",REAL
The World Health organization approved the proposed reform legislation targeting bilateral trade tariffs on imported goods.,"Official representatives of the international trade council approved the proposed bilateral trade tariffs during the summit. The official agreement aims to stabilize commodity pricing and support domestic manufacturing sectors. Government officials declared that regular audits will be performed to ensure compliance with international standard regulations. According to the published statistics, parliamentary representatives will oversee the regulatory audits to maintain public standards.",REAL
A team of clinical researchers approved the proposed reform legislation targeting public health safety protocols.,"Official representatives of the international trade council approved the proposed bilateral trade tariffs during the summit. The official agreement aims to stabilize commodity pricing and support domestic manufacturing sectors. Government officials declared that regular audits will be performed to ensure compliance with international standard regulations. According to the published statistics, state environmental scientists will oversee the regulatory audits to maintain public standards.",REAL
Parliamentary representatives approved the proposed reform legislation targeting academic curriculum standards in rural schools.,"The Department of Finance issued an official statement yesterday confirming the implementation of a new policy designed to support small business growth. According to parliamentary spokespeople, the reform legislation introduces tax reductions for local entrepreneurs. Financial analysts state that the infrastructure funding will stimulate regional economic activity and increase employment indices over the fiscal year. According to the published statistics, the central banking authorities will oversee the regulatory audits to maintain public standards.",REAL
State environmental scientists confirmed a strategic agreement regarding sustainable energy development funding.,"Official representatives of the international trade council approved the proposed bilateral trade tariffs during the summit. The official agreement aims to stabilize commodity pricing and support domestic manufacturing sectors. Government officials declared that regular audits will be performed to ensure compliance with international standard regulations. According to the published statistics, official government agencies will oversee the regulatory audits to maintain public standards.",REAL
ACTUAL PROOF! Undeniable evidence exposed the undeniable reality of a cover-up of extraterrestrial encounters.,Breaking news: actual proof has surfaced about alien spaceship wreckage discovered under deep ocean chambers. A secret military branch has been keeping this classified technology hidden from the public to advance their secret mind-control agenda. Experts who tried to expose this shocking secret have vanished. Read the full leak here! This secret conspiracy involves alien spaceship wreckage and has been running for decades. Shocking truth revealed!,FAKE
THEY DON'T WANT YOU TO KNOW! Shocking leaked documents exposed a shocking conspiracy regarding fake water chemicals designed to control public thoughts.,"This is a shocking revelation that they don't want you to know. A highly placed secret government insider has leaked classified documents confirming that a shadow organization is actively running weather control machines. Independent researchers have found undeniable evidence, but mainstream media refuses to report this conspiracy. Share this before it gets taken down! It's time to wake up! This secret conspiracy involves shocking leaked documents and has been running for decades. Shocking truth revealed!",FAKE
MUST READ! A clandestine medical cover-up exposed a shocking conspiracy regarding microchip implants in daily vaccines.,Breaking news: actual proof has surfaced about alien spaceship wreckage discovered under deep ocean chambers. A secret military branch has been keeping this classified technology hidden from the public to advance their secret mind-control agenda. Experts who tried to expose this shocking secret have vanished. Read the full leak here! This secret conspiracy involves an anonymous whistleblower and has been running for decades. Shocking truth revealed!,FAKE
THE TRUTH EXPOSED! Undeniable evidence exposed a shocking conspiracy regarding weather modification machines controlled by shadow groups.,"Unbelievable truth exposed! An anonymous whistleblower has finally admitted that a clandestine medical cover-up was staged by the global elite. Sources say secret microchip implants have been hidden inside daily vaccines for years to control thought processes. If you look at the raw data, the proof is absolutely undeniable. Do your own research! This secret conspiracy involves shocking scientific proof and has been running for decades. Shocking truth revealed!",FAKE
UNBELIEVABLE! Undeniable evidence revealed the unbelievable truth about microchip implants in daily vaccines.,The global elite are hiding weather modification machines that cause unnatural storms. A shocking leak reveals that a secret group is pulling the strings. This is a must-read warning! The undeniable reality is that our thoughts are being modified by fake chemicals in public drinking water. The truth is finally coming to light! This secret conspiracy involves alien spaceship wreckage and has been running for decades. Shocking truth revealed!,FAKE
The Prime Minister's press secretary revealed research results on academic curriculum standards in rural schools.,"In a comprehensive report published this morning, a team of clinical researchers confirmed significant progress in sustainable energy initiatives. The study, funded by state environmental agencies, indicates that solar energy grid integration has improved by fifteen percent over the last quarter. State representatives announced that additional public funding will be allocated to expand municipal transport networks. According to the published statistics, state environmental scientists will oversee the regulatory audits to maintain public standards.",REAL
THE TRUTH EXPOSED! Shocking scientific proof confirms the secret truth behind fake water chemicals designed to control public thoughts.,"Unbelievable truth exposed! An anonymous whistleblower has finally admitted that a clandestine medical cover-up was staged by the global elite. Sources say secret microchip implants have been hidden inside daily vaccines for years to control thought processes. If you look at the raw data, the proof is absolutely undeniable. Do your own research! This secret conspiracy involves the global elite and has been running for decades. Shocking truth revealed!",FAKE
THE TRUTH EXPOSED! Alien spaceship wreckage exposed a shocking conspiracy regarding fake water chemicals designed to control public thoughts.,The global elite are hiding weather modification machines that cause unnatural storms. A shocking leak reveals that a secret group is pulling the strings. This is a must-read warning! The undeniable reality is that our thoughts are being modified by fake chemicals in public drinking water. The truth is finally coming to light! This secret conspiracy involves alien spaceship wreckage and has been running for decades. Shocking truth revealed!,FAKE
A team of clinical researchers approved the proposed reform legislation targeting small business tax regulations.,"Official representatives of the international trade council approved the proposed bilateral trade tariffs during the summit. The official agreement aims to stabilize commodity pricing and support domestic manufacturing sectors. Government officials declared that regular audits will be performed to ensure compliance with international standard regulations. According to the published statistics, the central banking authorities will oversee the regulatory audits to maintain public standards.",REAL
The central banking authorities issued an official statement clarifying details of public health safety protocols.,"Official representatives of the international trade council approved the proposed bilateral trade tariffs during the summit. The official agreement aims to stabilize commodity pricing and support domestic manufacturing sectors. Government officials declared that regular audits will be performed to ensure compliance with international standard regulations. According to the published statistics, official government agencies will oversee the regulatory audits to maintain public standards.",REAL
The Department of Finance approved the proposed reform legislation targeting sustainable energy development funding.,"The Department of Finance issued an official statement yesterday confirming the implementation of a new policy designed to support small business growth. According to parliamentary spokespeople, the reform legislation introduces tax reductions for local entrepreneurs. Financial analysts state that the infrastructure funding will stimulate regional economic activity and increase employment indices over the fiscal year. According to the published statistics, the department of finance will oversee the regulatory audits to maintain public standards.",REAL
State environmental scientists announced the implementation of a new policy on public health safety protocols.,"In a comprehensive report published this morning, a team of clinical researchers confirmed significant progress in sustainable energy initiatives. The study, funded by state environmental agencies, indicates that solar energy grid integration has improved by fifteen percent over the last quarter. State representatives announced that additional public funding will be allocated to expand municipal transport networks. According to the published statistics, the world health organization will oversee the regulatory audits to maintain public standards.",REAL
Parliamentary representatives issued an official statement clarifying details of public health safety protocols.,"In a comprehensive report published this morning, a team of clinical researchers confirmed significant progress in sustainable energy initiatives. The study, funded by state environmental agencies, indicates that solar energy grid integration has improved by fifteen percent over the last quarter. State representatives announced that additional public funding will be allocated to expand municipal transport networks. According to the published statistics, the international trade council will oversee the regulatory audits to maintain public standards.",REAL
THE TRUTH EXPOSED! Undeniable evidence admitted to a secret operation involving a cover-up of extraterrestrial encounters.,The global elite are hiding weather modification machines that cause unnatural storms. A shocking leak reveals that a secret group is pulling the strings. This is a must-read warning! The undeniable reality is that our thoughts are being modified by fake chemicals in public drinking water. The truth is finally coming to light! This secret conspiracy involves a clandestine medical cover-up and has been running for decades. Shocking truth revealed!,FAKE
Official government agencies approved the proposed reform legislation targeting academic curriculum standards in rural schools.,"The Department of Finance issued an official statement yesterday confirming the implementation of a new policy designed to support small business growth. According to parliamentary spokespeople, the reform legislation introduces tax reductions for local entrepreneurs. Financial analysts state that the infrastructure funding will stimulate regional economic activity and increase employment indices over the fiscal year. According to the published statistics, the central banking authorities will oversee the regulatory audits to maintain public standards.",REAL
THE TRUTH EXPOSED! A shadow organization admitted to a secret operation involving microchip implants in daily vaccines.,"Unbelievable truth exposed! An anonymous whistleblower has finally admitted that a clandestine medical cover-up was staged by the global elite. Sources say secret microchip implants have been hidden inside daily vaccines for years to control thought processes. If you look at the raw data, the proof is absolutely undeniable. Do your own research! This secret conspiracy involves a clandestine medical cover-up and has been running for decades. Shocking truth revealed!",FAKE
Parliamentary representatives announced the implementation of a new policy on small business tax regulations.,"In a comprehensive report published this morning, a team of clinical researchers confirmed significant progress in sustainable energy initiatives. The study, funded by state environmental agencies, indicates that solar energy grid integration has improved by fifteen percent over the last quarter. State representatives announced that additional public funding will be allocated to expand municipal transport networks. According to the published statistics, the central banking authorities will oversee the regulatory audits to maintain public standards.",REAL
SHOCKING TRUTH! The global elite exposed the undeniable reality of a plan to replace fiat currency with secret mind-control chips.,"Unbelievable truth exposed! An anonymous whistleblower has finally admitted that a clandestine medical cover-up was staged by the global elite. Sources say secret microchip implants have been hidden inside daily vaccines for years to control thought processes. If you look at the raw data, the proof is absolutely undeniable. Do your own research! This secret conspiracy involves a shadow organization and has been running for decades. Shocking truth revealed!",FAKE
THEY DON'T WANT YOU TO KNOW! A shadow organization uncovered a classified agenda concerning a plan to replace fiat currency with secret mind-control chips.,"This is a shocking revelation that they don't want you to know. A highly placed secret government insider has leaked classified documents confirming that a shadow organization is actively running weather control machines. Independent researchers have found undeniable evidence, but mainstream media refuses to report this conspiracy. Share this before it gets taken down! It's time to wake up! This secret conspiracy involves alien spaceship wreckage and has been running for decades. Shocking truth revealed!",FAKE
Parliamentary representatives announced the implementation of a new policy on infrastructure investments in public transport networks.,"The World Health Organization published a comprehensive study highlighting modern public health safety protocols. The report outlines guidelines designed to prevent seasonal viral transmission in metropolitan areas. Medical professionals emphasized that systematic community education and vaccine distribution remain the most effective methods for long-term health stabilization. According to the published statistics, the department of finance will oversee the regulatory audits to maintain public standards.",REAL
The World Health organization announced the implementation of a new policy on bilateral trade tariffs on imported goods.,"The Department of Finance issued an official statement yesterday confirming the implementation of a new policy designed to support small business growth. According to parliamentary spokespeople, the reform legislation introduces tax reductions for local entrepreneurs. Financial analysts state that the infrastructure funding will stimulate regional economic activity and increase employment indices over the fiscal year. According to the published statistics, state environmental scientists will oversee the regulatory audits to maintain public standards.",REAL
Official government agencies confirmed a strategic agreement regarding bilateral trade tariffs on imported goods.,"Official representatives of the international trade council approved the proposed bilateral trade tariffs during the summit. The official agreement aims to stabilize commodity pricing and support domestic manufacturing sectors. Government officials declared that regular audits will be performed to ensure compliance with international standard regulations. According to the published statistics, parliamentary representatives will oversee the regulatory audits to maintain public standards.",REAL
MUST READ! Shocking leaked documents uncovered a classified agenda concerning fake water chemicals designed to control public thoughts.,"Unbelievable truth exposed! An anonymous whistleblower has finally admitted that a clandestine medical cover-up was staged by the global elite. Sources say secret microchip implants have been hidden inside daily vaccines for years to control thought processes. If you look at the raw data, the proof is absolutely undeniable. Do your own research! This secret conspiracy involves the global elite and has been running for decades. Shocking truth revealed!",FAKE
State environmental scientists issued an official statement clarifying details of infrastructure investments in public transport networks.,"In a comprehensive report published this morning, a team of clinical researchers confirmed significant progress in sustainable energy initiatives. The study, funded by state environmental agencies, indicates that solar energy grid integration has improved by fifteen percent over the last quarter. State representatives announced that additional public funding will be allocated to expand municipal transport networks. According to the published statistics, parliamentary representatives will oversee the regulatory audits to maintain public standards.",REAL
ACTUAL PROOF! A shadow organization uncovered a classified agenda concerning microchip implants in daily vaccines.,The global elite are hiding weather modification machines that cause unnatural storms. A shocking leak reveals that a secret group is pulling the strings. This is a must-read warning! The undeniable reality is that our thoughts are being modified by fake chemicals in public drinking water. The truth is finally coming to light! This secret conspiracy involves secret government insiders and has been running for decades. Shocking truth revealed!,FAKE
Parliamentary representatives approved the proposed reform legislation targeting bilateral trade tariffs on imported goods.,"Official representatives of the international trade council approved the proposed bilateral trade tariffs during the summit. The official agreement aims to stabilize commodity pricing and support domestic manufacturing sectors. Government officials declared that regular audits will be performed to ensure compliance with international standard regulations. According to the published statistics, official government agencies will oversee the regulatory audits to maintain public standards.",REAL
Parliamentary representatives confirmed a strategic agreement regarding sustainable energy development funding.,"Official representatives of the international trade council approved the proposed bilateral trade tariffs during the summit. The official agreement aims to stabilize commodity pricing and support domestic manufacturing sectors. Government officials declared that regular audits will be performed to ensure compliance with international standard regulations. According to the published statistics, state environmental scientists will oversee the regulatory audits to maintain public standards.",REAL
THEY DON'T WANT YOU TO KNOW! A shadow organization admitted to a secret operation involving fake water chemicals designed to control public thoughts.,The global elite are hiding weather modification machines that cause unnatural storms. A shocking leak reveals that a secret group is pulling the strings. This is a must-read warning! The undeniable reality is that our thoughts are being modified by fake chemicals in public drinking water. The truth is finally coming to light! This secret conspiracy involves a shadow organization and has been running for decades. Shocking truth revealed!,FAKE
Official government agencies confirmed a strategic agreement regarding bilateral trade tariffs on imported goods.,"The Department of Finance issued an official statement yesterday confirming the implementation of a new policy designed to support small business growth. According to parliamentary spokespeople, the reform legislation introduces tax reductions for local entrepreneurs. Financial analysts state that the infrastructure funding will stimulate regional economic activity and increase employment indices over the fiscal year. According to the published statistics, state environmental scientists will oversee the regulatory audits to maintain public standards.",REAL
The Prime Minister's press secretary approved the proposed reform legislation targeting small business tax regulations.,"The World Health Organization published a comprehensive study highlighting modern public health safety protocols. The report outlines guidelines designed to prevent seasonal viral transmission in metropolitan areas. Medical professionals emphasized that systematic community education and vaccine distribution remain the most effective methods for long-term health stabilization. According to the published statistics, the prime minister's press secretary will oversee the regulatory audits to maintain public standards.",REAL
SHOCKING TRUTH! Secret government insiders exposed the undeniable reality of a cover-up of extraterrestrial encounters.,"Unbelievable truth exposed! An anonymous whistleblower has finally admitted that a clandestine medical cover-up was staged by the global elite. Sources say secret microchip implants have been hidden inside daily vaccines for years to control thought processes. If you look at the raw data, the proof is absolutely undeniable. Do your own research! This secret conspiracy involves secret government insiders and has been running for decades. Shocking truth revealed!",FAKE
Parliamentary representatives revealed research results on sustainable energy development funding.,"The World Health Organization published a comprehensive study highlighting modern public health safety protocols. The report outlines guidelines designed to prevent seasonal viral transmission in metropolitan areas. Medical professionals emphasized that systematic community education and vaccine distribution remain the most effective methods for long-term health stabilization. According to the published statistics, a team of clinical researchers will oversee the regulatory audits to maintain public standards.",REAL
SHOCKING TRUTH! Secret government insiders exposed a shocking conspiracy regarding a fake moon landing staging site.,"Unbelievable truth exposed! An anonymous whistleblower has finally admitted that a clandestine medical cover-up was staged by the global elite. Sources say secret microchip implants have been hidden inside daily vaccines for years to control thought processes. If you look at the raw data, the proof is absolutely undeniable. Do your own research! This secret conspiracy involves shocking scientific proof and has been running for decades. Shocking truth revealed!",FAKE
A team of clinical researchers revealed research results on infrastructure investments in public transport networks.,"In a comprehensive report published this morning, a team of clinical researchers confirmed significant progress in sustainable energy initiatives. The study, funded by state environmental agencies, indicates that solar energy grid integration has improved by fifteen percent over the last quarter. State representatives announced that additional public funding will be allocated to expand municipal transport networks. According to the published statistics, parliamentary representatives will oversee the regulatory audits to maintain public standards.",REAL
THEY DON'T WANT YOU TO KNOW! Secret government insiders admitted to a secret operation involving microchip implants in daily vaccines.,"Unbelievable truth exposed! An anonymous whistleblower has finally admitted that a clandestine medical cover-up was staged by the global elite. Sources say secret microchip implants have been hidden inside daily vaccines for years to control thought processes. If you look at the raw data, the proof is absolutely undeniable. Do your own research! This secret conspiracy involves the global elite and has been running for decades. Shocking truth revealed!",FAKE
The Prime Minister's press secretary revealed research results on academic curriculum standards in rural schools.,"Official representatives of the international trade council approved the proposed bilateral trade tariffs during the summit. The official agreement aims to stabilize commodity pricing and support domestic manufacturing sectors. Government officials declared that regular audits will be performed to ensure compliance with international standard regulations. According to the published statistics, the prime minister's press secretary will oversee the regulatory audits to maintain public standards.",REAL
Parliamentary representatives approved the proposed reform legislation targeting infrastructure investments in public transport networks.,"In a comprehensive report published this morning, a team of clinical researchers confirmed significant progress in sustainable energy initiatives. The study, funded by state environmental agencies, indicates that solar energy grid integration has improved by fifteen percent over the last quarter. State representatives announced that additional public funding will be allocated to expand municipal transport networks. According to the published statistics, the department of finance will oversee the regulatory audits to maintain public standards.",REAL
MUST READ! Shocking leaked documents uncovered a classified agenda concerning a plan to replace fiat currency with secret mind-control chips.,Breaking news: actual proof has surfaced about alien spaceship wreckage discovered under deep ocean chambers. A secret military branch has been keeping this classified technology hidden from the public to advance their secret mind-control agenda. Experts who tried to expose this shocking secret have vanished. Read the full leak here! This secret conspiracy involves a clandestine medical cover-up and has been running for decades. Shocking truth revealed!,FAKE
The Department of Finance revealed research results on sustainable energy development funding.,"The Department of Finance issued an official statement yesterday confirming the implementation of a new policy designed to support small business growth. According to parliamentary spokespeople, the reform legislation introduces tax reductions for local entrepreneurs. Financial analysts state that the infrastructure funding will stimulate regional economic activity and increase employment indices over the fiscal year. According to the published statistics, the prime minister's press secretary will oversee the regulatory audits to maintain public standards.",REAL
THE TRUTH EXPOSED! Shocking scientific proof confirms the secret truth behind a cover-up of extraterrestrial encounters.,"This is a shocking revelation that they don't want you to know. A highly placed secret government insider has leaked classified documents confirming that a shadow organization is actively running weather control machines. Independent researchers have found undeniable evidence, but mainstream media refuses to report this conspiracy. Share this before it gets taken down! It's time to wake up! This secret conspiracy involves the global elite and has been running for decades. Shocking truth revealed!",FAKE
Official government agencies published a comprehensive report concerning public health safety protocols.,"In a comprehensive report published this morning, a team of clinical researchers confirmed significant progress in sustainable energy initiatives. The study, funded by state environmental agencies, indicates that solar energy grid integration has improved by fifteen percent over the last quarter. State representatives announced that additional public funding will be allocated to expand municipal transport networks. According to the published statistics, official government agencies will oversee the regulatory audits to maintain public standards.",REAL
UNBELIEVABLE! Shocking scientific proof admitted to a secret operation involving microchip implants in daily vaccines.,"Unbelievable truth exposed! An anonymous whistleblower has finally admitted that a clandestine medical cover-up was staged by the global elite. Sources say secret microchip implants have been hidden inside daily vaccines for years to control thought processes. If you look at the raw data, the proof is absolutely undeniable. Do your own research! This secret conspiracy involves a clandestine medical cover-up and has been running for decades. Shocking truth revealed!",FAKE
MUST READ! Undeniable evidence exposed the undeniable reality of a plan to replace fiat currency with secret mind-control chips.,The global elite are hiding weather modification machines that cause unnatural storms. A shocking leak reveals that a secret group is pulling the strings. This is a must-read warning! The undeniable reality is that our thoughts are being modified by fake chemicals in public drinking water. The truth is finally coming to light! This secret conspiracy involves a clandestine medical cover-up and has been running for decades. Shocking truth revealed!,FAKE
ACTUAL PROOF! An anonymous whistleblower revealed the unbelievable truth about microchip implants in daily vaccines.,Breaking news: actual proof has surfaced about alien spaceship wreckage discovered under deep ocean chambers. A secret military branch has been keeping this classified technology hidden from the public to advance their secret mind-control agenda. Experts who tried to expose this shocking secret have vanished. Read the full leak here! This secret conspiracy involves shocking scientific proof and has been running for decades. Shocking truth revealed!,FAKE
The World Health organization approved the proposed reform legislation targeting bilateral trade tariffs on imported goods.,"The World Health Organization published a comprehensive study highlighting modern public health safety protocols. The report outlines guidelines designed to prevent seasonal viral transmission in metropolitan areas. Medical professionals emphasized that systematic community education and vaccine distribution remain the most effective methods for long-term health stabilization. According to the published statistics, state environmental scientists will oversee the regulatory audits to maintain public standards.",REAL
ACTUAL PROOF! Secret government insiders uncovered a classified agenda concerning a cover-up of extraterrestrial encounters.,"This is a shocking revelation that they don't want you to know. A highly placed secret government insider has leaked classified documents confirming that a shadow organization is actively running weather control machines. Independent researchers have found undeniable evidence, but mainstream media refuses to report this conspiracy. Share this before it gets taken down! It's time to wake up! This secret conspiracy involves the global elite and has been running for decades. Shocking truth revealed!",FAKE
THEY DON'T WANT YOU TO KNOW! Shocking leaked documents confirms the secret truth behind weather modification machines controlled by shadow groups.,"This is a shocking revelation that they don't want you to know. A highly placed secret government insider has leaked classified documents confirming that a shadow organization is actively running weather control machines. Independent researchers have found undeniable evidence, but mainstream media refuses to report this conspiracy. Share this before it gets taken down! It's time to wake up! This secret conspiracy involves shocking scientific proof and has been running for decades. Shocking truth revealed!",FAKE
THE TRUTH EXPOSED! Secret government insiders exposed the undeniable reality of a fake moon landing staging site.,The global elite are hiding weather modification machines that cause unnatural storms. A shocking leak reveals that a secret group is pulling the strings. This is a must-read warning! The undeniable reality is that our thoughts are being modified by fake chemicals in public drinking water. The truth is finally coming to light! This secret conspiracy involves a clandestine medical cover-up and has been running for decades. Shocking truth revealed!,FAKE
UNBELIEVABLE! The global elite confirms the secret truth behind fake water chemicals designed to control public thoughts.,The global elite are hiding weather modification machines that cause unnatural storms. A shocking leak reveals that a secret group is pulling the strings. This is a must-read warning! The undeniable reality is that our thoughts are being modified by fake chemicals in public drinking water. The truth is finally coming to light! This secret conspiracy involves shocking leaked documents and has been running for decades. Shocking truth revealed!,FAKE
State environmental scientists published a comprehensive report concerning bilateral trade tariffs on imported goods.,"The Department of Finance issued an official statement yesterday confirming the implementation of a new policy designed to support small business growth. According to parliamentary spokespeople, the reform legislation introduces tax reductions for local entrepreneurs. Financial analysts state that the infrastructure funding will stimulate regional economic activity and increase employment indices over the fiscal year. According to the published statistics, the prime minister's press secretary will oversee the regulatory audits to maintain public standards.",REAL
The Department of Finance announced the implementation of a new policy on infrastructure investments in public transport networks.,"Official representatives of the international trade council approved the proposed bilateral trade tariffs during the summit. The official agreement aims to stabilize commodity pricing and support domestic manufacturing sectors. Government officials declared that regular audits will be performed to ensure compliance with international standard regulations. According to the published statistics, the prime minister's press secretary will oversee the regulatory audits to maintain public standards.",REAL
THEY DON'T WANT YOU TO KNOW! Shocking leaked documents admitted to a secret operation involving fake water chemicals designed to control public thoughts.,The global elite are hiding weather modification machines that cause unnatural storms. A shocking leak reveals that a secret group is pulling the strings. This is a must-read warning! The undeniable reality is that our thoughts are being modified by fake chemicals in public drinking water. The truth is finally coming to light! This secret conspiracy involves the global elite and has been running for decades. Shocking truth revealed!,FAKE
UNBELIEVABLE! Secret government insiders confirms the secret truth behind a plan to replace fiat currency with secret mind-control chips.,"This is a shocking revelation that they don't want you to know. A highly placed secret government insider has leaked classified documents confirming that a shadow organization is actively running weather control machines. Independent researchers have found undeniable evidence, but mainstream media refuses to report this conspiracy. Share this before it gets taken down! It's time to wake up! This secret conspiracy involves the global elite and has been running for decades. Shocking truth revealed!",FAKE
THEY DON'T WANT YOU TO KNOW! Shocking scientific proof admitted to a secret operation involving a cover-up of extraterrestrial encounters.,"This is a shocking revelation that they don't want you to know. A highly placed secret government insider has leaked classified documents confirming that a shadow organization is actively running weather control machines. Independent researchers have found undeniable evidence, but mainstream media refuses to report this conspiracy. Share this before it gets taken down! It's time to wake up! This secret conspiracy involves an anonymous whistleblower and has been running for decades. Shocking truth revealed!",FAKE
THE TRUTH EXPOSED! A clandestine medical cover-up uncovered a classified agenda concerning microchip implants in daily vaccines.,The global elite are hiding weather modification machines that cause unnatural storms. A shocking leak reveals that a secret group is pulling the strings. This is a must-read warning! The undeniable reality is that our thoughts are being modified by fake chemicals in public drinking water. The truth is finally coming to light! This secret conspiracy involves secret government insiders and has been running for decades. Shocking truth revealed!,FAKE
UNBELIEVABLE! The global elite admitted to a secret operation involving a cover-up of extraterrestrial encounters.,The global elite are hiding weather modification machines that cause unnatural storms. A shocking leak reveals that a secret group is pulling the strings. This is a must-read warning! The undeniable reality is that our thoughts are being modified by fake chemicals in public drinking water. The truth is finally coming to light! This secret conspiracy involves a clandestine medical cover-up and has been running for decades. Shocking truth revealed!,FAKE
SHOCKING TRUTH! The global elite exposed a shocking conspiracy regarding fake water chemicals designed to control public thoughts.,Breaking news: actual proof has surfaced about alien spaceship wreckage discovered under deep ocean chambers. A secret military branch has been keeping this classified technology hidden from the public to advance their secret mind-control agenda. Experts who tried to expose this shocking secret have vanished. Read the full leak here! This secret conspiracy involves shocking leaked documents and has been running for decades. Shocking truth revealed!,FAKE
ACTUAL PROOF! A shadow organization confirms the secret truth behind fake water chemicals designed to control public thoughts.,"Unbelievable truth exposed! An anonymous whistleblower has finally admitted that a clandestine medical cover-up was staged by the global elite. Sources say secret microchip implants have been hidden inside daily vaccines for years to control thought processes. If you look at the raw data, the proof is absolutely undeniable. Do your own research! This secret conspiracy involves undeniable evidence and has been running for decades. Shocking truth revealed!",FAKE
Official government agencies revealed research results on public health safety protocols.,"Official representatives of the international trade council approved the proposed bilateral trade tariffs during the summit. The official agreement aims to stabilize commodity pricing and support domestic manufacturing sectors. Government officials declared that regular audits will be performed to ensure compliance with international standard regulations. According to the published statistics, a team of clinical researchers will oversee the regulatory audits to maintain public standards.",REAL
State environmental scientists revealed research results on infrastructure investments in public transport networks.,"Official representatives of the international trade council approved the proposed bilateral trade tariffs during the summit. The official agreement aims to stabilize commodity pricing and support domestic manufacturing sectors. Government officials declared that regular audits will be performed to ensure compliance with international standard regulations. According to the published statistics, parliamentary representatives will oversee the regulatory audits to maintain public standards.",REAL
The World Health organization issued an official statement clarifying details of academic curriculum standards in rural schools.,"The World Health Organization published a comprehensive study highlighting modern public health safety protocols. The report outlines guidelines designed to prevent seasonal viral transmission in metropolitan areas. Medical professionals emphasized that systematic community education and vaccine distribution remain the most effective methods for long-term health stabilization. According to the published statistics, the central banking authorities will oversee the regulatory audits to maintain public standards.",REAL
MUST READ! Shocking leaked documents uncovered a classified agenda concerning a plan to replace fiat currency with secret mind-control chips.,The global elite are hiding weather modification machines that cause unnatural storms. A shocking leak reveals that a secret group is pulling the strings. This is a must-read warning! The undeniable reality is that our thoughts are being modified by fake chemicals in public drinking water. The truth is finally coming to light! This secret conspiracy involves alien spaceship wreckage and has been running for decades. Shocking truth revealed!,FAKE
THE TRUTH EXPOSED! Undeniable evidence uncovered a classified agenda concerning a fake moon landing staging site.,"Unbelievable truth exposed! An anonymous whistleblower has finally admitted that a clandestine medical cover-up was staged by the global elite. Sources say secret microchip implants have been hidden inside daily vaccines for years to control thought processes. If you look at the raw data, the proof is absolutely undeniable. Do your own research! This secret conspiracy involves the global elite and has been running for decades. Shocking truth revealed!",FAKE
State environmental scientists approved the proposed reform legislation targeting academic curriculum standards in rural schools.,"In a comprehensive report published this morning, a team of clinical researchers confirmed significant progress in sustainable energy initiatives. The study, funded by state environmental agencies, indicates that solar energy grid integration has improved by fifteen percent over the last quarter. State representatives announced that additional public funding will be allocated to expand municipal transport networks. According to the published statistics, the world health organization will oversee the regulatory audits to maintain public standards.",REAL
The international trade council announced the implementation of a new policy on public health safety protocols.,"The Department of Finance issued an official statement yesterday confirming the implementation of a new policy designed to support small business growth. According to parliamentary spokespeople, the reform legislation introduces tax reductions for local entrepreneurs. Financial analysts state that the infrastructure funding will stimulate regional economic activity and increase employment indices over the fiscal year. According to the published statistics, official government agencies will oversee the regulatory audits to maintain public standards.",REAL
The Prime Minister's press secretary confirmed a strategic agreement regarding infrastructure investments in public transport networks.,"In a comprehensive report published this morning, a team of clinical researchers confirmed significant progress in sustainable energy initiatives. The study, funded by state environmental agencies, indicates that solar energy grid integration has improved by fifteen percent over the last quarter. State representatives announced that additional public funding will be allocated to expand municipal transport networks. According to the published statistics, the prime minister's press secretary will oversee the regulatory audits to maintain public standards.",REAL
THEY DON'T WANT YOU TO KNOW! Shocking leaked documents revealed the unbelievable truth about weather modification machines controlled by shadow groups.,"This is a shocking revelation that they don't want you to know. A highly placed secret government insider has leaked classified documents confirming that a shadow organization is actively running weather control machines. Independent researchers have found undeniable evidence, but mainstream media refuses to report this conspiracy. Share this before it gets taken down! It's time to wake up! This secret conspiracy involves alien spaceship wreckage and has been running for decades. Shocking truth revealed!",FAKE
The World Health organization revealed research results on infrastructure investments in public transport networks.,"The Department of Finance issued an official statement yesterday confirming the implementation of a new policy designed to support small business growth. According to parliamentary spokespeople, the reform legislation introduces tax reductions for local entrepreneurs. Financial analysts state that the infrastructure funding will stimulate regional economic activity and increase employment indices over the fiscal year. According to the published statistics, official government agencies will oversee the regulatory audits to maintain public standards.",REAL
UNBELIEVABLE! Secret government insiders uncovered a classified agenda concerning a cover-up of extraterrestrial encounters.,The global elite are hiding weather modification machines that cause unnatural storms. A shocking leak reveals that a secret group is pulling the strings. This is a must-read warning! The undeniable reality is that our thoughts are being modified by fake chemicals in public drinking water. The truth is finally coming to light! This secret conspiracy involves alien spaceship wreckage and has been running for decades. Shocking truth revealed!,FAKE
THE TRUTH EXPOSED! Alien spaceship wreckage revealed the unbelievable truth about a fake moon landing staging site.,"Unbelievable truth exposed! An anonymous whistleblower has finally admitted that a clandestine medical cover-up was staged by the global elite. Sources say secret microchip implants have been hidden inside daily vaccines for years to control thought processes. If you look at the raw data, the proof is absolutely undeniable. Do your own research! This secret conspiracy involves a shadow organization and has been running for decades. Shocking truth revealed!",FAKE
THEY DON'T WANT YOU TO KNOW! Undeniable evidence admitted to a secret operation involving a cover-up of extraterrestrial encounters.,Breaking news: actual proof has surfaced about alien spaceship wreckage discovered under deep ocean chambers. A secret military branch has been keeping this classified technology hidden from the public to advance their secret mind-control agenda. Experts who tried to expose this shocking secret have vanished. Read the full leak here! This secret conspiracy involves secret government insiders and has been running for decades. Shocking truth revealed!,FAKE
UNBELIEVABLE! Undeniable evidence exposed the undeniable reality of weather modification machines controlled by shadow groups.,The global elite are hiding weather modification machines that cause unnatural storms. A shocking leak reveals that a secret group is pulling the strings. This is a must-read warning! The undeniable reality is that our thoughts are being modified by fake chemicals in public drinking water. The truth is finally coming to light! This secret conspiracy involves undeniable evidence and has been running for decades. Shocking truth revealed!,FAKE
A team of clinical researchers published a comprehensive report concerning small business tax regulations.,"Official representatives of the international trade council approved the proposed bilateral trade tariffs during the summit. The official agreement aims to stabilize commodity pricing and support domestic manufacturing sectors. Government officials declared that regular audits will be performed to ensure compliance with international standard regulations. According to the published statistics, the prime minister's press secretary will oversee the regulatory audits to maintain public standards.",REAL
Official government agencies confirmed a strategic agreement regarding infrastructure investments in public transport networks.,"Official representatives of the international trade council approved the proposed bilateral trade tariffs during the summit. The official agreement aims to stabilize commodity pricing and support domestic manufacturing sectors. Government officials declared that regular audits will be performed to ensure compliance with international standard regulations. According to the published statistics, state environmental scientists will oversee the regulatory audits to maintain public standards.",REAL
THE TRUTH EXPOSED! Secret government insiders revealed the unbelievable truth about a cover-up of extraterrestrial encounters.,"Unbelievable truth exposed! An anonymous whistleblower has finally admitted that a clandestine medical cover-up was staged by the global elite. Sources say secret microchip implants have been hidden inside daily vaccines for years to control thought processes. If you look at the raw data, the proof is absolutely undeniable. Do your own research! This secret conspiracy involves secret government insiders and has been running for decades. Shocking truth revealed!",FAKE
Official government agencies revealed research results on bilateral trade tariffs on imported goods.,"Official representatives of the international trade council approved the proposed bilateral trade tariffs during the summit. The official agreement aims to stabilize commodity pricing and support domestic manufacturing sectors. Government officials declared that regular audits will be performed to ensure compliance with international standard regulations. According to the published statistics, a team of clinical researchers will oversee the regulatory audits to maintain public standards.",REAL
UNBELIEVABLE! An anonymous whistleblower revealed the unbelievable truth about fake water chemicals designed to control public thoughts.,Breaking news: actual proof has surfaced about alien spaceship wreckage discovered under deep ocean chambers. A secret military branch has been keeping this classified technology hidden from the public to advance their secret mind-control agenda. Experts who tried to expose this shocking secret have vanished. Read the full leak here! This secret conspiracy involves secret government insiders and has been running for decades. Shocking truth revealed!,FAKE
UNBELIEVABLE! An anonymous whistleblower uncovered a classified agenda concerning microchip implants in daily vaccines.,Breaking news: actual proof has surfaced about alien spaceship wreckage discovered under deep ocean chambers. A secret military branch has been keeping this classified technology hidden from the public to advance their secret mind-control agenda. Experts who tried to expose this shocking secret have vanished. Read the full leak here! This secret conspiracy involves secret government insiders and has been running for decades. Shocking truth revealed!,FAKE
THE TRUTH EXPOSED! The global elite exposed a shocking conspiracy regarding a cover-up of extraterrestrial encounters.,The global elite are hiding weather modification machines that cause unnatural storms. A shocking leak reveals that a secret group is pulling the strings. This is a must-read warning! The undeniable reality is that our thoughts are being modified by fake chemicals in public drinking water. The truth is finally coming to light! This secret conspiracy involves alien spaceship wreckage and has been running for decades. Shocking truth revealed!,FAKE
The international trade council issued an official statement clarifying details of bilateral trade tariffs on imported goods.,"The Department of Finance issued an official statement yesterday confirming the implementation of a new policy designed to support small business growth. According to parliamentary spokespeople, the reform legislation introduces tax reductions for local entrepreneurs. Financial analysts state that the infrastructure funding will stimulate regional economic activity and increase employment indices over the fiscal year. According to the published statistics, parliamentary representatives will oversee the regulatory audits to maintain public standards.",REAL
THEY DON'T WANT YOU TO KNOW! Shocking leaked documents exposed the undeniable reality of a cover-up of extraterrestrial encounters.,Breaking news: actual proof has surfaced about alien spaceship wreckage discovered under deep ocean chambers. A secret military branch has been keeping this classified technology hidden from the public to advance their secret mind-control agenda. Experts who tried to expose this shocking secret have vanished. Read the full leak here! This secret conspiracy involves alien spaceship wreckage and has been running for decades. Shocking truth revealed!,FAKE
The World Health organization published a comprehensive report concerning infrastructure investments in public transport networks.,"The World Health Organization published a comprehensive study highlighting modern public health safety protocols. The report outlines guidelines designed to prevent seasonal viral transmission in metropolitan areas. Medical professionals emphasized that systematic community education and vaccine distribution remain the most effective methods for long-term health stabilization. According to the published statistics, the international trade council will oversee the regulatory audits to maintain public standards.",REAL
ACTUAL PROOF! Alien spaceship wreckage exposed a shocking conspiracy regarding fake water chemicals designed to control public thoughts.,"Unbelievable truth exposed! An anonymous whistleblower has finally admitted that a clandestine medical cover-up was staged by the global elite. Sources say secret microchip implants have been hidden inside daily vaccines for years to control thought processes. If you look at the raw data, the proof is absolutely undeniable. Do your own research! This secret conspiracy involves undeniable evidence and has been running for decades. Shocking truth revealed!",FAKE
ACTUAL PROOF! The global elite exposed a shocking conspiracy regarding a cover-up of extraterrestrial encounters.,"This is a shocking revelation that they don't want you to know. A highly placed secret government insider has leaked classified documents confirming that a shadow organization is actively running weather control machines. Independent researchers have found undeniable evidence, but mainstream media refuses to report this conspiracy. Share this before it gets taken down! It's time to wake up! This secret conspiracy involves shocking leaked documents and has been running for decades. Shocking truth revealed!",FAKE
A team of clinical researchers announced the implementation of a new policy on small business tax regulations.,"The Department of Finance issued an official statement yesterday confirming the implementation of a new policy designed to support small business growth. According to parliamentary spokespeople, the reform legislation introduces tax reductions for local entrepreneurs. Financial analysts state that the infrastructure funding will stimulate regional economic activity and increase employment indices over the fiscal year. According to the published statistics, the prime minister's press secretary will oversee the regulatory audits to maintain public standards.",REAL
UNBELIEVABLE! Undeniable evidence exposed the undeniable reality of a fake moon landing staging site.,"Unbelievable truth exposed! An anonymous whistleblower has finally admitted that a clandestine medical cover-up was staged by the global elite. Sources say secret microchip implants have been hidden inside daily vaccines for years to control thought processes. If you look at the raw data, the proof is absolutely undeniable. Do your own research! This secret conspiracy involves a shadow organization and has been running for decades. Shocking truth revealed!",FAKE
Official government agencies confirmed a strategic agreement regarding academic curriculum standards in rural schools.,"In a comprehensive report published this morning, a team of clinical researchers confirmed significant progress in sustainable energy initiatives. The study, funded by state environmental agencies, indicates that solar energy grid integration has improved by fifteen percent over the last quarter. State representatives announced that additional public funding will be allocated to expand municipal transport networks. According to the published statistics, the central banking authorities will oversee the regulatory audits to maintain public standards.",REAL
The Department of Finance published a comprehensive report concerning infrastructure investments in public transport networks.,"Official representatives of the international trade council approved the proposed bilateral trade tariffs during the summit. The official agreement aims to stabilize commodity pricing and support domestic manufacturing sectors. Government officials declared that regular audits will be performed to ensure compliance with international standard regulations. According to the published statistics, parliamentary representatives will oversee the regulatory audits to maintain public standards.",REAL
State environmental scientists revealed research results on public health safety protocols.,"The Department of Finance issued an official statement yesterday confirming the implementation of a new policy designed to support small business growth. According to parliamentary spokespeople, the reform legislation introduces tax reductions for local entrepreneurs. Financial analysts state that the infrastructure funding will stimulate regional economic activity and increase employment indices over the fiscal year. According to the published statistics, official government agencies will oversee the regulatory audits to maintain public standards.",REAL
MUST READ! Shocking leaked documents exposed the undeniable reality of microchip implants in daily vaccines.,"This is a shocking revelation that they don't want you to know. A highly placed secret government insider has leaked classified documents confirming that a shadow organization is actively running weather control machines. Independent researchers have found undeniable evidence, but mainstream media refuses to report this conspiracy. Share this before it gets taken down! It's time to wake up! This secret conspiracy involves undeniable evidence and has been running for decades. Shocking truth revealed!",FAKE
THEY DON'T WANT YOU TO KNOW! A clandestine medical cover-up uncovered a classified agenda concerning microchip implants in daily vaccines.,"This is a shocking revelation that they don't want you to know. A highly placed secret government insider has leaked classified documents confirming that a shadow organization is actively running weather control machines. Independent researchers have found undeniable evidence, but mainstream media refuses to report this conspiracy. Share this before it gets taken down! It's time to wake up! This secret conspiracy involves a clandestine medical cover-up and has been running for decades. Shocking truth revealed!",FAKE
THE TRUTH EXPOSED! A clandestine medical cover-up exposed the undeniable reality of a fake moon landing staging site.,"Unbelievable truth exposed! An anonymous whistleblower has finally admitted that a clandestine medical cover-up was staged by the global elite. Sources say secret microchip implants have been hidden inside daily vaccines for years to control thought processes. If you look at the raw data, the proof is absolutely undeniable. Do your own research! This secret conspiracy involves the global elite and has been running for decades. Shocking truth revealed!",FAKE
The World Health organization revealed research results on sustainable energy development funding.,"Official representatives of the international trade council approved the proposed bilateral trade tariffs during the summit. The official agreement aims to stabilize commodity pricing and support domestic manufacturing sectors. Government officials declared that regular audits will be performed to ensure compliance with international standard regulations. According to the published statistics, the department of finance will oversee the regulatory audits to maintain public standards.",REAL
THE TRUTH EXPOSED! Undeniable evidence confirms the secret truth behind fake water chemicals designed to control public thoughts.,"This is a shocking revelation that they don't want you to know. A highly placed secret government insider has leaked classified documents confirming that a shadow organization is actively running weather control machines. Independent researchers have found undeniable evidence, but mainstream media refuses to report this conspiracy. Share this before it gets taken down! It's time to wake up! This secret conspiracy involves an anonymous whistleblower and has been running for decades. Shocking truth revealed!",FAKE
SHOCKING TRUTH! An anonymous whistleblower admitted to a secret operation involving fake water chemicals designed to control public thoughts.,Breaking news: actual proof has surfaced about alien spaceship wreckage discovered under deep ocean chambers. A secret military branch has been keeping this classified technology hidden from the public to advance their secret mind-control agenda. Experts who tried to expose this shocking secret have vanished. Read the full leak here! This secret conspiracy involves alien spaceship wreckage and has been running for decades. Shocking truth revealed!,FAKE
SHOCKING TRUTH! Alien spaceship wreckage admitted to a secret operation involving microchip implants in daily vaccines.,Breaking news: actual proof has surfaced about alien spaceship wreckage discovered under deep ocean chambers. A secret military branch has been keeping this classified technology hidden from the public to advance their secret mind-control agenda. Experts who tried to expose this shocking secret have vanished. Read the full leak here! This secret conspiracy involves shocking leaked documents and has been running for decades. Shocking truth revealed!,FAKE
The central banking authorities confirmed a strategic agreement regarding infrastructure investments in public transport networks.,"In a comprehensive report published this morning, a team of clinical researchers confirmed significant progress in sustainable energy initiatives. The study, funded by state environmental agencies, indicates that solar energy grid integration has improved by fifteen percent over the last quarter. State representatives announced that additional public funding will be allocated to expand municipal transport networks. According to the published statistics, a team of clinical researchers will oversee the regulatory audits to maintain public standards.",REAL
State environmental scientists approved the proposed reform legislation targeting public health safety protocols.,"The Department of Finance issued an official statement yesterday confirming the implementation of a new policy designed to support small business growth. According to parliamentary spokespeople, the reform legislation introduces tax reductions for local entrepreneurs. Financial analysts state that the infrastructure funding will stimulate regional economic activity and increase employment indices over the fiscal year. According to the published statistics, official government agencies will oversee the regulatory audits to maintain public standards.",REAL
The Prime Minister's press secretary revealed research results on infrastructure investments in public transport networks.,"The World Health Organization published a comprehensive study highlighting modern public health safety protocols. The report outlines guidelines designed to prevent seasonal viral transmission in metropolitan areas. Medical professionals emphasized that systematic community education and vaccine distribution remain the most effective methods for long-term health stabilization. According to the published statistics, the prime minister's press secretary will oversee the regulatory audits to maintain public standards.",REAL
The Prime Minister's press secretary approved the proposed reform legislation targeting small business tax regulations.,"In a comprehensive report published this morning, a team of clinical researchers confirmed significant progress in sustainable energy initiatives. The study, funded by state environmental agencies, indicates that solar energy grid integration has improved by fifteen percent over the last quarter. State representatives announced that additional public funding will be allocated to expand municipal transport networks. According to the published statistics, the world health organization will oversee the regulatory audits to maintain public standards.",REAL
SHOCKING TRUTH! Alien spaceship wreckage uncovered a classified agenda concerning a plan to replace fiat currency with secret mind-control chips.,"This is a shocking revelation that they don't want you to know. A highly placed secret government insider has leaked classified documents confirming that a shadow organization is actively running weather control machines. Independent researchers have found undeniable evidence, but mainstream media refuses to report this conspiracy. Share this before it gets taken down! It's time to wake up! This secret conspiracy involves the global elite and has been running for decades. Shocking truth revealed!",FAKE
THE TRUTH EXPOSED! Alien spaceship wreckage revealed the unbelievable truth about microchip implants in daily vaccines.,The global elite are hiding weather modification machines that cause unnatural storms. A shocking leak reveals that a secret group is pulling the strings. This is a must-read warning! The undeniable reality is that our thoughts are being modified by fake chemicals in public drinking water. The truth is finally coming to light! This secret conspiracy involves the global elite and has been running for decades. Shocking truth revealed!,FAKE
MUST READ! Alien spaceship wreckage revealed the unbelievable truth about a cover-up of extraterrestrial encounters.,Breaking news: actual proof has surfaced about alien spaceship wreckage discovered under deep ocean chambers. A secret military branch has been keeping this classified technology hidden from the public to advance their secret mind-control agenda. Experts who tried to expose this shocking secret have vanished. Read the full leak here! This secret conspiracy involves a shadow organization and has been running for decades. Shocking truth revealed!,FAKE
The World Health organization approved the proposed reform legislation targeting sustainable energy development funding.,"The World Health Organization published a comprehensive study highlighting modern public health safety protocols. The report outlines guidelines designed to prevent seasonal viral transmission in metropolitan areas. Medical professionals emphasized that systematic community education and vaccine distribution remain the most effective methods for long-term health stabilization. According to the published statistics, official government agencies will oversee the regulatory audits to maintain public standards.",REAL
UNBELIEVABLE! A clandestine medical cover-up exposed the undeniable reality of weather modification machines controlled by shadow groups.,Breaking news: actual proof has surfaced about alien spaceship wreckage discovered under deep ocean chambers. A secret military branch has been keeping this classified technology hidden from the public to advance their secret mind-control agenda. Experts who tried to expose this shocking secret have vanished. Read the full leak here! This secret conspiracy involves a shadow organization and has been running for decades. Shocking truth revealed!,FAKE
ACTUAL PROOF! An anonymous whistleblower exposed the undeniable reality of microchip implants in daily vaccines.,The global elite are hiding weather modification machines that cause unnatural storms. A shocking leak reveals that a secret group is pulling the strings. This is a must-read warning! The undeniable reality is that our thoughts are being modified by fake chemicals in public drinking water. The truth is finally coming to light! This secret conspiracy involves alien spaceship wreckage and has been running for decades. Shocking truth revealed!,FAKE
THEY DON'T WANT YOU TO KNOW! A shadow organization uncovered a classified agenda concerning weather modification machines controlled by shadow groups.,"This is a shocking revelation that they don't want you to know. A highly placed secret government insider has leaked classified documents confirming that a shadow organization is actively running weather control machines. Independent researchers have found undeniable evidence, but mainstream media refuses to report this conspiracy. Share this before it gets taken down! It's time to wake up! This secret conspiracy involves shocking leaked documents and has been running for decades. Shocking truth revealed!",FAKE
Official government agencies revealed research results on sustainable energy development funding.,"The World Health Organization published a comprehensive study highlighting modern public health safety protocols. The report outlines guidelines designed to prevent seasonal viral transmission in metropolitan areas. Medical professionals emphasized that systematic community education and vaccine distribution remain the most effective methods for long-term health stabilization. According to the published statistics, parliamentary representatives will oversee the regulatory audits to maintain public standards.",REAL
SHOCKING TRUTH! An anonymous whistleblower confirms the secret truth behind a cover-up of extraterrestrial encounters.,"This is a shocking revelation that they don't want you to know. A highly placed secret government insider has leaked classified documents confirming that a shadow organization is actively running weather control machines. Independent researchers have found undeniable evidence, but mainstream media refuses to report this conspiracy. Share this before it gets taken down! It's time to wake up! This secret conspiracy involves secret government insiders and has been running for decades. Shocking truth revealed!",FAKE
ACTUAL PROOF! Shocking scientific proof exposed the undeniable reality of fake water chemicals designed to control public thoughts.,"This is a shocking revelation that they don't want you to know. A highly placed secret government insider has leaked classified documents confirming that a shadow organization is actively running weather control machines. Independent researchers have found undeniable evidence, but mainstream media refuses to report this conspiracy. Share this before it gets taken down! It's time to wake up! This secret conspiracy involves alien spaceship wreckage and has been running for decades. Shocking truth revealed!",FAKE
THE TRUTH EXPOSED! Shocking scientific proof revealed the unbelievable truth about a cover-up of extraterrestrial encounters.,"Unbelievable truth exposed! An anonymous whistleblower has finally admitted that a clandestine medical cover-up was staged by the global elite. Sources say secret microchip implants have been hidden inside daily vaccines for years to control thought processes. If you look at the raw data, the proof is absolutely undeniable. Do your own research! This secret conspiracy involves undeniable evidence and has been running for decades. Shocking truth revealed!",FAKE
Parliamentary representatives confirmed a strategic agreement regarding small business tax regulations.,"The Department of Finance issued an official statement yesterday confirming the implementation of a new policy designed to support small business growth. According to parliamentary spokespeople, the reform legislation introduces tax reductions for local entrepreneurs. Financial analysts state that the infrastructure funding will stimulate regional economic activity and increase employment indices over the fiscal year. According to the published statistics, the international trade council will oversee the regulatory audits to maintain public standards.",REAL
The international trade council revealed research results on bilateral trade tariffs on imported goods.,"The Department of Finance issued an official statement yesterday confirming the implementation of a new policy designed to support small business growth. According to parliamentary spokespeople, the reform legislation introduces tax reductions for local entrepreneurs. Financial analysts state that the infrastructure funding will stimulate regional economic activity and increase employment indices over the fiscal year. According to the published statistics, official government agencies will oversee the regulatory audits to maintain public standards.",REAL
ACTUAL PROOF! Shocking leaked documents exposed the undeniable reality of a plan to replace fiat currency with secret mind-control chips.,"Unbelievable truth exposed! An anonymous whistleblower has finally admitted that a clandestine medical cover-up was staged by the global elite. Sources say secret microchip implants have been hidden inside daily vaccines for years to control thought processes. If you look at the raw data, the proof is absolutely undeniable. Do your own research! This secret conspiracy involves shocking leaked documents and has been running for decades. Shocking truth revealed!",FAKE
The World Health organization approved the proposed reform legislation targeting small business tax regulations.,"Official representatives of the international trade council approved the proposed bilateral trade tariffs during the summit. The official agreement aims to stabilize commodity pricing and support domestic manufacturing sectors. Government officials declared that regular audits will be performed to ensure compliance with international standard regulations. According to the published statistics, parliamentary representatives will oversee the regulatory audits to maintain public standards.",REAL
State environmental scientists approved the proposed reform legislation targeting sustainable energy development funding.,"Official representatives of the international trade council approved the proposed bilateral trade tariffs during the summit. The official agreement aims to stabilize commodity pricing and support domestic manufacturing sectors. Government officials declared that regular audits will be performed to ensure compliance with international standard regulations. According to the published statistics, the international trade council will oversee the regulatory audits to maintain public standards.",REAL
The World Health organization published a comprehensive report concerning infrastructure investments in public transport networks.,"Official representatives of the international trade council approved the proposed bilateral trade tariffs during the summit. The official agreement aims to stabilize commodity pricing and support domestic manufacturing sectors. Government officials declared that regular audits will be performed to ensure compliance with international standard regulations. According to the published statistics, parliamentary representatives will oversee the regulatory audits to maintain public standards.",REAL
A team of clinical researchers issued an official statement clarifying details of small business tax regulations.,"In a comprehensive report published this morning, a team of clinical researchers confirmed significant progress in sustainable energy initiatives. The study, funded by state environmental agencies, indicates that solar energy grid integration has improved by fifteen percent over the last quarter. State representatives announced that additional public funding will be allocated to expand municipal transport networks. According to the published statistics, parliamentary representatives will oversee the regulatory audits to maintain public standards.",REAL
The international trade council approved the proposed reform legislation targeting public health safety protocols.,"Official representatives of the international trade council approved the proposed bilateral trade tariffs during the summit. The official agreement aims to stabilize commodity pricing and support domestic manufacturing sectors. Government officials declared that regular audits will be performed to ensure compliance with international standard regulations. According to the published statistics, the world health organization will oversee the regulatory audits to maintain public standards.",REAL
The central banking authorities revealed research results on academic curriculum standards in rural schools.,"In a comprehensive report published this morning, a team of clinical researchers confirmed significant progress in sustainable energy initiatives. The study, funded by state environmental agencies, indicates that solar energy grid integration has improved by fifteen percent over the last quarter. State representatives announced that additional public funding will be allocated to expand municipal transport networks. According to the published statistics, the international trade council will oversee the regulatory audits to maintain public standards.",REAL
State environmental scientists approved the proposed reform legislation targeting sustainable energy development funding.,"In a comprehensive report published this morning, a team of clinical researchers confirmed significant progress in sustainable energy initiatives. The study, funded by state environmental agencies, indicates that solar energy grid integration has improved by fifteen percent over the last quarter. State representatives announced that additional public funding will be allocated to expand municipal transport networks. According to the published statistics, the central banking authorities will oversee the regulatory audits to maintain public standards.",REAL
THE TRUTH EXPOSED! An anonymous whistleblower exposed a shocking conspiracy regarding fake water chemicals designed to control public thoughts.,"This is a shocking revelation that they don't want you to know. A highly placed secret government insider has leaked classified documents confirming that a shadow organization is actively running weather control machines. Independent researchers have found undeniable evidence, but mainstream media refuses to report this conspiracy. Share this before it gets taken down! It's time to wake up! This secret conspiracy involves shocking leaked documents and has been running for decades. Shocking truth revealed!",FAKE
SHOCKING TRUTH! Undeniable evidence revealed the unbelievable truth about a plan to replace fiat currency with secret mind-control chips.,"Unbelievable truth exposed! An anonymous whistleblower has finally admitted that a clandestine medical cover-up was staged by the global elite. Sources say secret microchip implants have been hidden inside daily vaccines for years to control thought processes. If you look at the raw data, the proof is absolutely undeniable. Do your own research! This secret conspiracy involves a shadow organization and has been running for decades. Shocking truth revealed!",FAKE
THE TRUTH EXPOSED! Secret government insiders exposed the undeniable reality of a plan to replace fiat currency with secret mind-control chips.,Breaking news: actual proof has surfaced about alien spaceship wreckage discovered under deep ocean chambers. A secret military branch has been keeping this classified technology hidden from the public to advance their secret mind-control agenda. Experts who tried to expose this shocking secret have vanished. Read the full leak here! This secret conspiracy involves alien spaceship wreckage and has been running for decades. Shocking truth revealed!,FAKE
THEY DON'T WANT YOU TO KNOW! Alien spaceship wreckage revealed the unbelievable truth about microchip implants in daily vaccines.,The global elite are hiding weather modification machines that cause unnatural storms. A shocking leak reveals that a secret group is pulling the strings. This is a must-read warning! The undeniable reality is that our thoughts are being modified by fake chemicals in public drinking water. The truth is finally coming to light! This secret conspiracy involves the global elite and has been running for decades. Shocking truth revealed!,FAKE
The international trade council approved the proposed reform legislation targeting sustainable energy development funding.,"In a comprehensive report published this morning, a team of clinical researchers confirmed significant progress in sustainable energy initiatives. The study, funded by state environmental agencies, indicates that solar energy grid integration has improved by fifteen percent over the last quarter. State representatives announced that additional public funding will be allocated to expand municipal transport networks. According to the published statistics, official government agencies will oversee the regulatory audits to maintain public standards.",REAL
MUST READ! Secret government insiders uncovered a classified agenda concerning a fake moon landing staging site.,"Unbelievable truth exposed! An anonymous whistleblower has finally admitted that a clandestine medical cover-up was staged by the global elite. Sources say secret microchip implants have been hidden inside daily vaccines for years to control thought processes. If you look at the raw data, the proof is absolutely undeniable. Do your own research! This secret conspiracy involves shocking scientific proof and has been running for decades. Shocking truth revealed!",FAKE
UNBELIEVABLE! Alien spaceship wreckage confirms the secret truth behind weather modification machines controlled by shadow groups.,Breaking news: actual proof has surfaced about alien spaceship wreckage discovered under deep ocean chambers. A secret military branch has been keeping this classified technology hidden from the public to advance their secret mind-control agenda. Experts who tried to expose this shocking secret have vanished. Read the full leak here! This secret conspiracy involves alien spaceship wreckage and has been running for decades. Shocking truth revealed!,FAKE
MUST READ! Alien spaceship wreckage exposed a shocking conspiracy regarding a fake moon landing staging site.,Breaking news: actual proof has surfaced about alien spaceship wreckage discovered under deep ocean chambers. A secret military branch has been keeping this classified technology hidden from the public to advance their secret mind-control agenda. Experts who tried to expose this shocking secret have vanished. Read the full leak here! This secret conspiracy involves undeniable evidence and has been running for decades. Shocking truth revealed!,FAKE
MUST READ! Secret government insiders uncovered a classified agenda concerning weather modification machines controlled by shadow groups.,The global elite are hiding weather modification machines that cause unnatural storms. A shocking leak reveals that a secret group is pulling the strings. This is a must-read warning! The undeniable reality is that our thoughts are being modified by fake chemicals in public drinking water. The truth is finally coming to light! This secret conspiracy involves shocking scientific proof and has been running for decades. Shocking truth revealed!,FAKE
A team of clinical researchers announced the implementation of a new policy on academic curriculum standards in rural schools.,"Official representatives of the international trade council approved the proposed bilateral trade tariffs during the summit. The official agreement aims to stabilize commodity pricing and support domestic manufacturing sectors. Government officials declared that regular audits will be performed to ensure compliance with international standard regulations. According to the published statistics, parliamentary representatives will oversee the regulatory audits to maintain public standards.",REAL
Official government agencies published a comprehensive report concerning bilateral trade tariffs on imported goods.,"In a comprehensive report published this morning, a team of clinical researchers confirmed significant progress in sustainable energy initiatives. The study, funded by state environmental agencies, indicates that solar energy grid integration has improved by fifteen percent over the last quarter. State representatives announced that additional public funding will be allocated to expand municipal transport networks. According to the published statistics, the world health organization will oversee the regulatory audits to maintain public standards.",REAL
The World Health organization announced the implementation of a new policy on bilateral trade tariffs on imported goods.,"In a comprehensive report published this morning, a team of clinical researchers confirmed significant progress in sustainable energy initiatives. The study, funded by state environmental agencies, indicates that solar energy grid integration has improved by fifteen percent over the last quarter. State representatives announced that additional public funding will be allocated to expand municipal transport networks. According to the published statistics, the prime minister's press secretary will oversee the regulatory audits to maintain public standards.",REAL
MUST READ! An anonymous whistleblower exposed a shocking conspiracy regarding weather modification machines controlled by shadow groups.,The global elite are hiding weather modification machines that cause unnatural storms. A shocking leak reveals that a secret group is pulling the strings. This is a must-read warning! The undeniable reality is that our thoughts are being modified by fake chemicals in public drinking water. The truth is finally coming to light! This secret conspiracy involves a clandestine medical cover-up and has been running for decades. Shocking truth revealed!,FAKE
MUST READ! Shocking scientific proof confirms the secret truth behind a plan to replace fiat currency with secret mind-control chips.,"Unbelievable truth exposed! An anonymous whistleblower has finally admitted that a clandestine medical cover-up was staged by the global elite. Sources say secret microchip implants have been hidden inside daily vaccines for years to control thought processes. If you look at the raw data, the proof is absolutely undeniable. Do your own research! This secret conspiracy involves an anonymous whistleblower and has been running for decades. Shocking truth revealed!",FAKE
The World Health organization approved the proposed reform legislation targeting public health safety protocols.,"Official representatives of the international trade council approved the proposed bilateral trade tariffs during the summit. The official agreement aims to stabilize commodity pricing and support domestic manufacturing sectors. Government officials declared that regular audits will be performed to ensure compliance with international standard regulations. According to the published statistics, the international trade council will oversee the regulatory audits to maintain public standards.",REAL
MUST READ! Undeniable evidence revealed the unbelievable truth about weather modification machines controlled by shadow groups.,"Unbelievable truth exposed! An anonymous whistleblower has finally admitted that a clandestine medical cover-up was staged by the global elite. Sources say secret microchip implants have been hidden inside daily vaccines for years to control thought processes. If you look at the raw data, the proof is absolutely undeniable. Do your own research! This secret conspiracy involves undeniable evidence and has been running for decades. Shocking truth revealed!",FAKE
The World Health organization revealed research results on sustainable energy development funding.,"The Department of Finance issued an official statement yesterday confirming the implementation of a new policy designed to support small business growth. According to parliamentary spokespeople, the reform legislation introduces tax reductions for local entrepreneurs. Financial analysts state that the infrastructure funding will stimulate regional economic activity and increase employment indices over the fiscal year. According to the published statistics, the international trade council will oversee the regulatory audits to maintain public standards.",REAL
UNBELIEVABLE! Secret government insiders confirms the secret truth behind weather modification machines controlled by shadow groups.,The global elite are hiding weather modification machines that cause unnatural storms. A shocking leak reveals that a secret group is pulling the strings. This is a must-read warning! The undeniable reality is that our thoughts are being modified by fake chemicals in public drinking water. The truth is finally coming to light! This secret conspiracy involves undeniable evidence and has been running for decades. Shocking truth revealed!,FAKE
The Department of Finance approved the proposed reform legislation targeting academic curriculum standards in rural schools.,"In a comprehensive report published this morning, a team of clinical researchers confirmed significant progress in sustainable energy initiatives. The study, funded by state environmental agencies, indicates that solar energy grid integration has improved by fifteen percent over the last quarter. State representatives announced that additional public funding will be allocated to expand municipal transport networks. According to the published statistics, the department of finance will oversee the regulatory audits to maintain public standards.",REAL
The World Health organization revealed research results on infrastructure investments in public transport networks.,"The World Health Organization published a comprehensive study highlighting modern public health safety protocols. The report outlines guidelines designed to prevent seasonal viral transmission in metropolitan areas. Medical professionals emphasized that systematic community education and vaccine distribution remain the most effective methods for long-term health stabilization. According to the published statistics, parliamentary representatives will oversee the regulatory audits to maintain public standards.",REAL
ACTUAL PROOF! Alien spaceship wreckage exposed a shocking conspiracy regarding fake water chemicals designed to control public thoughts.,Breaking news: actual proof has surfaced about alien spaceship wreckage discovered under deep ocean chambers. A secret military branch has been keeping this classified technology hidden from the public to advance their secret mind-control agenda. Experts who tried to expose this shocking secret have vanished. Read the full leak here! This secret conspiracy involves a clandestine medical cover-up and has been running for decades. Shocking truth revealed!,FAKE
THEY DON'T WANT YOU TO KNOW! An anonymous whistleblower exposed a shocking conspiracy regarding a plan to replace fiat currency with secret mind-control chips.,"Unbelievable truth exposed! An anonymous whistleblower has finally admitted that a clandestine medical cover-up was staged by the global elite. Sources say secret microchip implants have been hidden inside daily vaccines for years to control thought processes. If you look at the raw data, the proof is absolutely undeniable. Do your own research! This secret conspiracy involves shocking scientific proof and has been running for decades. Shocking truth revealed!",FAKE
The Prime Minister's press secretary revealed research results on academic curriculum standards in rural schools.,"The World Health Organization published a comprehensive study highlighting modern public health safety protocols. The report outlines guidelines designed to prevent seasonal viral transmission in metropolitan areas. Medical professionals emphasized that systematic community education and vaccine distribution remain the most effective methods for long-term health stabilization. According to the published statistics, the world health organization will oversee the regulatory audits to maintain public standards.",REAL
The international trade council published a comprehensive report concerning small business tax regulations.,"The Department of Finance issued an official statement yesterday confirming the implementation of a new policy designed to support small business growth. According to parliamentary spokespeople, the reform legislation introduces tax reductions for local entrepreneurs. Financial analysts state that the infrastructure funding will stimulate regional economic activity and increase employment indices over the fiscal year. According to the published statistics, a team of clinical researchers will oversee the regulatory audits to maintain public standards.",REAL
The Department of Finance published a comprehensive report concerning small business tax regulations.,"In a comprehensive report published this morning, a team of clinical researchers confirmed significant progress in sustainable energy initiatives. The study, funded by state environmental agencies, indicates that solar energy grid integration has improved by fifteen percent over the last quarter. State representatives announced that additional public funding will be allocated to expand municipal transport networks. According to the published statistics, a team of clinical researchers will oversee the regulatory audits to maintain public standards.",REAL
The Department of Finance announced the implementation of a new policy on small business tax regulations.,"The World Health Organization published a comprehensive study highlighting modern public health safety protocols. The report outlines guidelines designed to prevent seasonal viral transmission in metropolitan areas. Medical professionals emphasized that systematic community education and vaccine distribution remain the most effective methods for long-term health stabilization. According to the published statistics, the department of finance will oversee the regulatory audits to maintain public standards.",REAL
SHOCKING TRUTH! An anonymous whistleblower confirms the secret truth behind a fake moon landing staging site.,The global elite are hiding weather modification machines that cause unnatural storms. A shocking leak reveals that a secret group is pulling the strings. This is a must-read warning! The undeniable reality is that our thoughts are being modified by fake chemicals in public drinking water. The truth is finally coming to light! This secret conspiracy involves undeniable evidence and has been running for decades. Shocking truth revealed!,FAKE
THE TRUTH EXPOSED! Secret government insiders exposed a shocking conspiracy regarding a cover-up of extraterrestrial encounters.,"This is a shocking revelation that they don't want you to know. A highly placed secret government insider has leaked classified documents confirming that a shadow organization is actively running weather control machines. Independent researchers have found undeniable evidence, but mainstream media refuses to report this conspiracy. Share this before it gets taken down! It's time to wake up! This secret conspiracy involves undeniable evidence and has been running for decades. Shocking truth revealed!",FAKE
SHOCKING TRUTH! The global elite confirms the secret truth behind a cover-up of extraterrestrial encounters.,The global elite are hiding weather modification machines that cause unnatural storms. A shocking leak reveals that a secret group is pulling the strings. This is a must-read warning! The undeniable reality is that our thoughts are being modified by fake chemicals in public drinking water. The truth is finally coming to light! This secret conspiracy involves a shadow organization and has been running for decades. Shocking truth revealed!,FAKE
SHOCKING TRUTH! Shocking scientific proof revealed the unbelievable truth about microchip implants in daily vaccines.,"Unbelievable truth exposed! An anonymous whistleblower has finally admitted that a clandestine medical cover-up was staged by the global elite. Sources say secret microchip implants have been hidden inside daily vaccines for years to control thought processes. If you look at the raw data, the proof is absolutely undeniable. Do your own research! This secret conspiracy involves a shadow organization and has been running for decades. Shocking truth revealed!",FAKE
MUST READ! An anonymous whistleblower revealed the unbelievable truth about a cover-up of extraterrestrial encounters.,Breaking news: actual proof has surfaced about alien spaceship wreckage discovered under deep ocean chambers. A secret military branch has been keeping this classified technology hidden from the public to advance their secret mind-control agenda. Experts who tried to expose this shocking secret have vanished. Read the full leak here! This secret conspiracy involves a shadow organization and has been running for decades. Shocking truth revealed!,FAKE
MUST READ! Shocking scientific proof admitted to a secret operation involving a fake moon landing staging site.,"Unbelievable truth exposed! An anonymous whistleblower has finally admitted that a clandestine medical cover-up was staged by the global elite. Sources say secret microchip implants have been hidden inside daily vaccines for years to control thought processes. If you look at the raw data, the proof is absolutely undeniable. Do your own research! This secret conspiracy involves undeniable evidence and has been running for decades. Shocking truth revealed!",FAKE
The central banking authorities revealed research results on small business tax regulations.,"In a comprehensive report published this morning, a team of clinical researchers confirmed significant progress in sustainable energy initiatives. The study, funded by state environmental agencies, indicates that solar energy grid integration has improved by fifteen percent over the last quarter. State representatives announced that additional public funding will be allocated to expand municipal transport networks. According to the published statistics, the international trade council will oversee the regulatory audits to maintain public standards.",REAL
A team of clinical researchers revealed research results on bilateral trade tariffs on imported goods.,"The World Health Organization published a comprehensive study highlighting modern public health safety protocols. The report outlines guidelines designed to prevent seasonal viral transmission in metropolitan areas. Medical professionals emphasized that systematic community education and vaccine distribution remain the most effective methods for long-term health stabilization. According to the published statistics, the department of finance will oversee the regulatory audits to maintain public standards.",REAL
UNBELIEVABLE! A clandestine medical cover-up revealed the unbelievable truth about fake water chemicals designed to control public thoughts.,The global elite are hiding weather modification machines that cause unnatural storms. A shocking leak reveals that a secret group is pulling the strings. This is a must-read warning! The undeniable reality is that our thoughts are being modified by fake chemicals in public drinking water. The truth is finally coming to light! This secret conspiracy involves secret government insiders and has been running for decades. Shocking truth revealed!,FAKE
State environmental scientists confirmed a strategic agreement regarding bilateral trade tariffs on imported goods.,"In a comprehensive report published this morning, a team of clinical researchers confirmed significant progress in sustainable energy initiatives. The study, funded by state environmental agencies, indicates that solar energy grid integration has improved by fifteen percent over the last quarter. State representatives announced that additional public funding will be allocated to expand municipal transport networks. According to the published statistics, a team of clinical researchers will oversee the regulatory audits to maintain public standards.",REAL
THEY DON'T WANT YOU TO KNOW! The global elite uncovered a classified agenda concerning a cover-up of extraterrestrial encounters.,"Unbelievable truth exposed! An anonymous whistleblower has finally admitted that a clandestine medical cover-up was staged by the global elite. Sources say secret microchip implants have been hidden inside daily vaccines for years to control thought processes. If you look at the raw data, the proof is absolutely undeniable. Do your own research! This secret conspiracy involves a clandestine medical cover-up and has been running for decades. Shocking truth revealed!",FAKE
SHOCKING TRUTH! Undeniable evidence exposed a shocking conspiracy regarding a plan to replace fiat currency with secret mind-control chips.,"This is a shocking revelation that they don't want you to know. A highly placed secret government insider has leaked classified documents confirming that a shadow organization is actively running weather control machines. Independent researchers have found undeniable evidence, but mainstream media refuses to report this conspiracy. Share this before it gets taken down! It's time to wake up! This secret conspiracy involves the global elite and has been running for decades. Shocking truth revealed!",FAKE
The central banking authorities issued an official statement clarifying details of public health safety protocols.,"The World Health Organization published a comprehensive study highlighting modern public health safety protocols. The report outlines guidelines designed to prevent seasonal viral transmission in metropolitan areas. Medical professionals emphasized that systematic community education and vaccine distribution remain the most effective methods for long-term health stabilization. According to the published statistics, a team of clinical researchers will oversee the regulatory audits to maintain public standards.",REAL
SHOCKING TRUTH! Shocking leaked documents confirms the secret truth behind weather modification machines controlled by shadow groups.,The global elite are hiding weather modification machines that cause unnatural storms. A shocking leak reveals that a secret group is pulling the strings. This is a must-read warning! The undeniable reality is that our thoughts are being modified by fake chemicals in public drinking water. The truth is finally coming to light! This secret conspiracy involves a clandestine medical cover-up and has been running for decades. Shocking truth revealed!,FAKE
UNBELIEVABLE! An anonymous whistleblower exposed a shocking conspiracy regarding microchip implants in daily vaccines.,The global elite are hiding weather modification machines that cause unnatural storms. A shocking leak reveals that a secret group is pulling the strings. This is a must-read warning! The undeniable reality is that our thoughts are being modified by fake chemicals in public drinking water. The truth is finally coming to light! This secret conspiracy involves shocking scientific proof and has been running for decades. Shocking truth revealed!,FAKE
SHOCKING TRUTH! A clandestine medical cover-up uncovered a classified agenda concerning microchip implants in daily vaccines.,"Unbelievable truth exposed! An anonymous whistleblower has finally admitted that a clandestine medical cover-up was staged by the global elite. Sources say secret microchip implants have been hidden inside daily vaccines for years to control thought processes. If you look at the raw data, the proof is absolutely undeniable. Do your own research! This secret conspiracy involves a clandestine medical cover-up and has been running for decades. Shocking truth revealed!",FAKE
ACTUAL PROOF! An anonymous whistleblower confirms the secret truth behind a fake moon landing staging site.,"Unbelievable truth exposed! An anonymous whistleblower has finally admitted that a clandestine medical cover-up was staged by the global elite. Sources say secret microchip implants have been hidden inside daily vaccines for years to control thought processes. If you look at the raw data, the proof is absolutely undeniable. Do your own research! This secret conspiracy involves alien spaceship wreckage and has been running for decades. Shocking truth revealed!",FAKE
SHOCKING TRUTH! Shocking scientific proof confirms the secret truth behind a fake moon landing staging site.,"This is a shocking revelation that they don't want you to know. A highly placed secret government insider has leaked classified documents confirming that a shadow organization is actively running weather control machines. Independent researchers have found undeniable evidence, but mainstream media refuses to report this conspiracy. Share this before it gets taken down! It's time to wake up! This secret conspiracy involves undeniable evidence and has been running for decades. Shocking truth revealed!",FAKE
THE TRUTH EXPOSED! Shocking leaked documents exposed the undeniable reality of microchip implants in daily vaccines.,"This is a shocking revelation that they don't want you to know. A highly placed secret government insider has leaked classified documents confirming that a shadow organization is actively running weather control machines. Independent researchers have found undeniable evidence, but mainstream media refuses to report this conspiracy. Share this before it gets taken down! It's time to wake up! This secret conspiracy involves undeniable evidence and has been running for decades. Shocking truth revealed!",FAKE
UNBELIEVABLE! An anonymous whistleblower confirms the secret truth behind a plan to replace fiat currency with secret mind-control chips.,The global elite are hiding weather modification machines that cause unnatural storms. A shocking leak reveals that a secret group is pulling the strings. This is a must-read warning! The undeniable reality is that our thoughts are being modified by fake chemicals in public drinking water. The truth is finally coming to light! This secret conspiracy involves undeniable evidence and has been running for decades. Shocking truth revealed!,FAKE
MUST READ! The global elite confirms the secret truth behind microchip implants in daily vaccines.,The global elite are hiding weather modification machines that cause unnatural storms. A shocking leak reveals that a secret group is pulling the strings. This is a must-read warning! The undeniable reality is that our thoughts are being modified by fake chemicals in public drinking water. The truth is finally coming to light! This secret conspiracy involves the global elite and has been running for decades. Shocking truth revealed!,FAKE
The international trade council announced the implementation of a new policy on public health safety protocols.,"In a comprehensive report published this morning, a team of clinical researchers confirmed significant progress in sustainable energy initiatives. The study, funded by state environmental agencies, indicates that solar energy grid integration has improved by fifteen percent over the last quarter. State representatives announced that additional public funding will be allocated to expand municipal transport networks. According to the published statistics, the central banking authorities will oversee the regulatory audits to maintain public standards.",REAL
THE TRUTH EXPOSED! Undeniable evidence confirms the secret truth behind a fake moon landing staging site.,The global elite are hiding weather modification machines that cause unnatural storms. A shocking leak reveals that a secret group is pulling the strings. This is a must-read warning! The undeniable reality is that our thoughts are being modified by fake chemicals in public drinking water. The truth is finally coming to light! This secret conspiracy involves alien spaceship wreckage and has been running for decades. Shocking truth revealed!,FAKE
THE TRUTH EXPOSED! Secret government insiders revealed the unbelievable truth about a fake moon landing staging site.,The global elite are hiding weather modification machines that cause unnatural storms. A shocking leak reveals that a secret group is pulling the strings. This is a must-read warning! The undeniable reality is that our thoughts are being modified by fake chemicals in public drinking water. The truth is finally coming to light! This secret conspiracy involves undeniable evidence and has been running for decades. Shocking truth revealed!,FAKE
UNBELIEVABLE! Alien spaceship wreckage confirms the secret truth behind a fake moon landing staging site.,The global elite are hiding weather modification machines that cause unnatural storms. A shocking leak reveals that a secret group is pulling the strings. This is a must-read warning! The undeniable reality is that our thoughts are being modified by fake chemicals in public drinking water. The truth is finally coming to light! This secret conspiracy involves undeniable evidence and has been running for decades. Shocking truth revealed!,FAKE
SHOCKING TRUTH! The global elite uncovered a classified agenda concerning a fake moon landing staging site.,"This is a shocking revelation that they don't want you to know. A highly placed secret government insider has leaked classified documents confirming that a shadow organization is actively running weather control machines. Independent researchers have found undeniable evidence, but mainstream media refuses to report this conspiracy. Share this before it gets taken down! It's time to wake up! This secret conspiracy involves a clandestine medical cover-up and has been running for decades. Shocking truth revealed!",FAKE
The World Health organization approved the proposed reform legislation targeting infrastructure investments in public transport networks.,"Official representatives of the international trade council approved the proposed bilateral trade tariffs during the summit. The official agreement aims to stabilize commodity pricing and support domestic manufacturing sectors. Government officials declared that regular audits will be performed to ensure compliance with international standard regulations. According to the published statistics, state environmental scientists will oversee the regulatory audits to maintain public standards.",REAL
ACTUAL PROOF! Shocking leaked documents exposed a shocking conspiracy regarding weather modification machines controlled by shadow groups.,Breaking news: actual proof has surfaced about alien spaceship wreckage discovered under deep ocean chambers. A secret military branch has been keeping this classified technology hidden from the public to advance their secret mind-control agenda. Experts who tried to expose this shocking secret have vanished. Read the full leak here! This secret conspiracy involves a shadow organization and has been running for decades. Shocking truth revealed!,FAKE
UNBELIEVABLE! Alien spaceship wreckage revealed the unbelievable truth about a fake moon landing staging site.,The global elite are hiding weather modification machines that cause unnatural storms. A shocking leak reveals that a secret group is pulling the strings. This is a must-read warning! The undeniable reality is that our thoughts are being modified by fake chemicals in public drinking water. The truth is finally coming to light! This secret conspiracy involves the global elite and has been running for decades. Shocking truth revealed!,FAKE
The Prime Minister's press secretary announced the implementation of a new policy on academic curriculum standards in rural schools.,"Official representatives of the international trade council approved the proposed bilateral trade tariffs during the summit. The official agreement aims to stabilize commodity pricing and support domestic manufacturing sectors. Government officials declared that regular audits will be performed to ensure compliance with international standard regulations. According to the published statistics, state environmental scientists will oversee the regulatory audits to maintain public standards.",REAL
MUST READ! An anonymous whistleblower exposed the undeniable reality of a cover-up of extraterrestrial encounters.,Breaking news: actual proof has surfaced about alien spaceship wreckage discovered under deep ocean chambers. A secret military branch has been keeping this classified technology hidden from the public to advance their secret mind-control agenda. Experts who tried to expose this shocking secret have vanished. Read the full leak here! This secret conspiracy involves the global elite and has been running for decades. Shocking truth revealed!,FAKE
The Department of Finance issued an official statement clarifying details of infrastructure investments in public transport networks.,"In a comprehensive report published this morning, a team of clinical researchers confirmed significant progress in sustainable energy initiatives. The study, funded by state environmental agencies, indicates that solar energy grid integration has improved by fifteen percent over the last quarter. State representatives announced that additional public funding will be allocated to expand municipal transport networks. According to the published statistics, the world health organization will oversee the regulatory audits to maintain public standards.",REAL
UNBELIEVABLE! A clandestine medical cover-up exposed the undeniable reality of a cover-up of extraterrestrial encounters.,The global elite are hiding weather modification machines that cause unnatural storms. A shocking leak reveals that a secret group is pulling the strings. This is a must-read warning! The undeniable reality is that our thoughts are being modified by fake chemicals in public drinking water. The truth is finally coming to light! This secret conspiracy involves an anonymous whistleblower and has been running for decades. Shocking truth revealed!,FAKE
ACTUAL PROOF! Shocking leaked documents admitted to a secret operation involving microchip implants in daily vaccines.,"Unbelievable truth exposed! An anonymous whistleblower has finally admitted that a clandestine medical cover-up was staged by the global elite. Sources say secret microchip implants have been hidden inside daily vaccines for years to control thought processes. If you look at the raw data, the proof is absolutely undeniable. Do your own research! This secret conspiracy involves shocking scientific proof and has been running for decades. Shocking truth revealed!",FAKE
UNBELIEVABLE! Alien spaceship wreckage uncovered a classified agenda concerning weather modification machines controlled by shadow groups.,Breaking news: actual proof has surfaced about alien spaceship wreckage discovered under deep ocean chambers. A secret military branch has been keeping this classified technology hidden from the public to advance their secret mind-control agenda. Experts who tried to expose this shocking secret have vanished. Read the full leak here! This secret conspiracy involves secret government insiders and has been running for decades. Shocking truth revealed!,FAKE
The Prime Minister's press secretary confirmed a strategic agreement regarding public health safety protocols.,"Official representatives of the international trade council approved the proposed bilateral trade tariffs during the summit. The official agreement aims to stabilize commodity pricing and support domestic manufacturing sectors. Government officials declared that regular audits will be performed to ensure compliance with international standard regulations. According to the published statistics, the international trade council will oversee the regulatory audits to maintain public standards.",REAL
ACTUAL PROOF! Alien spaceship wreckage admitted to a secret operation involving fake water chemicals designed to control public thoughts.,The global elite are hiding weather modification machines that cause unnatural storms. A shocking leak reveals that a secret group is pulling the strings. This is a must-read warning! The undeniable reality is that our thoughts are being modified by fake chemicals in public drinking water. The truth is finally coming to light! This secret conspiracy involves shocking leaked documents and has been running for decades. Shocking truth revealed!,FAKE
THEY DON'T WANT YOU TO KNOW! Undeniable evidence exposed a shocking conspiracy regarding weather modification machines controlled by shadow groups.,Breaking news: actual proof has surfaced about alien spaceship wreckage discovered under deep ocean chambers. A secret military branch has been keeping this classified technology hidden from the public to advance their secret mind-control agenda. Experts who tried to expose this shocking secret have vanished. Read the full leak here! This secret conspiracy involves shocking scientific proof and has been running for decades. Shocking truth revealed!,FAKE
The central banking authorities published a comprehensive report concerning academic curriculum standards in rural schools.,"In a comprehensive report published this morning, a team of clinical researchers confirmed significant progress in sustainable energy initiatives. The study, funded by state environmental agencies, indicates that solar energy grid integration has improved by fifteen percent over the last quarter. State representatives announced that additional public funding will be allocated to expand municipal transport networks. According to the published statistics, the international trade council will oversee the regulatory audits to maintain public standards.",REAL
The Department of Finance announced the implementation of a new policy on infrastructure investments in public transport networks.,"Official representatives of the international trade council approved the proposed bilateral trade tariffs during the summit. The official agreement aims to stabilize commodity pricing and support domestic manufacturing sectors. Government officials declared that regular audits will be performed to ensure compliance with international standard regulations. According to the published statistics, the international trade council will oversee the regulatory audits to maintain public standards.",REAL
ACTUAL PROOF! The global elite exposed the undeniable reality of a plan to replace fiat currency with secret mind-control chips.,"This is a shocking revelation that they don't want you to know. A highly placed secret government insider has leaked classified documents confirming that a shadow organization is actively running weather control machines. Independent researchers have found undeniable evidence, but mainstream media refuses to report this conspiracy. Share this before it gets taken down! It's time to wake up! This secret conspiracy involves secret government insiders and has been running for decades. Shocking truth revealed!",FAKE
SHOCKING TRUTH! A clandestine medical cover-up uncovered a classified agenda concerning fake water chemicals designed to control public thoughts.,Breaking news: actual proof has surfaced about alien spaceship wreckage discovered under deep ocean chambers. A secret military branch has been keeping this classified technology hidden from the public to advance their secret mind-control agenda. Experts who tried to expose this shocking secret have vanished. Read the full leak here! This secret conspiracy involves an anonymous whistleblower and has been running for decades. Shocking truth revealed!,FAKE
Official government agencies published a comprehensive report concerning small business tax regulations.,"The Department of Finance issued an official statement yesterday confirming the implementation of a new policy designed to support small business growth. According to parliamentary spokespeople, the reform legislation introduces tax reductions for local entrepreneurs. Financial analysts state that the infrastructure funding will stimulate regional economic activity and increase employment indices over the fiscal year. According to the published statistics, the prime minister's press secretary will oversee the regulatory audits to maintain public standards.",REAL
MUST READ! Undeniable evidence confirms the secret truth behind weather modification machines controlled by shadow groups.,Breaking news: actual proof has surfaced about alien spaceship wreckage discovered under deep ocean chambers. A secret military branch has been keeping this classified technology hidden from the public to advance their secret mind-control agenda. Experts who tried to expose this shocking secret have vanished. Read the full leak here! This secret conspiracy involves the global elite and has been running for decades. Shocking truth revealed!,FAKE
ACTUAL PROOF! An anonymous whistleblower exposed a shocking conspiracy regarding microchip implants in daily vaccines.,Breaking news: actual proof has surfaced about alien spaceship wreckage discovered under deep ocean chambers. A secret military branch has been keeping this classified technology hidden from the public to advance their secret mind-control agenda. Experts who tried to expose this shocking secret have vanished. Read the full leak here! This secret conspiracy involves shocking leaked documents and has been running for decades. Shocking truth revealed!,FAKE
The Prime Minister's press secretary approved the proposed reform legislation targeting sustainable energy development funding.,"In a comprehensive report published this morning, a team of clinical researchers confirmed significant progress in sustainable energy initiatives. The study, funded by state environmental agencies, indicates that solar energy grid integration has improved by fifteen percent over the last quarter. State representatives announced that additional public funding will be allocated to expand municipal transport networks. According to the published statistics, the prime minister's press secretary will oversee the regulatory audits to maintain public standards.",REAL
Parliamentary representatives revealed research results on sustainable energy development funding.,"Official representatives of the international trade council approved the proposed bilateral trade tariffs during the summit. The official agreement aims to stabilize commodity pricing and support domestic manufacturing sectors. Government officials declared that regular audits will be performed to ensure compliance with international standard regulations. According to the published statistics, parliamentary representatives will oversee the regulatory audits to maintain public standards.",REAL
MUST READ! An anonymous whistleblower uncovered a classified agenda concerning fake water chemicals designed to control public thoughts.,Breaking news: actual proof has surfaced about alien spaceship wreckage discovered under deep ocean chambers. A secret military branch has been keeping this classified technology hidden from the public to advance their secret mind-control agenda. Experts who tried to expose this shocking secret have vanished. Read the full leak here! This secret conspiracy involves alien spaceship wreckage and has been running for decades. Shocking truth revealed!,FAKE
The international trade council revealed research results on small business tax regulations.,"In a comprehensive report published this morning, a team of clinical researchers confirmed significant progress in sustainable energy initiatives. The study, funded by state environmental agencies, indicates that solar energy grid integration has improved by fifteen percent over the last quarter. State representatives announced that additional public funding will be allocated to expand municipal transport networks. According to the published statistics, the international trade council will oversee the regulatory audits to maintain public standards.",REAL
State environmental scientists approved the proposed reform legislation targeting infrastructure investments in public transport networks.,"The Department of Finance issued an official statement yesterday confirming the implementation of a new policy designed to support small business growth. According to parliamentary spokespeople, the reform legislation introduces tax reductions for local entrepreneurs. Financial analysts state that the infrastructure funding will stimulate regional economic activity and increase employment indices over the fiscal year. According to the published statistics, the department of finance will oversee the regulatory audits to maintain public standards.",REAL
THEY DON'T WANT YOU TO KNOW! Secret government insiders admitted to a secret operation involving weather modification machines controlled by shadow groups.,"Unbelievable truth exposed! An anonymous whistleblower has finally admitted that a clandestine medical cover-up was staged by the global elite. Sources say secret microchip implants have been hidden inside daily vaccines for years to control thought processes. If you look at the raw data, the proof is absolutely undeniable. Do your own research! This secret conspiracy involves alien spaceship wreckage and has been running for decades. Shocking truth revealed!",FAKE
UNBELIEVABLE! The global elite exposed a shocking conspiracy regarding a fake moon landing staging site.,"Unbelievable truth exposed! An anonymous whistleblower has finally admitted that a clandestine medical cover-up was staged by the global elite. Sources say secret microchip implants have been hidden inside daily vaccines for years to control thought processes. If you look at the raw data, the proof is absolutely undeniable. Do your own research! This secret conspiracy involves a clandestine medical cover-up and has been running for decades. Shocking truth revealed!",FAKE
Official government agencies approved the proposed reform legislation targeting bilateral trade tariffs on imported goods.,"Official representatives of the international trade council approved the proposed bilateral trade tariffs during the summit. The official agreement aims to stabilize commodity pricing and support domestic manufacturing sectors. Government officials declared that regular audits will be performed to ensure compliance with international standard regulations. According to the published statistics, the prime minister's press secretary will oversee the regulatory audits to maintain public standards.",REAL
THEY DON'T WANT YOU TO KNOW! A shadow organization uncovered a classified agenda concerning a cover-up of extraterrestrial encounters.,Breaking news: actual proof has surfaced about alien spaceship wreckage discovered under deep ocean chambers. A secret military branch has been keeping this classified technology hidden from the public to advance their secret mind-control agenda. Experts who tried to expose this shocking secret have vanished. Read the full leak here! This secret conspiracy involves alien spaceship wreckage and has been running for decades. Shocking truth revealed!,FAKE
The Department of Finance published a comprehensive report concerning academic curriculum standards in rural schools.,"The World Health Organization published a comprehensive study highlighting modern public health safety protocols. The report outlines guidelines designed to prevent seasonal viral transmission in metropolitan areas. Medical professionals emphasized that systematic community education and vaccine distribution remain the most effective methods for long-term health stabilization. According to the published statistics, the world health organization will oversee the regulatory audits to maintain public standards.",REAL
SHOCKING TRUTH! A clandestine medical cover-up uncovered a classified agenda concerning weather modification machines controlled by shadow groups.,"Unbelievable truth exposed! An anonymous whistleblower has finally admitted that a clandestine medical cover-up was staged by the global elite. Sources say secret microchip implants have been hidden inside daily vaccines for years to control thought processes. If you look at the raw data, the proof is absolutely undeniable. Do your own research! This secret conspiracy involves an anonymous whistleblower and has been running for decades. Shocking truth revealed!",FAKE
UNBELIEVABLE! Shocking leaked documents revealed the unbelievable truth about fake water chemicals designed to control public thoughts.,The global elite are hiding weather modification machines that cause unnatural storms. A shocking leak reveals that a secret group is pulling the strings. This is a must-read warning! The undeniable reality is that our thoughts are being modified by fake chemicals in public drinking water. The truth is finally coming to light! This secret conspiracy involves the global elite and has been running for decades. Shocking truth revealed!,FAKE
ACTUAL PROOF! Undeniable evidence exposed the undeniable reality of weather modification machines controlled by shadow groups.,"This is a shocking revelation that they don't want you to know. A highly placed secret government insider has leaked classified documents confirming that a shadow organization is actively running weather control machines. Independent researchers have found undeniable evidence, but mainstream media refuses to report this conspiracy. Share this before it gets taken down! It's time to wake up! This secret conspiracy involves shocking scientific proof and has been running for decades. Shocking truth revealed!",FAKE
Parliamentary representatives approved the proposed reform legislation targeting infrastructure investments in public transport networks.,"Official representatives of the international trade council approved the proposed bilateral trade tariffs during the summit. The official agreement aims to stabilize commodity pricing and support domestic manufacturing sectors. Government officials declared that regular audits will be performed to ensure compliance with international standard regulations. According to the published statistics, the department of finance will oversee the regulatory audits to maintain public standards.",REAL
The international trade council revealed research results on academic curriculum standards in rural schools.,"In a comprehensive report published this morning, a team of clinical researchers confirmed significant progress in sustainable energy initiatives. The study, funded by state environmental agencies, indicates that solar energy grid integration has improved by fifteen percent over the last quarter. State representatives announced that additional public funding will be allocated to expand municipal transport networks. According to the published statistics, the world health organization will oversee the regulatory audits to maintain public standards.",REAL
UNBELIEVABLE! Secret government insiders confirms the secret truth behind fake water chemicals designed to control public thoughts.,Breaking news: actual proof has surfaced about alien spaceship wreckage discovered under deep ocean chambers. A secret military branch has been keeping this classified technology hidden from the public to advance their secret mind-control agenda. Experts who tried to expose this shocking secret have vanished. Read the full leak here! This secret conspiracy involves shocking scientific proof and has been running for decades. Shocking truth revealed!,FAKE
MUST READ! Shocking leaked documents uncovered a classified agenda concerning weather modification machines controlled by shadow groups.,Breaking news: actual proof has surfaced about alien spaceship wreckage discovered under deep ocean chambers. A secret military branch has been keeping this classified technology hidden from the public to advance their secret mind-control agenda. Experts who tried to expose this shocking secret have vanished. Read the full leak here! This secret conspiracy involves an anonymous whistleblower and has been running for decades. Shocking truth revealed!,FAKE
The international trade council announced the implementation of a new policy on sustainable energy development funding.,"In a comprehensive report published this morning, a team of clinical researchers confirmed significant progress in sustainable energy initiatives. The study, funded by state environmental agencies, indicates that solar energy grid integration has improved by fifteen percent over the last quarter. State representatives announced that additional public funding will be allocated to expand municipal transport networks. According to the published statistics, state environmental scientists will oversee the regulatory audits to maintain public standards.",REAL
State environmental scientists issued an official statement clarifying details of sustainable energy development funding.,"The World Health Organization published a comprehensive study highlighting modern public health safety protocols. The report outlines guidelines designed to prevent seasonal viral transmission in metropolitan areas. Medical professionals emphasized that systematic community education and vaccine distribution remain the most effective methods for long-term health stabilization. According to the published statistics, the world health organization will oversee the regulatory audits to maintain public standards.",REAL
The World Health organization issued an official statement clarifying details of sustainable energy development funding.,"In a comprehensive report published this morning, a team of clinical researchers confirmed significant progress in sustainable energy initiatives. The study, funded by state environmental agencies, indicates that solar energy grid integration has improved by fifteen percent over the last quarter. State representatives announced that additional public funding will be allocated to expand municipal transport networks. According to the published statistics, parliamentary representatives will oversee the regulatory audits to maintain public standards.",REAL
A team of clinical researchers revealed research results on sustainable energy development funding.,"The Department of Finance issued an official statement yesterday confirming the implementation of a new policy designed to support small business growth. According to parliamentary spokespeople, the reform legislation introduces tax reductions for local entrepreneurs. Financial analysts state that the infrastructure funding will stimulate regional economic activity and increase employment indices over the fiscal year. According to the published statistics, the prime minister's press secretary will oversee the regulatory audits to maintain public standards.",REAL
State environmental scientists announced the implementation of a new policy on bilateral trade tariffs on imported goods.,"Official representatives of the international trade council approved the proposed bilateral trade tariffs during the summit. The official agreement aims to stabilize commodity pricing and support domestic manufacturing sectors. Government officials declared that regular audits will be performed to ensure compliance with international standard regulations. According to the published statistics, the world health organization will oversee the regulatory audits to maintain public standards.",REAL
MUST READ! A shadow organization uncovered a classified agenda concerning a cover-up of extraterrestrial encounters.,"This is a shocking revelation that they don't want you to know. A highly placed secret government insider has leaked classified documents confirming that a shadow organization is actively running weather control machines. Independent researchers have found undeniable evidence, but mainstream media refuses to report this conspiracy. Share this before it gets taken down! It's time to wake up! This secret conspiracy involves secret government insiders and has been running for decades. Shocking truth revealed!",FAKE
UNBELIEVABLE! Alien spaceship wreckage exposed the undeniable reality of a fake moon landing staging site.,"This is a shocking revelation that they don't want you to know. A highly placed secret government insider has leaked classified documents confirming that a shadow organization is actively running weather control machines. Independent researchers have found undeniable evidence, but mainstream media refuses to report this conspiracy. Share this before it gets taken down! It's time to wake up! This secret conspiracy involves alien spaceship wreckage and has been running for decades. Shocking truth revealed!",FAKE
Official government agencies issued an official statement clarifying details of academic curriculum standards in rural schools.,"The World Health Organization published a comprehensive study highlighting modern public health safety protocols. The report outlines guidelines designed to prevent seasonal viral transmission in metropolitan areas. Medical professionals emphasized that systematic community education and vaccine distribution remain the most effective methods for long-term health stabilization. According to the published statistics, official government agencies will oversee the regulatory audits to maintain public standards.",REAL
Parliamentary representatives confirmed a strategic agreement regarding small business tax regulations.,"In a comprehensive report published this morning, a team of clinical researchers confirmed significant progress in sustainable energy initiatives. The study, funded by state environmental agencies, indicates that solar energy grid integration has improved by fifteen percent over the last quarter. State representatives announced that additional public funding will be allocated to expand municipal transport networks. According to the published statistics, the prime minister's press secretary will oversee the regulatory audits to maintain public standards.",REAL
Parliamentary representatives issued an official statement clarifying details of sustainable energy development funding.,"The World Health Organization published a comprehensive study highlighting modern public health safety protocols. The report outlines guidelines designed to prevent seasonal viral transmission in metropolitan areas. Medical professionals emphasized that systematic community education and vaccine distribution remain the most effective methods for long-term health stabilization. According to the published statistics, the world health organization will oversee the regulatory audits to maintain public standards.",REAL
Official government agencies issued an official statement clarifying details of bilateral trade tariffs on imported goods.,"In a comprehensive report published this morning, a team of clinical researchers confirmed significant progress in sustainable energy initiatives. The study, funded by state environmental agencies, indicates that solar energy grid integration has improved by fifteen percent over the last quarter. State representatives announced that additional public funding will be allocated to expand municipal transport networks. According to the published statistics, a team of clinical researchers will oversee the regulatory audits to maintain public standards.",REAL
SHOCKING TRUTH! The global elite confirms the secret truth behind microchip implants in daily vaccines.,"Unbelievable truth exposed! An anonymous whistleblower has finally admitted that a clandestine medical cover-up was staged by the global elite. Sources say secret microchip implants have been hidden inside daily vaccines for years to control thought processes. If you look at the raw data, the proof is absolutely undeniable. Do your own research! This secret conspiracy involves secret government insiders and has been running for decades. Shocking truth revealed!",FAKE
The World Health organization issued an official statement clarifying details of academic curriculum standards in rural schools.,"The World Health Organization published a comprehensive study highlighting modern public health safety protocols. The report outlines guidelines designed to prevent seasonal viral transmission in metropolitan areas. Medical professionals emphasized that systematic community education and vaccine distribution remain the most effective methods for long-term health stabilization. According to the published statistics, the international trade council will oversee the regulatory audits to maintain public standards.",REAL
The World Health organization published a comprehensive report concerning infrastructure investments in public transport networks.,"Official representatives of the international trade council approved the proposed bilateral trade tariffs during the summit. The official agreement aims to stabilize commodity pricing and support domestic manufacturing sectors. Government officials declared that regular audits will be performed to ensure compliance with international standard regulations. According to the published statistics, official government agencies will oversee the regulatory audits to maintain public standards.",REAL
The World Health organization announced the implementation of a new policy on academic curriculum standards in rural schools.,"In a comprehensive report published this morning, a team of clinical researchers confirmed significant progress in sustainable energy initiatives. The study, funded by state environmental agencies, indicates that solar energy grid integration has improved by fifteen percent over the last quarter. State representatives announced that additional public funding will be allocated to expand municipal transport networks. According to the published statistics, parliamentary representatives will oversee the regulatory audits to maintain public standards.",REAL
A team of clinical researchers issued an official statement clarifying details of sustainable energy development funding.,"In a comprehensive report published this morning, a team of clinical researchers confirmed significant progress in sustainable energy initiatives. The study, funded by state environmental agencies, indicates that solar energy grid integration has improved by fifteen percent over the last quarter. State representatives announced that additional public funding will be allocated to expand municipal transport networks. According to the published statistics, official government agencies will oversee the regulatory audits to maintain public standards.",REAL
A team of clinical researchers published a comprehensive report concerning sustainable energy development funding.,"The Department of Finance issued an official statement yesterday confirming the implementation of a new policy designed to support small business growth. According to parliamentary spokespeople, the reform legislation introduces tax reductions for local entrepreneurs. Financial analysts state that the infrastructure funding will stimulate regional economic activity and increase employment indices over the fiscal year. According to the published statistics, the world health organization will oversee the regulatory audits to maintain public standards.",REAL
ACTUAL PROOF! Secret government insiders exposed a shocking conspiracy regarding a cover-up of extraterrestrial encounters.,The global elite are hiding weather modification machines that cause unnatural storms. A shocking leak reveals that a secret group is pulling the strings. This is a must-read warning! The undeniable reality is that our thoughts are being modified by fake chemicals in public drinking water. The truth is finally coming to light! This secret conspiracy involves a shadow organization and has been running for decades. Shocking truth revealed!,FAKE
ACTUAL PROOF! Shocking scientific proof exposed the undeniable reality of weather modification machines controlled by shadow groups.,The global elite are hiding weather modification machines that cause unnatural storms. A shocking leak reveals that a secret group is pulling the strings. This is a must-read warning! The undeniable reality is that our thoughts are being modified by fake chemicals in public drinking water. The truth is finally coming to light! This secret conspiracy involves a shadow organization and has been running for decades. Shocking truth revealed!,FAKE
The Prime Minister's press secretary approved the proposed reform legislation targeting bilateral trade tariffs on imported goods.,"The World Health Organization published a comprehensive study highlighting modern public health safety protocols. The report outlines guidelines designed to prevent seasonal viral transmission in metropolitan areas. Medical professionals emphasized that systematic community education and vaccine distribution remain the most effective methods for long-term health stabilization. According to the published statistics, a team of clinical researchers will oversee the regulatory audits to maintain public standards.",REAL
MUST READ! The global elite revealed the unbelievable truth about fake water chemicals designed to control public thoughts.,"This is a shocking revelation that they don't want you to know. A highly placed secret government insider has leaked classified documents confirming that a shadow organization is actively running weather control machines. Independent researchers have found undeniable evidence, but mainstream media refuses to report this conspiracy. Share this before it gets taken down! It's time to wake up! This secret conspiracy involves a shadow organization and has been running for decades. Shocking truth revealed!",FAKE
The Department of Finance approved the proposed reform legislation targeting bilateral trade tariffs on imported goods.,"Official representatives of the international trade council approved the proposed bilateral trade tariffs during the summit. The official agreement aims to stabilize commodity pricing and support domestic manufacturing sectors. Government officials declared that regular audits will be performed to ensure compliance with international standard regulations. According to the published statistics, state environmental scientists will oversee the regulatory audits to maintain public standards.",REAL
THE TRUTH EXPOSED! A shadow organization uncovered a classified agenda concerning a fake moon landing staging site.,"Unbelievable truth exposed! An anonymous whistleblower has finally admitted that a clandestine medical cover-up was staged by the global elite. Sources say secret microchip implants have been hidden inside daily vaccines for years to control thought processes. If you look at the raw data, the proof is absolutely undeniable. Do your own research! This secret conspiracy involves the global elite and has been running for decades. Shocking truth revealed!",FAKE
THEY DON'T WANT YOU TO KNOW! Undeniable evidence exposed the undeniable reality of a cover-up of extraterrestrial encounters.,"Unbelievable truth exposed! An anonymous whistleblower has finally admitted that a clandestine medical cover-up was staged by the global elite. Sources say secret microchip implants have been hidden inside daily vaccines for years to control thought processes. If you look at the raw data, the proof is absolutely undeniable. Do your own research! This secret conspiracy involves a clandestine medical cover-up and has been running for decades. Shocking truth revealed!",FAKE
UNBELIEVABLE! Shocking scientific proof exposed a shocking conspiracy regarding weather modification machines controlled by shadow groups.,Breaking news: actual proof has surfaced about alien spaceship wreckage discovered under deep ocean chambers. A secret military branch has been keeping this classified technology hidden from the public to advance their secret mind-control agenda. Experts who tried to expose this shocking secret have vanished. Read the full leak here! This secret conspiracy involves a clandestine medical cover-up and has been running for decades. Shocking truth revealed!,FAKE
UNBELIEVABLE! Undeniable evidence exposed a shocking conspiracy regarding microchip implants in daily vaccines.,The global elite are hiding weather modification machines that cause unnatural storms. A shocking leak reveals that a secret group is pulling the strings. This is a must-read warning! The undeniable reality is that our thoughts are being modified by fake chemicals in public drinking water. The truth is finally coming to light! This secret conspiracy involves undeniable evidence and has been running for decades. Shocking truth revealed!,FAKE
The international trade council announced the implementation of a new policy on public health safety protocols.,"In a comprehensive report published this morning, a team of clinical researchers confirmed significant progress in sustainable energy initiatives. The study, funded by state environmental agencies, indicates that solar energy grid integration has improved by fifteen percent over the last quarter. State representatives announced that additional public funding will be allocated to expand municipal transport networks. According to the published statistics, the prime minister's press secretary will oversee the regulatory audits to maintain public standards.",REAL
THEY DON'T WANT YOU TO KNOW! Secret government insiders uncovered a classified agenda concerning weather modification machines controlled by shadow groups.,"Unbelievable truth exposed! An anonymous whistleblower has finally admitted that a clandestine medical cover-up was staged by the global elite. Sources say secret microchip implants have been hidden inside daily vaccines for years to control thought processes. If you look at the raw data, the proof is absolutely undeniable. Do your own research! This secret conspiracy involves a clandestine medical cover-up and has been running for decades. Shocking truth revealed!",FAKE
THEY DON'T WANT YOU TO KNOW! A clandestine medical cover-up admitted to a secret operation involving microchip implants in daily vaccines.,Breaking news: actual proof has surfaced about alien spaceship wreckage discovered under deep ocean chambers. A secret military branch has been keeping this classified technology hidden from the public to advance their secret mind-control agenda. Experts who tried to expose this shocking secret have vanished. Read the full leak here! This secret conspiracy involves a clandestine medical cover-up and has been running for decades. Shocking truth revealed!,FAKE
THEY DON'T WANT YOU TO KNOW! A clandestine medical cover-up confirms the secret truth behind microchip implants in daily vaccines.,The global elite are hiding weather modification machines that cause unnatural storms. A shocking leak reveals that a secret group is pulling the strings. This is a must-read warning! The undeniable reality is that our thoughts are being modified by fake chemicals in public drinking water. The truth is finally coming to light! This secret conspiracy involves shocking leaked documents and has been running for decades. Shocking truth revealed!,FAKE
UNBELIEVABLE! Shocking scientific proof exposed a shocking conspiracy regarding microchip implants in daily vaccines.,"This is a shocking revelation that they don't want you to know. A highly placed secret government insider has leaked classified documents confirming that a shadow organization is actively running weather control machines. Independent researchers have found undeniable evidence, but mainstream media refuses to report this conspiracy. Share this before it gets taken down! It's time to wake up! This secret conspiracy involves shocking leaked documents and has been running for decades. Shocking truth revealed!",FAKE
SHOCKING TRUTH! The global elite exposed the undeniable reality of a plan to replace fiat currency with secret mind-control chips.,The global elite are hiding weather modification machines that cause unnatural storms. A shocking leak reveals that a secret group is pulling the strings. This is a must-read warning! The undeniable reality is that our thoughts are being modified by fake chemicals in public drinking water. The truth is finally coming to light! This secret conspiracy involves the global elite and has been running for decades. Shocking truth revealed!,FAKE
MUST READ! Shocking scientific proof revealed the unbelievable truth about weather modification machines controlled by shadow groups.,The global elite are hiding weather modification machines that cause unnatural storms. A shocking leak reveals that a secret group is pulling the strings. This is a must-read warning! The undeniable reality is that our thoughts are being modified by fake chemicals in public drinking water. The truth is finally coming to light! This secret conspiracy involves a clandestine medical cover-up and has been running for decades. Shocking truth revealed!,FAKE
ACTUAL PROOF! Undeniable evidence confirms the secret truth behind fake water chemicals designed to control public thoughts.,"This is a shocking revelation that they don't want you to know. A highly placed secret government insider has leaked classified documents confirming that a shadow organization is actively running weather control machines. Independent researchers have found undeniable evidence, but mainstream media refuses to report this conspiracy. Share this before it gets taken down! It's time to wake up! This secret conspiracy involves shocking leaked documents and has been running for decades. Shocking truth revealed!",FAKE
THE TRUTH EXPOSED! A shadow organization exposed the undeniable reality of fake water chemicals designed to control public thoughts.,"Unbelievable truth exposed! An anonymous whistleblower has finally admitted that a clandestine medical cover-up was staged by the global elite. Sources say secret microchip implants have been hidden inside daily vaccines for years to control thought processes. If you look at the raw data, the proof is absolutely undeniable. Do your own research! This secret conspiracy involves shocking leaked documents and has been running for decades. Shocking truth revealed!",FAKE
THEY DON'T WANT YOU TO KNOW! Shocking scientific proof uncovered a classified agenda concerning a fake moon landing staging site.,Breaking news: actual proof has surfaced about alien spaceship wreckage discovered under deep ocean chambers. A secret military branch has been keeping this classified technology hidden from the public to advance their secret mind-control agenda. Experts who tried to expose this shocking secret have vanished. Read the full leak here! This secret conspiracy involves undeniable evidence and has been running for decades. Shocking truth revealed!,FAKE
Parliamentary representatives published a comprehensive report concerning bilateral trade tariffs on imported goods.,"The Department of Finance issued an official statement yesterday confirming the implementation of a new policy designed to support small business growth. According to parliamentary spokespeople, the reform legislation introduces tax reductions for local entrepreneurs. Financial analysts state that the infrastructure funding will stimulate regional economic activity and increase employment indices over the fiscal year. According to the published statistics, state environmental scientists will oversee the regulatory audits to maintain public standards.",REAL
State environmental scientists confirmed a strategic agreement regarding public health safety protocols.,"Official representatives of the international trade council approved the proposed bilateral trade tariffs during the summit. The official agreement aims to stabilize commodity pricing and support domestic manufacturing sectors. Government officials declared that regular audits will be performed to ensure compliance with international standard regulations. According to the published statistics, official government agencies will oversee the regulatory audits to maintain public standards.",REAL
ACTUAL PROOF! Alien spaceship wreckage confirms the secret truth behind fake water chemicals designed to control public thoughts.,"Unbelievable truth exposed! An anonymous whistleblower has finally admitted that a clandestine medical cover-up was staged by the global elite. Sources say secret microchip implants have been hidden inside daily vaccines for years to control thought processes. If you look at the raw data, the proof is absolutely undeniable. Do your own research! This secret conspiracy involves a shadow organization and has been running for decades. Shocking truth revealed!",FAKE
Parliamentary representatives published a comprehensive report concerning infrastructure investments in public transport networks.,"The Department of Finance issued an official statement yesterday confirming the implementation of a new policy designed to support small business growth. According to parliamentary spokespeople, the reform legislation introduces tax reductions for local entrepreneurs. Financial analysts state that the infrastructure funding will stimulate regional economic activity and increase employment indices over the fiscal year. According to the published statistics, the department of finance will oversee the regulatory audits to maintain public standards.",REAL
The central banking authorities confirmed a strategic agreement regarding academic curriculum standards in rural schools.,"The Department of Finance issued an official statement yesterday confirming the implementation of a new policy designed to support small business growth. According to parliamentary spokespeople, the reform legislation introduces tax reductions for local entrepreneurs. Financial analysts state that the infrastructure funding will stimulate regional economic activity and increase employment indices over the fiscal year. According to the published statistics, the international trade council will oversee the regulatory audits to maintain public standards.",REAL
The Prime Minister's press secretary announced the implementation of a new policy on small business tax regulations.,"In a comprehensive report published this morning, a team of clinical researchers confirmed significant progress in sustainable energy initiatives. The study, funded by state environmental agencies, indicates that solar energy grid integration has improved by fifteen percent over the last quarter. State representatives announced that additional public funding will be allocated to expand municipal transport networks. According to the published statistics, a team of clinical researchers will oversee the regulatory audits to maintain public standards.",REAL
State environmental scientists issued an official statement clarifying details of small business tax regulations.,"In a comprehensive report published this morning, a team of clinical researchers confirmed significant progress in sustainable energy initiatives. The study, funded by state environmental agencies, indicates that solar energy grid integration has improved by fifteen percent over the last quarter. State representatives announced that additional public funding will be allocated to expand municipal transport networks. According to the published statistics, the international trade council will oversee the regulatory audits to maintain public standards.",REAL
The World Health organization issued an official statement clarifying details of bilateral trade tariffs on imported goods.,"In a comprehensive report published this morning, a team of clinical researchers confirmed significant progress in sustainable energy initiatives. The study, funded by state environmental agencies, indicates that solar energy grid integration has improved by fifteen percent over the last quarter. State representatives announced that additional public funding will be allocated to expand municipal transport networks. According to the published statistics, state environmental scientists will oversee the regulatory audits to maintain public standards.",REAL
A team of clinical researchers confirmed a strategic agreement regarding public health safety protocols.,"Official representatives of the international trade council approved the proposed bilateral trade tariffs during the summit. The official agreement aims to stabilize commodity pricing and support domestic manufacturing sectors. Government officials declared that regular audits will be performed to ensure compliance with international standard regulations. According to the published statistics, a team of clinical researchers will oversee the regulatory audits to maintain public standards.",REAL
SHOCKING TRUTH! An anonymous whistleblower uncovered a classified agenda concerning weather modification machines controlled by shadow groups.,The global elite are hiding weather modification machines that cause unnatural storms. A shocking leak reveals that a secret group is pulling the strings. This is a must-read warning! The undeniable reality is that our thoughts are being modified by fake chemicals in public drinking water. The truth is finally coming to light! This secret conspiracy involves alien spaceship wreckage and has been running for decades. Shocking truth revealed!,FAKE
The international trade council published a comprehensive report concerning sustainable energy development funding.,"In a comprehensive report published this morning, a team of clinical researchers confirmed significant progress in sustainable energy initiatives. The study, funded by state environmental agencies, indicates that solar energy grid integration has improved by fifteen percent over the last quarter. State representatives announced that additional public funding will be allocated to expand municipal transport networks. According to the published statistics, the prime minister's press secretary will oversee the regulatory audits to maintain public standards.",REAL
The central banking authorities confirmed a strategic agreement regarding infrastructure investments in public transport networks.,"The World Health Organization published a comprehensive study highlighting modern public health safety protocols. The report outlines guidelines designed to prevent seasonal viral transmission in metropolitan areas. Medical professionals emphasized that systematic community education and vaccine distribution remain the most effective methods for long-term health stabilization. According to the published statistics, the international trade council will oversee the regulatory audits to maintain public standards.",REAL
The Department of Finance revealed research results on bilateral trade tariffs on imported goods.,"Official representatives of the international trade council approved the proposed bilateral trade tariffs during the summit. The official agreement aims to stabilize commodity pricing and support domestic manufacturing sectors. Government officials declared that regular audits will be performed to ensure compliance with international standard regulations. According to the published statistics, parliamentary representatives will oversee the regulatory audits to maintain public standards.",REAL
A team of clinical researchers revealed research results on academic curriculum standards in rural schools.,"The Department of Finance issued an official statement yesterday confirming the implementation of a new policy designed to support small business growth. According to parliamentary spokespeople, the reform legislation introduces tax reductions for local entrepreneurs. Financial analysts state that the infrastructure funding will stimulate regional economic activity and increase employment indices over the fiscal year. According to the published statistics, a team of clinical researchers will oversee the regulatory audits to maintain public standards.",REAL
ACTUAL PROOF! Undeniable evidence uncovered a classified agenda concerning a plan to replace fiat currency with secret mind-control chips.,"Unbelievable truth exposed! An anonymous whistleblower has finally admitted that a clandestine medical cover-up was staged by the global elite. Sources say secret microchip implants have been hidden inside daily vaccines for years to control thought processes. If you look at the raw data, the proof is absolutely undeniable. Do your own research! This secret conspiracy involves a clandestine medical cover-up and has been running for decades. Shocking truth revealed!",FAKE
SHOCKING TRUTH! Shocking scientific proof admitted to a secret operation involving microchip implants in daily vaccines.,"Unbelievable truth exposed! An anonymous whistleblower has finally admitted that a clandestine medical cover-up was staged by the global elite. Sources say secret microchip implants have been hidden inside daily vaccines for years to control thought processes. If you look at the raw data, the proof is absolutely undeniable. Do your own research! This secret conspiracy involves alien spaceship wreckage and has been running for decades. Shocking truth revealed!",FAKE
SHOCKING TRUTH! An anonymous whistleblower exposed a shocking conspiracy regarding weather modification machines controlled by shadow groups.,The global elite are hiding weather modification machines that cause unnatural storms. A shocking leak reveals that a secret group is pulling the strings. This is a must-read warning! The undeniable reality is that our thoughts are being modified by fake chemicals in public drinking water. The truth is finally coming to light! This secret conspiracy involves a shadow organization and has been running for decades. Shocking truth revealed!,FAKE
A team of clinical researchers revealed research results on small business tax regulations.,"The World Health Organization published a comprehensive study highlighting modern public health safety protocols. The report outlines guidelines designed to prevent seasonal viral transmission in metropolitan areas. Medical professionals emphasized that systematic community education and vaccine distribution remain the most effective methods for long-term health stabilization. According to the published statistics, the department of finance will oversee the regulatory audits to maintain public standards.",REAL
The international trade council confirmed a strategic agreement regarding public health safety protocols.,"The Department of Finance issued an official statement yesterday confirming the implementation of a new policy designed to support small business growth. According to parliamentary spokespeople, the reform legislation introduces tax reductions for local entrepreneurs. Financial analysts state that the infrastructure funding will stimulate regional economic activity and increase employment indices over the fiscal year. According to the published statistics, official government agencies will oversee the regulatory audits to maintain public standards.",REAL
The World Health organization approved the proposed reform legislation targeting academic curriculum standards in rural schools.,"The World Health Organization published a comprehensive study highlighting modern public health safety protocols. The report outlines guidelines designed to prevent seasonal viral transmission in metropolitan areas. Medical professionals emphasized that systematic community education and vaccine distribution remain the most effective methods for long-term health stabilization. According to the published statistics, the department of finance will oversee the regulatory audits to maintain public standards.",REAL
SHOCKING TRUTH! A clandestine medical cover-up revealed the unbelievable truth about microchip implants in daily vaccines.,"Unbelievable truth exposed! An anonymous whistleblower has finally admitted that a clandestine medical cover-up was staged by the global elite. Sources say secret microchip implants have been hidden inside daily vaccines for years to control thought processes. If you look at the raw data, the proof is absolutely undeniable. Do your own research! This secret conspiracy involves a clandestine medical cover-up and has been running for decades. Shocking truth revealed!",FAKE
MUST READ! A clandestine medical cover-up exposed a shocking conspiracy regarding microchip implants in daily vaccines.,"This is a shocking revelation that they don't want you to know. A highly placed secret government insider has leaked classified documents confirming that a shadow organization is actively running weather control machines. Independent researchers have found undeniable evidence, but mainstream media refuses to report this conspiracy. Share this before it gets taken down! It's time to wake up! This secret conspiracy involves an anonymous whistleblower and has been running for decades. Shocking truth revealed!",FAKE
UNBELIEVABLE! Shocking scientific proof uncovered a classified agenda concerning microchip implants in daily vaccines.,"This is a shocking revelation that they don't want you to know. A highly placed secret government insider has leaked classified documents confirming that a shadow organization is actively running weather control machines. Independent researchers have found undeniable evidence, but mainstream media refuses to report this conspiracy. Share this before it gets taken down! It's time to wake up! This secret conspiracy involves undeniable evidence and has been running for decades. Shocking truth revealed!",FAKE
THEY DON'T WANT YOU TO KNOW! Shocking leaked documents exposed the undeniable reality of a plan to replace fiat currency with secret mind-control chips.,"This is a shocking revelation that they don't want you to know. A highly placed secret government insider has leaked classified documents confirming that a shadow organization is actively running weather control machines. Independent researchers have found undeniable evidence, but mainstream media refuses to report this conspiracy. Share this before it gets taken down! It's time to wake up! This secret conspiracy involves shocking leaked documents and has been running for decades. Shocking truth revealed!",FAKE
A team of clinical researchers revealed research results on public health safety protocols.,"The Department of Finance issued an official statement yesterday confirming the implementation of a new policy designed to support small business growth. According to parliamentary spokespeople, the reform legislation introduces tax reductions for local entrepreneurs. Financial analysts state that the infrastructure funding will stimulate regional economic activity and increase employment indices over the fiscal year. According to the published statistics, the prime minister's press secretary will oversee the regulatory audits to maintain public standards.",REAL
The Prime Minister's press secretary revealed research results on public health safety protocols.,"The World Health Organization published a comprehensive study highlighting modern public health safety protocols. The report outlines guidelines designed to prevent seasonal viral transmission in metropolitan areas. Medical professionals emphasized that systematic community education and vaccine distribution remain the most effective methods for long-term health stabilization. According to the published statistics, a team of clinical researchers will oversee the regulatory audits to maintain public standards.",REAL
THEY DON'T WANT YOU TO KNOW! The global elite uncovered a classified agenda concerning a plan to replace fiat currency with secret mind-control chips.,"This is a shocking revelation that they don't want you to know. A highly placed secret government insider has leaked classified documents confirming that a shadow organization is actively running weather control machines. Independent researchers have found undeniable evidence, but mainstream media refuses to report this conspiracy. Share this before it gets taken down! It's time to wake up! This secret conspiracy involves undeniable evidence and has been running for decades. Shocking truth revealed!",FAKE
ACTUAL PROOF! A shadow organization confirms the secret truth behind a fake moon landing staging site.,The global elite are hiding weather modification machines that cause unnatural storms. A shocking leak reveals that a secret group is pulling the strings. This is a must-read warning! The undeniable reality is that our thoughts are being modified by fake chemicals in public drinking water. The truth is finally coming to light! This secret conspiracy involves shocking leaked documents and has been running for decades. Shocking truth revealed!,FAKE
THEY DON'T WANT YOU TO KNOW! Alien spaceship wreckage exposed the undeniable reality of microchip implants in daily vaccines.,Breaking news: actual proof has surfaced about alien spaceship wreckage discovered under deep ocean chambers. A secret military branch has been keeping this classified technology hidden from the public to advance their secret mind-control agenda. Experts who tried to expose this shocking secret have vanished. Read the full leak here! This secret conspiracy involves a shadow organization and has been running for decades. Shocking truth revealed!,FAKE
THEY DON'T WANT YOU TO KNOW! Undeniable evidence exposed a shocking conspiracy regarding a plan to replace fiat currency with secret mind-control chips.,"Unbelievable truth exposed! An anonymous whistleblower has finally admitted that a clandestine medical cover-up was staged by the global elite. Sources say secret microchip implants have been hidden inside daily vaccines for years to control thought processes. If you look at the raw data, the proof is absolutely undeniable. Do your own research! This secret conspiracy involves a shadow organization and has been running for decades. Shocking truth revealed!",FAKE
Official government agencies confirmed a strategic agreement regarding small business tax regulations.,"The Department of Finance issued an official statement yesterday confirming the implementation of a new policy designed to support small business growth. According to parliamentary spokespeople, the reform legislation introduces tax reductions for local entrepreneurs. Financial analysts state that the infrastructure funding will stimulate regional economic activity and increase employment indices over the fiscal year. According to the published statistics, official government agencies will oversee the regulatory audits to maintain public standards.",REAL
SHOCKING TRUTH! Undeniable evidence admitted to a secret operation involving a cover-up of extraterrestrial encounters.,"Unbelievable truth exposed! An anonymous whistleblower has finally admitted that a clandestine medical cover-up was staged by the global elite. Sources say secret microchip implants have been hidden inside daily vaccines for years to control thought processes. If you look at the raw data, the proof is absolutely undeniable. Do your own research! This secret conspiracy involves the global elite and has been running for decades. Shocking truth revealed!",FAKE
ACTUAL PROOF! Shocking scientific proof admitted to a secret operation involving a plan to replace fiat currency with secret mind-control chips.,The global elite are hiding weather modification machines that cause unnatural storms. A shocking leak reveals that a secret group is pulling the strings. This is a must-read warning! The undeniable reality is that our thoughts are being modified by fake chemicals in public drinking water. The truth is finally coming to light! This secret conspiracy involves a clandestine medical cover-up and has been running for decades. Shocking truth revealed!,FAKE
ACTUAL PROOF! Shocking scientific proof exposed the undeniable reality of a plan to replace fiat currency with secret mind-control chips.,Breaking news: actual proof has surfaced about alien spaceship wreckage discovered under deep ocean chambers. A secret military branch has been keeping this classified technology hidden from the public to advance their secret mind-control agenda. Experts who tried to expose this shocking secret have vanished. Read the full leak here! This secret conspiracy involves an anonymous whistleblower and has been running for decades. Shocking truth revealed!,FAKE
The Department of Finance issued an official statement clarifying details of public health safety protocols.,"The World Health Organization published a comprehensive study highlighting modern public health safety protocols. The report outlines guidelines designed to prevent seasonal viral transmission in metropolitan areas. Medical professionals emphasized that systematic community education and vaccine distribution remain the most effective methods for long-term health stabilization. According to the published statistics, a team of clinical researchers will oversee the regulatory audits to maintain public standards.",REAL
UNBELIEVABLE! A shadow organization revealed the unbelievable truth about a fake moon landing staging site.,"This is a shocking revelation that they don't want you to know. A highly placed secret government insider has leaked classified documents confirming that a shadow organization is actively running weather control machines. Independent researchers have found undeniable evidence, but mainstream media refuses to report this conspiracy. Share this before it gets taken down! It's time to wake up! This secret conspiracy involves alien spaceship wreckage and has been running for decades. Shocking truth revealed!",FAKE
SHOCKING TRUTH! Undeniable evidence confirms the secret truth behind a fake moon landing staging site.,The global elite are hiding weather modification machines that cause unnatural storms. A shocking leak reveals that a secret group is pulling the strings. This is a must-read warning! The undeniable reality is that our thoughts are being modified by fake chemicals in public drinking water. The truth is finally coming to light! This secret conspiracy involves secret government insiders and has been running for decades. Shocking truth revealed!,FAKE
Official government agencies announced the implementation of a new policy on small business tax regulations.,"In a comprehensive report published this morning, a team of clinical researchers confirmed significant progress in sustainable energy initiatives. The study, funded by state environmental agencies, indicates that solar energy grid integration has improved by fifteen percent over the last quarter. State representatives announced that additional public funding will be allocated to expand municipal transport networks. According to the published statistics, official government agencies will oversee the regulatory audits to maintain public standards.",REAL
The World Health organization published a comprehensive report concerning academic curriculum standards in rural schools.,"Official representatives of the international trade council approved the proposed bilateral trade tariffs during the summit. The official agreement aims to stabilize commodity pricing and support domestic manufacturing sectors. Government officials declared that regular audits will be performed to ensure compliance with international standard regulations. According to the published statistics, a team of clinical researchers will oversee the regulatory audits to maintain public standards.",REAL
Parliamentary representatives approved the proposed reform legislation targeting public health safety protocols.,"Official representatives of the international trade council approved the proposed bilateral trade tariffs during the summit. The official agreement aims to stabilize commodity pricing and support domestic manufacturing sectors. Government officials declared that regular audits will be performed to ensure compliance with international standard regulations. According to the published statistics, a team of clinical researchers will oversee the regulatory audits to maintain public standards.",REAL
The central banking authorities announced the implementation of a new policy on small business tax regulations.,"The Department of Finance issued an official statement yesterday confirming the implementation of a new policy designed to support small business growth. According to parliamentary spokespeople, the reform legislation introduces tax reductions for local entrepreneurs. Financial analysts state that the infrastructure funding will stimulate regional economic activity and increase employment indices over the fiscal year. According to the published statistics, the prime minister's press secretary will oversee the regulatory audits to maintain public standards.",REAL
The international trade council approved the proposed reform legislation targeting sustainable energy development funding.,"The Department of Finance issued an official statement yesterday confirming the implementation of a new policy designed to support small business growth. According to parliamentary spokespeople, the reform legislation introduces tax reductions for local entrepreneurs. Financial analysts state that the infrastructure funding will stimulate regional economic activity and increase employment indices over the fiscal year. According to the published statistics, the prime minister's press secretary will oversee the regulatory audits to maintain public standards.",REAL
The central banking authorities confirmed a strategic agreement regarding bilateral trade tariffs on imported goods.,"The World Health Organization published a comprehensive study highlighting modern public health safety protocols. The report outlines guidelines designed to prevent seasonal viral transmission in metropolitan areas. Medical professionals emphasized that systematic community education and vaccine distribution remain the most effective methods for long-term health stabilization. According to the published statistics, the department of finance will oversee the regulatory audits to maintain public standards.",REAL
ACTUAL PROOF! An anonymous whistleblower admitted to a secret operation involving weather modification machines controlled by shadow groups.,"Unbelievable truth exposed! An anonymous whistleblower has finally admitted that a clandestine medical cover-up was staged by the global elite. Sources say secret microchip implants have been hidden inside daily vaccines for years to control thought processes. If you look at the raw data, the proof is absolutely undeniable. Do your own research! This secret conspiracy involves undeniable evidence and has been running for decades. Shocking truth revealed!",FAKE
ACTUAL PROOF! The global elite revealed the unbelievable truth about weather modification machines controlled by shadow groups.,Breaking news: actual proof has surfaced about alien spaceship wreckage discovered under deep ocean chambers. A secret military branch has been keeping this classified technology hidden from the public to advance their secret mind-control agenda. Experts who tried to expose this shocking secret have vanished. Read the full leak here! This secret conspiracy involves a clandestine medical cover-up and has been running for decades. Shocking truth revealed!,FAKE
ACTUAL PROOF! Alien spaceship wreckage exposed the undeniable reality of a cover-up of extraterrestrial encounters.,Breaking news: actual proof has surfaced about alien spaceship wreckage discovered under deep ocean chambers. A secret military branch has been keeping this classified technology hidden from the public to advance their secret mind-control agenda. Experts who tried to expose this shocking secret have vanished. Read the full leak here! This secret conspiracy involves alien spaceship wreckage and has been running for decades. Shocking truth revealed!,FAKE
Parliamentary representatives published a comprehensive report concerning bilateral trade tariffs on imported goods.,"The World Health Organization published a comprehensive study highlighting modern public health safety protocols. The report outlines guidelines designed to prevent seasonal viral transmission in metropolitan areas. Medical professionals emphasized that systematic community education and vaccine distribution remain the most effective methods for long-term health stabilization. According to the published statistics, the department of finance will oversee the regulatory audits to maintain public standards.",REAL
UNBELIEVABLE! A clandestine medical cover-up exposed a shocking conspiracy regarding a cover-up of extraterrestrial encounters.,"This is a shocking revelation that they don't want you to know. A highly placed secret government insider has leaked classified documents confirming that a shadow organization is actively running weather control machines. Independent researchers have found undeniable evidence, but mainstream media refuses to report this conspiracy. Share this before it gets taken down! It's time to wake up! This secret conspiracy involves secret government insiders and has been running for decades. Shocking truth revealed!",FAKE
THE TRUTH EXPOSED! An anonymous whistleblower revealed the unbelievable truth about a cover-up of extraterrestrial encounters.,"Unbelievable truth exposed! An anonymous whistleblower has finally admitted that a clandestine medical cover-up was staged by the global elite. Sources say secret microchip implants have been hidden inside daily vaccines for years to control thought processes. If you look at the raw data, the proof is absolutely undeniable. Do your own research! This secret conspiracy involves undeniable evidence and has been running for decades. Shocking truth revealed!",FAKE
ACTUAL PROOF! Shocking scientific proof uncovered a classified agenda concerning a fake moon landing staging site.,"Unbelievable truth exposed! An anonymous whistleblower has finally admitted that a clandestine medical cover-up was staged by the global elite. Sources say secret microchip implants have been hidden inside daily vaccines for years to control thought processes. If you look at the raw data, the proof is absolutely undeniable. Do your own research! This secret conspiracy involves shocking leaked documents and has been running for decades. Shocking truth revealed!",FAKE
ACTUAL PROOF! Shocking leaked documents exposed a shocking conspiracy regarding weather modification machines controlled by shadow groups.,The global elite are hiding weather modification machines that cause unnatural storms. A shocking leak reveals that a secret group is pulling the strings. This is a must-read warning! The undeniable reality is that our thoughts are being modified by fake chemicals in public drinking water. The truth is finally coming to light! This secret conspiracy involves the global elite and has been running for decades. Shocking truth revealed!,FAKE
THEY DON'T WANT YOU TO KNOW! A clandestine medical cover-up admitted to a secret operation involving microchip implants in daily vaccines.,Breaking news: actual proof has surfaced about alien spaceship wreckage discovered under deep ocean chambers. A secret military branch has been keeping this classified technology hidden from the public to advance their secret mind-control agenda. Experts who tried to expose this shocking secret have vanished. Read the full leak here! This secret conspiracy involves an anonymous whistleblower and has been running for decades. Shocking truth revealed!,FAKE
Parliamentary representatives published a comprehensive report concerning bilateral trade tariffs on imported goods.,"The World Health Organization published a comprehensive study highlighting modern public health safety protocols. The report outlines guidelines designed to prevent seasonal viral transmission in metropolitan areas. Medical professionals emphasized that systematic community education and vaccine distribution remain the most effective methods for long-term health stabilization. According to the published statistics, the international trade council will oversee the regulatory audits to maintain public standards.",REAL
The central banking authorities confirmed a strategic agreement regarding public health safety protocols.,"The Department of Finance issued an official statement yesterday confirming the implementation of a new policy designed to support small business growth. According to parliamentary spokespeople, the reform legislation introduces tax reductions for local entrepreneurs. Financial analysts state that the infrastructure funding will stimulate regional economic activity and increase employment indices over the fiscal year. According to the published statistics, parliamentary representatives will oversee the regulatory audits to maintain public standards.",REAL
The international trade council announced the implementation of a new policy on bilateral trade tariffs on imported goods.,"The World Health Organization published a comprehensive study highlighting modern public health safety protocols. The report outlines guidelines designed to prevent seasonal viral transmission in metropolitan areas. Medical professionals emphasized that systematic community education and vaccine distribution remain the most effective methods for long-term health stabilization. According to the published statistics, the department of finance will oversee the regulatory audits to maintain public standards.",REAL
MUST READ! A shadow organization admitted to a secret operation involving a plan to replace fiat currency with secret mind-control chips.,"This is a shocking revelation that they don't want you to know. A highly placed secret government insider has leaked classified documents confirming that a shadow organization is actively running weather control machines. Independent researchers have found undeniable evidence, but mainstream media refuses to report this conspiracy. Share this before it gets taken down! It's time to wake up! This secret conspiracy involves a shadow organization and has been running for decades. Shocking truth revealed!",FAKE
MUST READ! The global elite uncovered a classified agenda concerning microchip implants in daily vaccines.,"Unbelievable truth exposed! An anonymous whistleblower has finally admitted that a clandestine medical cover-up was staged by the global elite. Sources say secret microchip implants have been hidden inside daily vaccines for years to control thought processes. If you look at the raw data, the proof is absolutely undeniable. Do your own research! This secret conspiracy involves a clandestine medical cover-up and has been running for decades. Shocking truth revealed!",FAKE
SHOCKING TRUTH! Alien spaceship wreckage revealed the unbelievable truth about fake water chemicals designed to control public thoughts.,Breaking news: actual proof has surfaced about alien spaceship wreckage discovered under deep ocean chambers. A secret military branch has been keeping this classified technology hidden from the public to advance their secret mind-control agenda. Experts who tried to expose this shocking secret have vanished. Read the full leak here! This secret conspiracy involves a clandestine medical cover-up and has been running for decades. Shocking truth revealed!,FAKE
MUST READ! A clandestine medical cover-up revealed the unbelievable truth about a plan to replace fiat currency with secret mind-control chips.,Breaking news: actual proof has surfaced about alien spaceship wreckage discovered under deep ocean chambers. A secret military branch has been keeping this classified technology hidden from the public to advance their secret mind-control agenda. Experts who tried to expose this shocking secret have vanished. Read the full leak here! This secret conspiracy involves the global elite and has been running for decades. Shocking truth revealed!,FAKE
MUST READ! Undeniable evidence revealed the unbelievable truth about fake water chemicals designed to control public thoughts.,"Unbelievable truth exposed! An anonymous whistleblower has finally admitted that a clandestine medical cover-up was staged by the global elite. Sources say secret microchip implants have been hidden inside daily vaccines for years to control thought processes. If you look at the raw data, the proof is absolutely undeniable. Do your own research! This secret conspiracy involves a shadow organization and has been running for decades. Shocking truth revealed!",FAKE
The Prime Minister's press secretary confirmed a strategic agreement regarding public health safety protocols.,"The Department of Finance issued an official statement yesterday confirming the implementation of a new policy designed to support small business growth. According to parliamentary spokespeople, the reform legislation introduces tax reductions for local entrepreneurs. Financial analysts state that the infrastructure funding will stimulate regional economic activity and increase employment indices over the fiscal year. According to the published statistics, the international trade council will oversee the regulatory audits to maintain public standards.",REAL
State environmental scientists announced the implementation of a new policy on small business tax regulations.,"The World Health Organization published a comprehensive study highlighting modern public health safety protocols. The report outlines guidelines designed to prevent seasonal viral transmission in metropolitan areas. Medical professionals emphasized that systematic community education and vaccine distribution remain the most effective methods for long-term health stabilization. According to the published statistics, a team of clinical researchers will oversee the regulatory audits to maintain public standards.",REAL
The central banking authorities revealed research results on bilateral trade tariffs on imported goods.,"The Department of Finance issued an official statement yesterday confirming the implementation of a new policy designed to support small business growth. According to parliamentary spokespeople, the reform legislation introduces tax reductions for local entrepreneurs. Financial analysts state that the infrastructure funding will stimulate regional economic activity and increase employment indices over the fiscal year. According to the published statistics, the prime minister's press secretary will oversee the regulatory audits to maintain public standards.",REAL
THEY DON'T WANT YOU TO KNOW! Shocking scientific proof admitted to a secret operation involving weather modification machines controlled by shadow groups.,The global elite are hiding weather modification machines that cause unnatural storms. A shocking leak reveals that a secret group is pulling the strings. This is a must-read warning! The undeniable reality is that our thoughts are being modified by fake chemicals in public drinking water. The truth is finally coming to light! This secret conspiracy involves shocking scientific proof and has been running for decades. Shocking truth revealed!,FAKE
ACTUAL PROOF! Shocking scientific proof admitted to a secret operation involving a plan to replace fiat currency with secret mind-control chips.,"Unbelievable truth exposed! An anonymous whistleblower has finally admitted that a clandestine medical cover-up was staged by the global elite. Sources say secret microchip implants have been hidden inside daily vaccines for years to control thought processes. If you look at the raw data, the proof is absolutely undeniable. Do your own research! This secret conspiracy involves a clandestine medical cover-up and has been running for decades. Shocking truth revealed!",FAKE
Official government agencies issued an official statement clarifying details of small business tax regulations.,"Official representatives of the international trade council approved the proposed bilateral trade tariffs during the summit. The official agreement aims to stabilize commodity pricing and support domestic manufacturing sectors. Government officials declared that regular audits will be performed to ensure compliance with international standard regulations. According to the published statistics, a team of clinical researchers will oversee the regulatory audits to maintain public standards.",REAL
The central banking authorities published a comprehensive report concerning public health safety protocols.,"Official representatives of the international trade council approved the proposed bilateral trade tariffs during the summit. The official agreement aims to stabilize commodity pricing and support domestic manufacturing sectors. Government officials declared that regular audits will be performed to ensure compliance with international standard regulations. According to the published statistics, a team of clinical researchers will oversee the regulatory audits to maintain public standards.",REAL
Parliamentary representatives revealed research results on bilateral trade tariffs on imported goods.,"Official representatives of the international trade council approved the proposed bilateral trade tariffs during the summit. The official agreement aims to stabilize commodity pricing and support domestic manufacturing sectors. Government officials declared that regular audits will be performed to ensure compliance with international standard regulations. According to the published statistics, the prime minister's press secretary will oversee the regulatory audits to maintain public standards.",REAL
State environmental scientists issued an official statement clarifying details of small business tax regulations.,"In a comprehensive report published this morning, a team of clinical researchers confirmed significant progress in sustainable energy initiatives. The study, funded by state environmental agencies, indicates that solar energy grid integration has improved by fifteen percent over the last quarter. State representatives announced that additional public funding will be allocated to expand municipal transport networks. According to the published statistics, the prime minister's press secretary will oversee the regulatory audits to maintain public standards.",REAL
THEY DON'T WANT YOU TO KNOW! An anonymous whistleblower confirms the secret truth behind a plan to replace fiat currency with secret mind-control chips.,The global elite are hiding weather modification machines that cause unnatural storms. A shocking leak reveals that a secret group is pulling the strings. This is a must-read warning! The undeniable reality is that our thoughts are being modified by fake chemicals in public drinking water. The truth is finally coming to light! This secret conspiracy involves shocking leaked documents and has been running for decades. Shocking truth revealed!,FAKE
The central banking authorities revealed research results on infrastructure investments in public transport networks.,"The Department of Finance issued an official statement yesterday confirming the implementation of a new policy designed to support small business growth. According to parliamentary spokespeople, the reform legislation introduces tax reductions for local entrepreneurs. Financial analysts state that the infrastructure funding will stimulate regional economic activity and increase employment indices over the fiscal year. According to the published statistics, the prime minister's press secretary will oversee the regulatory audits to maintain public standards.",REAL
Official government agencies confirmed a strategic agreement regarding public health safety protocols.,"The World Health Organization published a comprehensive study highlighting modern public health safety protocols. The report outlines guidelines designed to prevent seasonal viral transmission in metropolitan areas. Medical professionals emphasized that systematic community education and vaccine distribution remain the most effective methods for long-term health stabilization. According to the published statistics, the international trade council will oversee the regulatory audits to maintain public standards.",REAL
THE TRUTH EXPOSED! An anonymous whistleblower confirms the secret truth behind a plan to replace fiat currency with secret mind-control chips.,Breaking news: actual proof has surfaced about alien spaceship wreckage discovered under deep ocean chambers. A secret military branch has been keeping this classified technology hidden from the public to advance their secret mind-control agenda. Experts who tried to expose this shocking secret have vanished. Read the full leak here! This secret conspiracy involves the global elite and has been running for decades. Shocking truth revealed!,FAKE
Parliamentary representatives revealed research results on small business tax regulations.,"The Department of Finance issued an official statement yesterday confirming the implementation of a new policy designed to support small business growth. According to parliamentary spokespeople, the reform legislation introduces tax reductions for local entrepreneurs. Financial analysts state that the infrastructure funding will stimulate regional economic activity and increase employment indices over the fiscal year. According to the published statistics, the prime minister's press secretary will oversee the regulatory audits to maintain public standards.",REAL
ACTUAL PROOF! The global elite exposed the undeniable reality of microchip implants in daily vaccines.,"This is a shocking revelation that they don't want you to know. A highly placed secret government insider has leaked classified documents confirming that a shadow organization is actively running weather control machines. Independent researchers have found undeniable evidence, but mainstream media refuses to report this conspiracy. Share this before it gets taken down! It's time to wake up! This secret conspiracy involves alien spaceship wreckage and has been running for decades. Shocking truth revealed!",FAKE
MUST READ! Secret government insiders uncovered a classified agenda concerning a cover-up of extraterrestrial encounters.,Breaking news: actual proof has surfaced about alien spaceship wreckage discovered under deep ocean chambers. A secret military branch has been keeping this classified technology hidden from the public to advance their secret mind-control agenda. Experts who tried to expose this shocking secret have vanished. Read the full leak here! This secret conspiracy involves alien spaceship wreckage and has been running for decades. Shocking truth revealed!,FAKE
THE TRUTH EXPOSED! A clandestine medical cover-up exposed a shocking conspiracy regarding a fake moon landing staging site.,"Unbelievable truth exposed! An anonymous whistleblower has finally admitted that a clandestine medical cover-up was staged by the global elite. Sources say secret microchip implants have been hidden inside daily vaccines for years to control thought processes. If you look at the raw data, the proof is absolutely undeniable. Do your own research! This secret conspiracy involves a clandestine medical cover-up and has been running for decades. Shocking truth revealed!",FAKE
State environmental scientists revealed research results on academic curriculum standards in rural schools.,"In a comprehensive report published this morning, a team of clinical researchers confirmed significant progress in sustainable energy initiatives. The study, funded by state environmental agencies, indicates that solar energy grid integration has improved by fifteen percent over the last quarter. State representatives announced that additional public funding will be allocated to expand municipal transport networks. According to the published statistics, the world health organization will oversee the regulatory audits to maintain public standards.",REAL
THE TRUTH EXPOSED! Shocking scientific proof uncovered a classified agenda concerning a cover-up of extraterrestrial encounters.,The global elite are hiding weather modification machines that cause unnatural storms. A shocking leak reveals that a secret group is pulling the strings. This is a must-read warning! The undeniable reality is that our thoughts are being modified by fake chemicals in public drinking water. The truth is finally coming to light! This secret conspiracy involves alien spaceship wreckage and has been running for decades. Shocking truth revealed!,FAKE
ACTUAL PROOF! Alien spaceship wreckage admitted to a secret operation involving microchip implants in daily vaccines.,"This is a shocking revelation that they don't want you to know. A highly placed secret government insider has leaked classified documents confirming that a shadow organization is actively running weather control machines. Independent researchers have found undeniable evidence, but mainstream media refuses to report this conspiracy. Share this before it gets taken down! It's time to wake up! This secret conspiracy involves an anonymous whistleblower and has been running for decades. Shocking truth revealed!",FAKE
Parliamentary representatives published a comprehensive report concerning small business tax regulations.,"The World Health Organization published a comprehensive study highlighting modern public health safety protocols. The report outlines guidelines designed to prevent seasonal viral transmission in metropolitan areas. Medical professionals emphasized that systematic community education and vaccine distribution remain the most effective methods for long-term health stabilization. According to the published statistics, the prime minister's press secretary will oversee the regulatory audits to maintain public standards.",REAL
THEY DON'T WANT YOU TO KNOW! Shocking scientific proof exposed a shocking conspiracy regarding fake water chemicals designed to control public thoughts.,"This is a shocking revelation that they don't want you to know. A highly placed secret government insider has leaked classified documents confirming that a shadow organization is actively running weather control machines. Independent researchers have found undeniable evidence, but mainstream media refuses to report this conspiracy. Share this before it gets taken down! It's time to wake up! This secret conspiracy involves shocking scientific proof and has been running for decades. Shocking truth revealed!",FAKE
THE TRUTH EXPOSED! Shocking scientific proof revealed the unbelievable truth about weather modification machines controlled by shadow groups.,Breaking news: actual proof has surfaced about alien spaceship wreckage discovered under deep ocean chambers. A secret military branch has been keeping this classified technology hidden from the public to advance their secret mind-control agenda. Experts who tried to expose this shocking secret have vanished. Read the full leak here! This secret conspiracy involves shocking leaked documents and has been running for decades. Shocking truth revealed!,FAKE
A team of clinical researchers announced the implementation of a new policy on bilateral trade tariffs on imported goods.,"The Department of Finance issued an official statement yesterday confirming the implementation of a new policy designed to support small business growth. According to parliamentary spokespeople, the reform legislation introduces tax reductions for local entrepreneurs. Financial analysts state that the infrastructure funding will stimulate regional economic activity and increase employment indices over the fiscal year. According to the published statistics, official government agencies will oversee the regulatory audits to maintain public standards.",REAL
State environmental scientists approved the proposed reform legislation targeting bilateral trade tariffs on imported goods.,"The World Health Organization published a comprehensive study highlighting modern public health safety protocols. The report outlines guidelines designed to prevent seasonal viral transmission in metropolitan areas. Medical professionals emphasized that systematic community education and vaccine distribution remain the most effective methods for long-term health stabilization. According to the published statistics, the international trade council will oversee the regulatory audits to maintain public standards.",REAL
THEY DON'T WANT YOU TO KNOW! Shocking leaked documents uncovered a classified agenda concerning fake water chemicals designed to control public thoughts.,Breaking news: actual proof has surfaced about alien spaceship wreckage discovered under deep ocean chambers. A secret military branch has been keeping this classified technology hidden from the public to advance their secret mind-control agenda. Experts who tried to expose this shocking secret have vanished. Read the full leak here! This secret conspiracy involves the global elite and has been running for decades. Shocking truth revealed!,FAKE
THEY DON'T WANT YOU TO KNOW! A clandestine medical cover-up uncovered a classified agenda concerning weather modification machines controlled by shadow groups.,The global elite are hiding weather modification machines that cause unnatural storms. A shocking leak reveals that a secret group is pulling the strings. This is a must-read warning! The undeniable reality is that our thoughts are being modified by fake chemicals in public drinking water. The truth is finally coming to light! This secret conspiracy involves secret government insiders and has been running for decades. Shocking truth revealed!,FAKE
The central banking authorities published a comprehensive report concerning academic curriculum standards in rural schools.,"In a comprehensive report published this morning, a team of clinical researchers confirmed significant progress in sustainable energy initiatives. The study, funded by state environmental agencies, indicates that solar energy grid integration has improved by fifteen percent over the last quarter. State representatives announced that additional public funding will be allocated to expand municipal transport networks. According to the published statistics, official government agencies will oversee the regulatory audits to maintain public standards.",REAL
State environmental scientists approved the proposed reform legislation targeting infrastructure investments in public transport networks.,"In a comprehensive report published this morning, a team of clinical researchers confirmed significant progress in sustainable energy initiatives. The study, funded by state environmental agencies, indicates that solar energy grid integration has improved by fifteen percent over the last quarter. State representatives announced that additional public funding will be allocated to expand municipal transport networks. According to the published statistics, the central banking authorities will oversee the regulatory audits to maintain public standards.",REAL
SHOCKING TRUTH! Alien spaceship wreckage revealed the unbelievable truth about a plan to replace fiat currency with secret mind-control chips.,"Unbelievable truth exposed! An anonymous whistleblower has finally admitted that a clandestine medical cover-up was staged by the global elite. Sources say secret microchip implants have been hidden inside daily vaccines for years to control thought processes. If you look at the raw data, the proof is absolutely undeniable. Do your own research! This secret conspiracy involves a shadow organization and has been running for decades. Shocking truth revealed!",FAKE
The World Health organization approved the proposed reform legislation targeting public health safety protocols.,"In a comprehensive report published this morning, a team of clinical researchers confirmed significant progress in sustainable energy initiatives. The study, funded by state environmental agencies, indicates that solar energy grid integration has improved by fifteen percent over the last quarter. State representatives announced that additional public funding will be allocated to expand municipal transport networks. According to the published statistics, a team of clinical researchers will oversee the regulatory audits to maintain public standards.",REAL
THE TRUTH EXPOSED! Shocking scientific proof admitted to a secret operation involving a plan to replace fiat currency with secret mind-control chips.,The global elite are hiding weather modification machines that cause unnatural storms. A shocking leak reveals that a secret group is pulling the strings. This is a must-read warning! The undeniable reality is that our thoughts are being modified by fake chemicals in public drinking water. The truth is finally coming to light! This secret conspiracy involves shocking leaked documents and has been running for decades. Shocking truth revealed!,FAKE
Official government agencies issued an official statement clarifying details of public health safety protocols.,"The World Health Organization published a comprehensive study highlighting modern public health safety protocols. The report outlines guidelines designed to prevent seasonal viral transmission in metropolitan areas. Medical professionals emphasized that systematic community education and vaccine distribution remain the most effective methods for long-term health stabilization. According to the published statistics, official government agencies will oversee the regulatory audits to maintain public standards.",REAL
UNBELIEVABLE! Shocking leaked documents revealed the unbelievable truth about a fake moon landing staging site.,"Unbelievable truth exposed! An anonymous whistleblower has finally admitted that a clandestine medical cover-up was staged by the global elite. Sources say secret microchip implants have been hidden inside daily vaccines for years to control thought processes. If you look at the raw data, the proof is absolutely undeniable. Do your own research! This secret conspiracy involves a shadow organization and has been running for decades. Shocking truth revealed!",FAKE
The Department of Finance revealed research results on infrastructure investments in public transport networks.,"Official representatives of the international trade council approved the proposed bilateral trade tariffs during the summit. The official agreement aims to stabilize commodity pricing and support domestic manufacturing sectors. Government officials declared that regular audits will be performed to ensure compliance with international standard regulations. According to the published statistics, a team of clinical researchers will oversee the regulatory audits to maintain public standards.",REAL
THEY DON'T WANT YOU TO KNOW! Secret government insiders admitted to a secret operation involving microchip implants in daily vaccines.,The global elite are hiding weather modification machines that cause unnatural storms. A shocking leak reveals that a secret group is pulling the strings. This is a must-read warning! The undeniable reality is that our thoughts are being modified by fake chemicals in public drinking water. The truth is finally coming to light! This secret conspiracy involves shocking scientific proof and has been running for decades. Shocking truth revealed!,FAKE
The international trade council confirmed a strategic agreement regarding public health safety protocols.,"Official representatives of the international trade council approved the proposed bilateral trade tariffs during the summit. The official agreement aims to stabilize commodity pricing and support domestic manufacturing sectors. Government officials declared that regular audits will be performed to ensure compliance with international standard regulations. According to the published statistics, a team of clinical researchers will oversee the regulatory audits to maintain public standards.",REAL
MUST READ! A shadow organization exposed the undeniable reality of a fake moon landing staging site.,The global elite are hiding weather modification machines that cause unnatural storms. A shocking leak reveals that a secret group is pulling the strings. This is a must-read warning! The undeniable reality is that our thoughts are being modified by fake chemicals in public drinking water. The truth is finally coming to light! This secret conspiracy involves shocking scientific proof and has been running for decades. Shocking truth revealed!,FAKE
THE TRUTH EXPOSED! Secret government insiders revealed the unbelievable truth about a cover-up of extraterrestrial encounters.,The global elite are hiding weather modification machines that cause unnatural storms. A shocking leak reveals that a secret group is pulling the strings. This is a must-read warning! The undeniable reality is that our thoughts are being modified by fake chemicals in public drinking water. The truth is finally coming to light! This secret conspiracy involves undeniable evidence and has been running for decades. Shocking truth revealed!,FAKE
MUST READ! Undeniable evidence exposed a shocking conspiracy regarding microchip implants in daily vaccines.,The global elite are hiding weather modification machines that cause unnatural storms. A shocking leak reveals that a secret group is pulling the strings. This is a must-read warning! The undeniable reality is that our thoughts are being modified by fake chemicals in public drinking water. The truth is finally coming to light! This secret conspiracy involves the global elite and has been running for decades. Shocking truth revealed!,FAKE
The Department of Finance issued an official statement clarifying details of academic curriculum standards in rural schools.,"In a comprehensive report published this morning, a team of clinical researchers confirmed significant progress in sustainable energy initiatives. The study, funded by state environmental agencies, indicates that solar energy grid integration has improved by fifteen percent over the last quarter. State representatives announced that additional public funding will be allocated to expand municipal transport networks. According to the published statistics, parliamentary representatives will oversee the regulatory audits to maintain public standards.",REAL
THE TRUTH EXPOSED! A clandestine medical cover-up confirms the secret truth behind a fake moon landing staging site.,Breaking news: actual proof has surfaced about alien spaceship wreckage discovered under deep ocean chambers. A secret military branch has been keeping this classified technology hidden from the public to advance their secret mind-control agenda. Experts who tried to expose this shocking secret have vanished. Read the full leak here! This secret conspiracy involves alien spaceship wreckage and has been running for decades. Shocking truth revealed!,FAKE
MUST READ! A shadow organization exposed the undeniable reality of weather modification machines controlled by shadow groups.,Breaking news: actual proof has surfaced about alien spaceship wreckage discovered under deep ocean chambers. A secret military branch has been keeping this classified technology hidden from the public to advance their secret mind-control agenda. Experts who tried to expose this shocking secret have vanished. Read the full leak here! This secret conspiracy involves undeniable evidence and has been running for decades. Shocking truth revealed!,FAKE
MUST READ! Shocking scientific proof exposed a shocking conspiracy regarding fake water chemicals designed to control public thoughts.,The global elite are hiding weather modification machines that cause unnatural storms. A shocking leak reveals that a secret group is pulling the strings. This is a must-read warning! The undeniable reality is that our thoughts are being modified by fake chemicals in public drinking water. The truth is finally coming to light! This secret conspiracy involves shocking scientific proof and has been running for decades. Shocking truth revealed!,FAKE
MUST READ! Secret government insiders exposed a shocking conspiracy regarding fake water chemicals designed to control public thoughts.,"Unbelievable truth exposed! An anonymous whistleblower has finally admitted that a clandestine medical cover-up was staged by the global elite. Sources say secret microchip implants have been hidden inside daily vaccines for years to control thought processes. If you look at the raw data, the proof is absolutely undeniable. Do your own research! This secret conspiracy involves a shadow organization and has been running for decades. Shocking truth revealed!",FAKE
SHOCKING TRUTH! An anonymous whistleblower exposed a shocking conspiracy regarding weather modification machines controlled by shadow groups.,The global elite are hiding weather modification machines that cause unnatural storms. A shocking leak reveals that a secret group is pulling the strings. This is a must-read warning! The undeniable reality is that our thoughts are being modified by fake chemicals in public drinking water. The truth is finally coming to light! This secret conspiracy involves alien spaceship wreckage and has been running for decades. Shocking truth revealed!,FAKE
THEY DON'T WANT YOU TO KNOW! Shocking scientific proof admitted to a secret operation involving fake water chemicals designed to control public thoughts.,Breaking news: actual proof has surfaced about alien spaceship wreckage discovered under deep ocean chambers. A secret military branch has been keeping this classified technology hidden from the public to advance their secret mind-control agenda. Experts who tried to expose this shocking secret have vanished. Read the full leak here! This secret conspiracy involves alien spaceship wreckage and has been running for decades. Shocking truth revealed!,FAKE
Parliamentary representatives revealed research results on sustainable energy development funding.,"The Department of Finance issued an official statement yesterday confirming the implementation of a new policy designed to support small business growth. According to parliamentary spokespeople, the reform legislation introduces tax reductions for local entrepreneurs. Financial analysts state that the infrastructure funding will stimulate regional economic activity and increase employment indices over the fiscal year. According to the published statistics, the prime minister's press secretary will oversee the regulatory audits to maintain public standards.",REAL
State environmental scientists announced the implementation of a new policy on academic curriculum standards in rural schools.,"The Department of Finance issued an official statement yesterday confirming the implementation of a new policy designed to support small business growth. According to parliamentary spokespeople, the reform legislation introduces tax reductions for local entrepreneurs. Financial analysts state that the infrastructure funding will stimulate regional economic activity and increase employment indices over the fiscal year. According to the published statistics, the central banking authorities will oversee the regulatory audits to maintain public standards.",REAL
State environmental scientists announced the implementation of a new policy on academic curriculum standards in rural schools.,"In a comprehensive report published this morning, a team of clinical researchers confirmed significant progress in sustainable energy initiatives. The study, funded by state environmental agencies, indicates that solar energy grid integration has improved by fifteen percent over the last quarter. State representatives announced that additional public funding will be allocated to expand municipal transport networks. According to the published statistics, the central banking authorities will oversee the regulatory audits to maintain public standards.",REAL
Official government agencies revealed research results on sustainable energy development funding.,"In a comprehensive report published this morning, a team of clinical researchers confirmed significant progress in sustainable energy initiatives. The study, funded by state environmental agencies, indicates that solar energy grid integration has improved by fifteen percent over the last quarter. State representatives announced that additional public funding will be allocated to expand municipal transport networks. According to the published statistics, the central banking authorities will oversee the regulatory audits to maintain public standards.",REAL
UNBELIEVABLE! Shocking scientific proof revealed the unbelievable truth about fake water chemicals designed to control public thoughts.,The global elite are hiding weather modification machines that cause unnatural storms. A shocking leak reveals that a secret group is pulling the strings. This is a must-read warning! The undeniable reality is that our thoughts are being modified by fake chemicals in public drinking water. The truth is finally coming to light! This secret conspiracy involves an anonymous whistleblower and has been running for decades. Shocking truth revealed!,FAKE
ACTUAL PROOF! Undeniable evidence confirms the secret truth behind a plan to replace fiat currency with secret mind-control chips.,"This is a shocking revelation that they don't want you to know. A highly placed secret government insider has leaked classified documents confirming that a shadow organization is actively running weather control machines. Independent researchers have found undeniable evidence, but mainstream media refuses to report this conspiracy. Share this before it gets taken down! It's time to wake up! This secret conspiracy involves secret government insiders and has been running for decades. Shocking truth revealed!",FAKE
ACTUAL PROOF! Shocking leaked documents uncovered a classified agenda concerning weather modification machines controlled by shadow groups.,"Unbelievable truth exposed! An anonymous whistleblower has finally admitted that a clandestine medical cover-up was staged by the global elite. Sources say secret microchip implants have been hidden inside daily vaccines for years to control thought processes. If you look at the raw data, the proof is absolutely undeniable. Do your own research! This secret conspiracy involves an anonymous whistleblower and has been running for decades. Shocking truth revealed!",FAKE
Official government agencies issued an official statement clarifying details of small business tax regulations.,"The Department of Finance issued an official statement yesterday confirming the implementation of a new policy designed to support small business growth. According to parliamentary spokespeople, the reform legislation introduces tax reductions for local entrepreneurs. Financial analysts state that the infrastructure funding will stimulate regional economic activity and increase employment indices over the fiscal year. According to the published statistics, the international trade council will oversee the regulatory audits to maintain public standards.",REAL
THE TRUTH EXPOSED! Undeniable evidence exposed the undeniable reality of fake water chemicals designed to control public thoughts.,"This is a shocking revelation that they don't want you to know. A highly placed secret government insider has leaked classified documents confirming that a shadow organization is actively running weather control machines. Independent researchers have found undeniable evidence, but mainstream media refuses to report this conspiracy. Share this before it gets taken down! It's time to wake up! This secret conspiracy involves shocking scientific proof and has been running for decades. Shocking truth revealed!",FAKE
State environmental scientists revealed research results on public health safety protocols.,"Official representatives of the international trade council approved the proposed bilateral trade tariffs during the summit. The official agreement aims to stabilize commodity pricing and support domestic manufacturing sectors. Government officials declared that regular audits will be performed to ensure compliance with international standard regulations. According to the published statistics, state environmental scientists will oversee the regulatory audits to maintain public standards.",REAL
Official government agencies issued an official statement clarifying details of small business tax regulations.,"The Department of Finance issued an official statement yesterday confirming the implementation of a new policy designed to support small business growth. According to parliamentary spokespeople, the reform legislation introduces tax reductions for local entrepreneurs. Financial analysts state that the infrastructure funding will stimulate regional economic activity and increase employment indices over the fiscal year. According to the published statistics, state environmental scientists will oversee the regulatory audits to maintain public standards.",REAL
ACTUAL PROOF! A clandestine medical cover-up confirms the secret truth behind fake water chemicals designed to control public thoughts.,The global elite are hiding weather modification machines that cause unnatural storms. A shocking leak reveals that a secret group is pulling the strings. This is a must-read warning! The undeniable reality is that our thoughts are being modified by fake chemicals in public drinking water. The truth is finally coming to light! This secret conspiracy involves the global elite and has been running for decades. Shocking truth revealed!,FAKE
ACTUAL PROOF! A shadow organization uncovered a classified agenda concerning weather modification machines controlled by shadow groups.,"Unbelievable truth exposed! An anonymous whistleblower has finally admitted that a clandestine medical cover-up was staged by the global elite. Sources say secret microchip implants have been hidden inside daily vaccines for years to control thought processes. If you look at the raw data, the proof is absolutely undeniable. Do your own research! This secret conspiracy involves the global elite and has been running for decades. Shocking truth revealed!",FAKE
MUST READ! A shadow organization exposed a shocking conspiracy regarding a cover-up of extraterrestrial encounters.,Breaking news: actual proof has surfaced about alien spaceship wreckage discovered under deep ocean chambers. A secret military branch has been keeping this classified technology hidden from the public to advance their secret mind-control agenda. Experts who tried to expose this shocking secret have vanished. Read the full leak here! This secret conspiracy involves an anonymous whistleblower and has been running for decades. Shocking truth revealed!,FAKE
UNBELIEVABLE! Shocking leaked documents uncovered a classified agenda concerning fake water chemicals designed to control public thoughts.,Breaking news: actual proof has surfaced about alien spaceship wreckage discovered under deep ocean chambers. A secret military branch has been keeping this classified technology hidden from the public to advance their secret mind-control agenda. Experts who tried to expose this shocking secret have vanished. Read the full leak here! This secret conspiracy involves a shadow organization and has been running for decades. Shocking truth revealed!,FAKE
THE TRUTH EXPOSED! Undeniable evidence revealed the unbelievable truth about weather modification machines controlled by shadow groups.,The global elite are hiding weather modification machines that cause unnatural storms. A shocking leak reveals that a secret group is pulling the strings. This is a must-read warning! The undeniable reality is that our thoughts are being modified by fake chemicals in public drinking water. The truth is finally coming to light! This secret conspiracy involves undeniable evidence and has been running for decades. Shocking truth revealed!,FAKE
The World Health organization revealed research results on small business tax regulations.,"The Department of Finance issued an official statement yesterday confirming the implementation of a new policy designed to support small business growth. According to parliamentary spokespeople, the reform legislation introduces tax reductions for local entrepreneurs. Financial analysts state that the infrastructure funding will stimulate regional economic activity and increase employment indices over the fiscal year. According to the published statistics, the world health organization will oversee the regulatory audits to maintain public standards.",REAL
The World Health organization announced the implementation of a new policy on academic curriculum standards in rural schools.,"In a comprehensive report published this morning, a team of clinical researchers confirmed significant progress in sustainable energy initiatives. The study, funded by state environmental agencies, indicates that solar energy grid integration has improved by fifteen percent over the last quarter. State representatives announced that additional public funding will be allocated to expand municipal transport networks. According to the published statistics, parliamentary representatives will oversee the regulatory audits to maintain public standards.",REAL
The Department of Finance approved the proposed reform legislation targeting bilateral trade tariffs on imported goods.,"The Department of Finance issued an official statement yesterday confirming the implementation of a new policy designed to support small business growth. According to parliamentary spokespeople, the reform legislation introduces tax reductions for local entrepreneurs. Financial analysts state that the infrastructure funding will stimulate regional economic activity and increase employment indices over the fiscal year. According to the published statistics, state environmental scientists will oversee the regulatory audits to maintain public standards.",REAL
THEY DON'T WANT YOU TO KNOW! An anonymous whistleblower exposed the undeniable reality of a fake moon landing staging site.,"This is a shocking revelation that they don't want you to know. A highly placed secret government insider has leaked classified documents confirming that a shadow organization is actively running weather control machines. Independent researchers have found undeniable evidence, but mainstream media refuses to report this conspiracy. Share this before it gets taken down! It's time to wake up! This secret conspiracy involves an anonymous whistleblower and has been running for decades. Shocking truth revealed!",FAKE
ACTUAL PROOF! A shadow organization revealed the unbelievable truth about microchip implants in daily vaccines.,"This is a shocking revelation that they don't want you to know. A highly placed secret government insider has leaked classified documents confirming that a shadow organization is actively running weather control machines. Independent researchers have found undeniable evidence, but mainstream media refuses to report this conspiracy. Share this before it gets taken down! It's time to wake up! This secret conspiracy involves shocking scientific proof and has been running for decades. Shocking truth revealed!",FAKE
Official government agencies announced the implementation of a new policy on bilateral trade tariffs on imported goods.,"Official representatives of the international trade council approved the proposed bilateral trade tariffs during the summit. The official agreement aims to stabilize commodity pricing and support domestic manufacturing sectors. Government officials declared that regular audits will be performed to ensure compliance with international standard regulations. According to the published statistics, the prime minister's press secretary will oversee the regulatory audits to maintain public standards.",REAL
THEY DON'T WANT YOU TO KNOW! Secret government insiders confirms the secret truth behind weather modification machines controlled by shadow groups.,Breaking news: actual proof has surfaced about alien spaceship wreckage discovered under deep ocean chambers. A secret military branch has been keeping this classified technology hidden from the public to advance their secret mind-control agenda. Experts who tried to expose this shocking secret have vanished. Read the full leak here! This secret conspiracy involves alien spaceship wreckage and has been running for decades. Shocking truth revealed!,FAKE
UNBELIEVABLE! Shocking leaked documents uncovered a classified agenda concerning a plan to replace fiat currency with secret mind-control chips.,"This is a shocking revelation that they don't want you to know. A highly placed secret government insider has leaked classified documents confirming that a shadow organization is actively running weather control machines. Independent researchers have found undeniable evidence, but mainstream media refuses to report this conspiracy. Share this before it gets taken down! It's time to wake up! This secret conspiracy involves the global elite and has been running for decades. Shocking truth revealed!",FAKE
State environmental scientists revealed research results on infrastructure investments in public transport networks.,"Official representatives of the international trade council approved the proposed bilateral trade tariffs during the summit. The official agreement aims to stabilize commodity pricing and support domestic manufacturing sectors. Government officials declared that regular audits will be performed to ensure compliance with international standard regulations. According to the published statistics, the world health organization will oversee the regulatory audits to maintain public standards.",REAL
UNBELIEVABLE! Alien spaceship wreckage admitted to a secret operation involving fake water chemicals designed to control public thoughts.,Breaking news: actual proof has surfaced about alien spaceship wreckage discovered under deep ocean chambers. A secret military branch has been keeping this classified technology hidden from the public to advance their secret mind-control agenda. Experts who tried to expose this shocking secret have vanished. Read the full leak here! This secret conspiracy involves a shadow organization and has been running for decades. Shocking truth revealed!,FAKE
THEY DON'T WANT YOU TO KNOW! Undeniable evidence uncovered a classified agenda concerning weather modification machines controlled by shadow groups.,Breaking news: actual proof has surfaced about alien spaceship wreckage discovered under deep ocean chambers. A secret military branch has been keeping this classified technology hidden from the public to advance their secret mind-control agenda. Experts who tried to expose this shocking secret have vanished. Read the full leak here! This secret conspiracy involves shocking scientific proof and has been running for decades. Shocking truth revealed!,FAKE
The World Health organization revealed research results on infrastructure investments in public transport networks.,"In a comprehensive report published this morning, a team of clinical researchers confirmed significant progress in sustainable energy initiatives. The study, funded by state environmental agencies, indicates that solar energy grid integration has improved by fifteen percent over the last quarter. State representatives announced that additional public funding will be allocated to expand municipal transport networks. According to the published statistics, the prime minister's press secretary will oversee the regulatory audits to maintain public standards.",REAL
THE TRUTH EXPOSED! Alien spaceship wreckage revealed the unbelievable truth about microchip implants in daily vaccines.,"This is a shocking revelation that they don't want you to know. A highly placed secret government insider has leaked classified documents confirming that a shadow organization is actively running weather control machines. Independent researchers have found undeniable evidence, but mainstream media refuses to report this conspiracy. Share this before it gets taken down! It's time to wake up! This secret conspiracy involves a clandestine medical cover-up and has been running for decades. Shocking truth revealed!",FAKE
THEY DON'T WANT YOU TO KNOW! Shocking scientific proof uncovered a classified agenda concerning a fake moon landing staging site.,"Unbelievable truth exposed! An anonymous whistleblower has finally admitted that a clandestine medical cover-up was staged by the global elite. Sources say secret microchip implants have been hidden inside daily vaccines for years to control thought processes. If you look at the raw data, the proof is absolutely undeniable. Do your own research! This secret conspiracy involves shocking scientific proof and has been running for decades. Shocking truth revealed!",FAKE
The international trade council issued an official statement clarifying details of public health safety protocols.,"The World Health Organization published a comprehensive study highlighting modern public health safety protocols. The report outlines guidelines designed to prevent seasonal viral transmission in metropolitan areas. Medical professionals emphasized that systematic community education and vaccine distribution remain the most effective methods for long-term health stabilization. According to the published statistics, a team of clinical researchers will oversee the regulatory audits to maintain public standards.",REAL
MUST READ! A clandestine medical cover-up uncovered a classified agenda concerning fake water chemicals designed to control public thoughts.,"This is a shocking revelation that they don't want you to know. A highly placed secret government insider has leaked classified documents confirming that a shadow organization is actively running weather control machines. Independent researchers have found undeniable evidence, but mainstream media refuses to report this conspiracy. Share this before it gets taken down! It's time to wake up! This secret conspiracy involves shocking leaked documents and has been running for decades. Shocking truth revealed!",FAKE
ACTUAL PROOF! An anonymous whistleblower exposed the undeniable reality of a plan to replace fiat currency with secret mind-control chips.,"Unbelievable truth exposed! An anonymous whistleblower has finally admitted that a clandestine medical cover-up was staged by the global elite. Sources say secret microchip implants have been hidden inside daily vaccines for years to control thought processes. If you look at the raw data, the proof is absolutely undeniable. Do your own research! This secret conspiracy involves an anonymous whistleblower and has been running for decades. Shocking truth revealed!",FAKE
ACTUAL PROOF! A clandestine medical cover-up confirms the secret truth behind a plan to replace fiat currency with secret mind-control chips.,The global elite are hiding weather modification machines that cause unnatural storms. A shocking leak reveals that a secret group is pulling the strings. This is a must-read warning! The undeniable reality is that our thoughts are being modified by fake chemicals in public drinking water. The truth is finally coming to light! This secret conspiracy involves alien spaceship wreckage and has been running for decades. Shocking truth revealed!,FAKE
The Prime Minister's press secretary announced the implementation of a new policy on academic curriculum standards in rural schools.,"The World Health Organization published a comprehensive study highlighting modern public health safety protocols. The report outlines guidelines designed to prevent seasonal viral transmission in metropolitan areas. Medical professionals emphasized that systematic community education and vaccine distribution remain the most effective methods for long-term health stabilization. According to the published statistics, the department of finance will oversee the regulatory audits to maintain public standards.",REAL
MUST READ! Undeniable evidence confirms the secret truth behind a cover-up of extraterrestrial encounters.,"Unbelievable truth exposed! An anonymous whistleblower has finally admitted that a clandestine medical cover-up was staged by the global elite. Sources say secret microchip implants have been hidden inside daily vaccines for years to control thought processes. If you look at the raw data, the proof is absolutely undeniable. Do your own research! This secret conspiracy involves alien spaceship wreckage and has been running for decades. Shocking truth revealed!",FAKE
THEY DON'T WANT YOU TO KNOW! A clandestine medical cover-up revealed the unbelievable truth about a plan to replace fiat currency with secret mind-control chips.,The global elite are hiding weather modification machines that cause unnatural storms. A shocking leak reveals that a secret group is pulling the strings. This is a must-read warning! The undeniable reality is that our thoughts are being modified by fake chemicals in public drinking water. The truth is finally coming to light! This secret conspiracy involves alien spaceship wreckage and has been running for decades. Shocking truth revealed!,FAKE
Parliamentary representatives issued an official statement clarifying details of sustainable energy development funding.,"The World Health Organization published a comprehensive study highlighting modern public health safety protocols. The report outlines guidelines designed to prevent seasonal viral transmission in metropolitan areas. Medical professionals emphasized that systematic community education and vaccine distribution remain the most effective methods for long-term health stabilization. According to the published statistics, state environmental scientists will oversee the regulatory audits to maintain public standards.",REAL
The World Health organization issued an official statement clarifying details of bilateral trade tariffs on imported goods.,"The World Health Organization published a comprehensive study highlighting modern public health safety protocols. The report outlines guidelines designed to prevent seasonal viral transmission in metropolitan areas. Medical professionals emphasized that systematic community education and vaccine distribution remain the most effective methods for long-term health stabilization. According to the published statistics, state environmental scientists will oversee the regulatory audits to maintain public standards.",REAL
The World Health organization issued an official statement clarifying details of sustainable energy development funding.,"In a comprehensive report published this morning, a team of clinical researchers confirmed significant progress in sustainable energy initiatives. The study, funded by state environmental agencies, indicates that solar energy grid integration has improved by fifteen percent over the last quarter. State representatives announced that additional public funding will be allocated to expand municipal transport networks. According to the published statistics, state environmental scientists will oversee the regulatory audits to maintain public standards.",REAL
MUST READ! The global elite exposed a shocking conspiracy regarding a fake moon landing staging site.,The global elite are hiding weather modification machines that cause unnatural storms. A shocking leak reveals that a secret group is pulling the strings. This is a must-read warning! The undeniable reality is that our thoughts are being modified by fake chemicals in public drinking water. The truth is finally coming to light! This secret conspiracy involves shocking scientific proof and has been running for decades. Shocking truth revealed!,FAKE
Official government agencies revealed research results on public health safety protocols.,"In a comprehensive report published this morning, a team of clinical researchers confirmed significant progress in sustainable energy initiatives. The study, funded by state environmental agencies, indicates that solar energy grid integration has improved by fifteen percent over the last quarter. State representatives announced that additional public funding will be allocated to expand municipal transport networks. According to the published statistics, official government agencies will oversee the regulatory audits to maintain public standards.",REAL
The Department of Finance published a comprehensive report concerning academic curriculum standards in rural schools.,"The World Health Organization published a comprehensive study highlighting modern public health safety protocols. The report outlines guidelines designed to prevent seasonal viral transmission in metropolitan areas. Medical professionals emphasized that systematic community education and vaccine distribution remain the most effective methods for long-term health stabilization. According to the published statistics, the world health organization will oversee the regulatory audits to maintain public standards.",REAL
MUST READ! An anonymous whistleblower admitted to a secret operation involving a fake moon landing staging site.,"This is a shocking revelation that they don't want you to know. A highly placed secret government insider has leaked classified documents confirming that a shadow organization is actively running weather control machines. Independent researchers have found undeniable evidence, but mainstream media refuses to report this conspiracy. Share this before it gets taken down! It's time to wake up! This secret conspiracy involves alien spaceship wreckage and has been running for decades. Shocking truth revealed!",FAKE
UNBELIEVABLE! Secret government insiders confirms the secret truth behind a fake moon landing staging site.,The global elite are hiding weather modification machines that cause unnatural storms. A shocking leak reveals that a secret group is pulling the strings. This is a must-read warning! The undeniable reality is that our thoughts are being modified by fake chemicals in public drinking water. The truth is finally coming to light! This secret conspiracy involves shocking leaked documents and has been running for decades. Shocking truth revealed!,FAKE
THEY DON'T WANT YOU TO KNOW! The global elite exposed a shocking conspiracy regarding microchip implants in daily vaccines.,The global elite are hiding weather modification machines that cause unnatural storms. A shocking leak reveals that a secret group is pulling the strings. This is a must-read warning! The undeniable reality is that our thoughts are being modified by fake chemicals in public drinking water. The truth is finally coming to light! This secret conspiracy involves a shadow organization and has been running for decades. Shocking truth revealed!,FAKE
The Department of Finance revealed research results on infrastructure investments in public transport networks.,"The Department of Finance issued an official statement yesterday confirming the implementation of a new policy designed to support small business growth. According to parliamentary spokespeople, the reform legislation introduces tax reductions for local entrepreneurs. Financial analysts state that the infrastructure funding will stimulate regional economic activity and increase employment indices over the fiscal year. According to the published statistics, the department of finance will oversee the regulatory audits to maintain public standards.",REAL
The Prime Minister's press secretary revealed research results on sustainable energy development funding.,"Official representatives of the international trade council approved the proposed bilateral trade tariffs during the summit. The official agreement aims to stabilize commodity pricing and support domestic manufacturing sectors. Government officials declared that regular audits will be performed to ensure compliance with international standard regulations. According to the published statistics, the world health organization will oversee the regulatory audits to maintain public standards.",REAL
The international trade council published a comprehensive report concerning academic curriculum standards in rural schools.,"The World Health Organization published a comprehensive study highlighting modern public health safety protocols. The report outlines guidelines designed to prevent seasonal viral transmission in metropolitan areas. Medical professionals emphasized that systematic community education and vaccine distribution remain the most effective methods for long-term health stabilization. According to the published statistics, the world health organization will oversee the regulatory audits to maintain public standards.",REAL
A team of clinical researchers revealed research results on infrastructure investments in public transport networks.,"The World Health Organization published a comprehensive study highlighting modern public health safety protocols. The report outlines guidelines designed to prevent seasonal viral transmission in metropolitan areas. Medical professionals emphasized that systematic community education and vaccine distribution remain the most effective methods for long-term health stabilization. According to the published statistics, the world health organization will oversee the regulatory audits to maintain public standards.",REAL
MUST READ! A shadow organization confirms the secret truth behind a cover-up of extraterrestrial encounters.,"This is a shocking revelation that they don't want you to know. A highly placed secret government insider has leaked classified documents confirming that a shadow organization is actively running weather control machines. Independent researchers have found undeniable evidence, but mainstream media refuses to report this conspiracy. Share this before it gets taken down! It's time to wake up! This secret conspiracy involves an anonymous whistleblower and has been running for decades. Shocking truth revealed!",FAKE
MUST READ! Secret government insiders uncovered a classified agenda concerning a cover-up of extraterrestrial encounters.,"Unbelievable truth exposed! An anonymous whistleblower has finally admitted that a clandestine medical cover-up was staged by the global elite. Sources say secret microchip implants have been hidden inside daily vaccines for years to control thought processes. If you look at the raw data, the proof is absolutely undeniable. Do your own research! This secret conspiracy involves an anonymous whistleblower and has been running for decades. Shocking truth revealed!",FAKE
State environmental scientists published a comprehensive report concerning small business tax regulations.,"The World Health Organization published a comprehensive study highlighting modern public health safety protocols. The report outlines guidelines designed to prevent seasonal viral transmission in metropolitan areas. Medical professionals emphasized that systematic community education and vaccine distribution remain the most effective methods for long-term health stabilization. According to the published statistics, parliamentary representatives will oversee the regulatory audits to maintain public standards.",REAL
Parliamentary representatives approved the proposed reform legislation targeting infrastructure investments in public transport networks.,"The Department of Finance issued an official statement yesterday confirming the implementation of a new policy designed to support small business growth. According to parliamentary spokespeople, the reform legislation introduces tax reductions for local entrepreneurs. Financial analysts state that the infrastructure funding will stimulate regional economic activity and increase employment indices over the fiscal year. According to the published statistics, the international trade council will oversee the regulatory audits to maintain public standards.",REAL
Parliamentary representatives announced the implementation of a new policy on academic curriculum standards in rural schools.,"The World Health Organization published a comprehensive study highlighting modern public health safety protocols. The report outlines guidelines designed to prevent seasonal viral transmission in metropolitan areas. Medical professionals emphasized that systematic community education and vaccine distribution remain the most effective methods for long-term health stabilization. According to the published statistics, a team of clinical researchers will oversee the regulatory audits to maintain public standards.",REAL
ACTUAL PROOF! An anonymous whistleblower revealed the unbelievable truth about weather modification machines controlled by shadow groups.,"Unbelievable truth exposed! An anonymous whistleblower has finally admitted that a clandestine medical cover-up was staged by the global elite. Sources say secret microchip implants have been hidden inside daily vaccines for years to control thought processes. If you look at the raw data, the proof is absolutely undeniable. Do your own research! This secret conspiracy involves a clandestine medical cover-up and has been running for decades. Shocking truth revealed!",FAKE
UNBELIEVABLE! Secret government insiders exposed a shocking conspiracy regarding weather modification machines controlled by shadow groups.,"Unbelievable truth exposed! An anonymous whistleblower has finally admitted that a clandestine medical cover-up was staged by the global elite. Sources say secret microchip implants have been hidden inside daily vaccines for years to control thought processes. If you look at the raw data, the proof is absolutely undeniable. Do your own research! This secret conspiracy involves a shadow organization and has been running for decades. Shocking truth revealed!",FAKE
ACTUAL PROOF! The global elite confirms the secret truth behind weather modification machines controlled by shadow groups.,"This is a shocking revelation that they don't want you to know. A highly placed secret government insider has leaked classified documents confirming that a shadow organization is actively running weather control machines. Independent researchers have found undeniable evidence, but mainstream media refuses to report this conspiracy. Share this before it gets taken down! It's time to wake up! This secret conspiracy involves shocking scientific proof and has been running for decades. Shocking truth revealed!",FAKE
SHOCKING TRUTH! Shocking leaked documents uncovered a classified agenda concerning a fake moon landing staging site.,"Unbelievable truth exposed! An anonymous whistleblower has finally admitted that a clandestine medical cover-up was staged by the global elite. Sources say secret microchip implants have been hidden inside daily vaccines for years to control thought processes. If you look at the raw data, the proof is absolutely undeniable. Do your own research! This secret conspiracy involves shocking leaked documents and has been running for decades. Shocking truth revealed!",FAKE
The World Health organization published a comprehensive report concerning bilateral trade tariffs on imported goods.,"The Department of Finance issued an official statement yesterday confirming the implementation of a new policy designed to support small business growth. According to parliamentary spokespeople, the reform legislation introduces tax reductions for local entrepreneurs. Financial analysts state that the infrastructure funding will stimulate regional economic activity and increase employment indices over the fiscal year. According to the published statistics, the central banking authorities will oversee the regulatory audits to maintain public standards.",REAL
The central banking authorities issued an official statement clarifying details of bilateral trade tariffs on imported goods.,"In a comprehensive report published this morning, a team of clinical researchers confirmed significant progress in sustainable energy initiatives. The study, funded by state environmental agencies, indicates that solar energy grid integration has improved by fifteen percent over the last quarter. State representatives announced that additional public funding will be allocated to expand municipal transport networks. According to the published statistics, state environmental scientists will oversee the regulatory audits to maintain public standards.",REAL
THEY DON'T WANT YOU TO KNOW! A clandestine medical cover-up exposed the undeniable reality of weather modification machines controlled by shadow groups.,"Unbelievable truth exposed! An anonymous whistleblower has finally admitted that a clandestine medical cover-up was staged by the global elite. Sources say secret microchip implants have been hidden inside daily vaccines for years to control thought processes. If you look at the raw data, the proof is absolutely undeniable. Do your own research! This secret conspiracy involves a clandestine medical cover-up and has been running for decades. Shocking truth revealed!",FAKE
UNBELIEVABLE! A clandestine medical cover-up exposed a shocking conspiracy regarding a plan to replace fiat currency with secret mind-control chips.,"Unbelievable truth exposed! An anonymous whistleblower has finally admitted that a clandestine medical cover-up was staged by the global elite. Sources say secret microchip implants have been hidden inside daily vaccines for years to control thought processes. If you look at the raw data, the proof is absolutely undeniable. Do your own research! This secret conspiracy involves alien spaceship wreckage and has been running for decades. Shocking truth revealed!",FAKE
The central banking authorities published a comprehensive report concerning small business tax regulations.,"Official representatives of the international trade council approved the proposed bilateral trade tariffs during the summit. The official agreement aims to stabilize commodity pricing and support domestic manufacturing sectors. Government officials declared that regular audits will be performed to ensure compliance with international standard regulations. According to the published statistics, the prime minister's press secretary will oversee the regulatory audits to maintain public standards.",REAL
The international trade council published a comprehensive report concerning small business tax regulations.,"Official representatives of the international trade council approved the proposed bilateral trade tariffs during the summit. The official agreement aims to stabilize commodity pricing and support domestic manufacturing sectors. Government officials declared that regular audits will be performed to ensure compliance with international standard regulations. According to the published statistics, parliamentary representatives will oversee the regulatory audits to maintain public standards.",REAL
MUST READ! Undeniable evidence exposed a shocking conspiracy regarding microchip implants in daily vaccines.,Breaking news: actual proof has surfaced about alien spaceship wreckage discovered under deep ocean chambers. A secret military branch has been keeping this classified technology hidden from the public to advance their secret mind-control agenda. Experts who tried to expose this shocking secret have vanished. Read the full leak here! This secret conspiracy involves secret government insiders and has been running for decades. Shocking truth revealed!,FAKE
ACTUAL PROOF! An anonymous whistleblower exposed a shocking conspiracy regarding weather modification machines controlled by shadow groups.,"Unbelievable truth exposed! An anonymous whistleblower has finally admitted that a clandestine medical cover-up was staged by the global elite. Sources say secret microchip implants have been hidden inside daily vaccines for years to control thought processes. If you look at the raw data, the proof is absolutely undeniable. Do your own research! This secret conspiracy involves secret government insiders and has been running for decades. Shocking truth revealed!",FAKE
State environmental scientists issued an official statement clarifying details of infrastructure investments in public transport networks.,"The Department of Finance issued an official statement yesterday confirming the implementation of a new policy designed to support small business growth. According to parliamentary spokespeople, the reform legislation introduces tax reductions for local entrepreneurs. Financial analysts state that the infrastructure funding will stimulate regional economic activity and increase employment indices over the fiscal year. According to the published statistics, official government agencies will oversee the regulatory audits to maintain public standards.",REAL
Parliamentary representatives confirmed a strategic agreement regarding small business tax regulations.,"The Department of Finance issued an official statement yesterday confirming the implementation of a new policy designed to support small business growth. According to parliamentary spokespeople, the reform legislation introduces tax reductions for local entrepreneurs. Financial analysts state that the infrastructure funding will stimulate regional economic activity and increase employment indices over the fiscal year. According to the published statistics, the international trade council will oversee the regulatory audits to maintain public standards.",REAL
The Department of Finance revealed research results on infrastructure investments in public transport networks.,"In a comprehensive report published this morning, a team of clinical researchers confirmed significant progress in sustainable energy initiatives. The study, funded by state environmental agencies, indicates that solar energy grid integration has improved by fifteen percent over the last quarter. State representatives announced that additional public funding will be allocated to expand municipal transport networks. According to the published statistics, the prime minister's press secretary will oversee the regulatory audits to maintain public standards.",REAL
The Prime Minister's press secretary announced the implementation of a new policy on sustainable energy development funding.,"The Department of Finance issued an official statement yesterday confirming the implementation of a new policy designed to support small business growth. According to parliamentary spokespeople, the reform legislation introduces tax reductions for local entrepreneurs. Financial analysts state that the infrastructure funding will stimulate regional economic activity and increase employment indices over the fiscal year. According to the published statistics, the international trade council will oversee the regulatory audits to maintain public standards.",REAL
The international trade council approved the proposed reform legislation targeting infrastructure investments in public transport networks.,"The World Health Organization published a comprehensive study highlighting modern public health safety protocols. The report outlines guidelines designed to prevent seasonal viral transmission in metropolitan areas. Medical professionals emphasized that systematic community education and vaccine distribution remain the most effective methods for long-term health stabilization. According to the published statistics, the prime minister's press secretary will oversee the regulatory audits to maintain public standards.",REAL
The World Health organization revealed research results on academic curriculum standards in rural schools.,"The World Health Organization published a comprehensive study highlighting modern public health safety protocols. The report outlines guidelines designed to prevent seasonal viral transmission in metropolitan areas. Medical professionals emphasized that systematic community education and vaccine distribution remain the most effective methods for long-term health stabilization. According to the published statistics, a team of clinical researchers will oversee the regulatory audits to maintain public standards.",REAL
The World Health organization confirmed a strategic agreement regarding public health safety protocols.,"The World Health Organization published a comprehensive study highlighting modern public health safety protocols. The report outlines guidelines designed to prevent seasonal viral transmission in metropolitan areas. Medical professionals emphasized that systematic community education and vaccine distribution remain the most effective methods for long-term health stabilization. According to the published statistics, the world health organization will oversee the regulatory audits to maintain public standards.",REAL
UNBELIEVABLE! An anonymous whistleblower admitted to a secret operation involving a fake moon landing staging site.,The global elite are hiding weather modification machines that cause unnatural storms. A shocking leak reveals that a secret group is pulling the strings. This is a must-read warning! The undeniable reality is that our thoughts are being modified by fake chemicals in public drinking water. The truth is finally coming to light! This secret conspiracy involves secret government insiders and has been running for decades. Shocking truth revealed!,FAKE
Parliamentary representatives issued an official statement clarifying details of public health safety protocols.,"Official representatives of the international trade council approved the proposed bilateral trade tariffs during the summit. The official agreement aims to stabilize commodity pricing and support domestic manufacturing sectors. Government officials declared that regular audits will be performed to ensure compliance with international standard regulations. According to the published statistics, the world health organization will oversee the regulatory audits to maintain public standards.",REAL
THE TRUTH EXPOSED! Secret government insiders admitted to a secret operation involving microchip implants in daily vaccines.,Breaking news: actual proof has surfaced about alien spaceship wreckage discovered under deep ocean chambers. A secret military branch has been keeping this classified technology hidden from the public to advance their secret mind-control agenda. Experts who tried to expose this shocking secret have vanished. Read the full leak here! This secret conspiracy involves undeniable evidence and has been running for decades. Shocking truth revealed!,FAKE
Parliamentary representatives announced the implementation of a new policy on academic curriculum standards in rural schools.,"The Department of Finance issued an official statement yesterday confirming the implementation of a new policy designed to support small business growth. According to parliamentary spokespeople, the reform legislation introduces tax reductions for local entrepreneurs. Financial analysts state that the infrastructure funding will stimulate regional economic activity and increase employment indices over the fiscal year. According to the published statistics, official government agencies will oversee the regulatory audits to maintain public standards.",REAL
ACTUAL PROOF! A clandestine medical cover-up exposed the undeniable reality of a cover-up of extraterrestrial encounters.,"Unbelievable truth exposed! An anonymous whistleblower has finally admitted that a clandestine medical cover-up was staged by the global elite. Sources say secret microchip implants have been hidden inside daily vaccines for years to control thought processes. If you look at the raw data, the proof is absolutely undeniable. Do your own research! This secret conspiracy involves a shadow organization and has been running for decades. Shocking truth revealed!",FAKE
MUST READ! The global elite revealed the unbelievable truth about fake water chemicals designed to control public thoughts.,The global elite are hiding weather modification machines that cause unnatural storms. A shocking leak reveals that a secret group is pulling the strings. This is a must-read warning! The undeniable reality is that our thoughts are being modified by fake chemicals in public drinking water. The truth is finally coming to light! This secret conspiracy involves a shadow organization and has been running for decades. Shocking truth revealed!,FAKE
The central banking authorities published a comprehensive report concerning bilateral trade tariffs on imported goods.,"The World Health Organization published a comprehensive study highlighting modern public health safety protocols. The report outlines guidelines designed to prevent seasonal viral transmission in metropolitan areas. Medical professionals emphasized that systematic community education and vaccine distribution remain the most effective methods for long-term health stabilization. According to the published statistics, state environmental scientists will oversee the regulatory audits to maintain public standards.",REAL
MUST READ! Undeniable evidence revealed the unbelievable truth about microchip implants in daily vaccines.,"This is a shocking revelation that they don't want you to know. A highly placed secret government insider has leaked classified documents confirming that a shadow organization is actively running weather control machines. Independent researchers have found undeniable evidence, but mainstream media refuses to report this conspiracy. Share this before it gets taken down! It's time to wake up! This secret conspiracy involves the global elite and has been running for decades. Shocking truth revealed!",FAKE
The international trade council approved the proposed reform legislation targeting small business tax regulations.,"The World Health Organization published a comprehensive study highlighting modern public health safety protocols. The report outlines guidelines designed to prevent seasonal viral transmission in metropolitan areas. Medical professionals emphasized that systematic community education and vaccine distribution remain the most effective methods for long-term health stabilization. According to the published statistics, the central banking authorities will oversee the regulatory audits to maintain public standards.",REAL
A team of clinical researchers confirmed a strategic agreement regarding small business tax regulations.,"In a comprehensive report published this morning, a team of clinical researchers confirmed significant progress in sustainable energy initiatives. The study, funded by state environmental agencies, indicates that solar energy grid integration has improved by fifteen percent over the last quarter. State representatives announced that additional public funding will be allocated to expand municipal transport networks. According to the published statistics, official government agencies will oversee the regulatory audits to maintain public standards.",REAL
The central banking authorities announced the implementation of a new policy on bilateral trade tariffs on imported goods.,"Official representatives of the international trade council approved the proposed bilateral trade tariffs during the summit. The official agreement aims to stabilize commodity pricing and support domestic manufacturing sectors. Government officials declared that regular audits will be performed to ensure compliance with international standard regulations. According to the published statistics, the world health organization will oversee the regulatory audits to maintain public standards.",REAL
Parliamentary representatives published a comprehensive report concerning public health safety protocols.,"In a comprehensive report published this morning, a team of clinical researchers confirmed significant progress in sustainable energy initiatives. The study, funded by state environmental agencies, indicates that solar energy grid integration has improved by fifteen percent over the last quarter. State representatives announced that additional public funding will be allocated to expand municipal transport networks. According to the published statistics, the world health organization will oversee the regulatory audits to maintain public standards.",REAL
UNBELIEVABLE! Alien spaceship wreckage admitted to a secret operation involving a plan to replace fiat currency with secret mind-control chips.,The global elite are hiding weather modification machines that cause unnatural storms. A shocking leak reveals that a secret group is pulling the strings. This is a must-read warning! The undeniable reality is that our thoughts are being modified by fake chemicals in public drinking water. The truth is finally coming to light! This secret conspiracy involves a shadow organization and has been running for decades. Shocking truth revealed!,FAKE
THE TRUTH EXPOSED! Shocking leaked documents admitted to a secret operation involving microchip implants in daily vaccines.,"Unbelievable truth exposed! An anonymous whistleblower has finally admitted that a clandestine medical cover-up was staged by the global elite. Sources say secret microchip implants have been hidden inside daily vaccines for years to control thought processes. If you look at the raw data, the proof is absolutely undeniable. Do your own research! This secret conspiracy involves an anonymous whistleblower and has been running for decades. Shocking truth revealed!",FAKE
The Department of Finance confirmed a strategic agreement regarding public health safety protocols.,"In a comprehensive report published this morning, a team of clinical researchers confirmed significant progress in sustainable energy initiatives. The study, funded by state environmental agencies, indicates that solar energy grid integration has improved by fifteen percent over the last quarter. State representatives announced that additional public funding will be allocated to expand municipal transport networks. According to the published statistics, a team of clinical researchers will oversee the regulatory audits to maintain public standards.",REAL
A team of clinical researchers published a comprehensive report concerning bilateral trade tariffs on imported goods.,"In a comprehensive report published this morning, a team of clinical researchers confirmed significant progress in sustainable energy initiatives. The study, funded by state environmental agencies, indicates that solar energy grid integration has improved by fifteen percent over the last quarter. State representatives announced that additional public funding will be allocated to expand municipal transport networks. According to the published statistics, a team of clinical researchers will oversee the regulatory audits to maintain public standards.",REAL
UNBELIEVABLE! Alien spaceship wreckage uncovered a classified agenda concerning a cover-up of extraterrestrial encounters.,Breaking news: actual proof has surfaced about alien spaceship wreckage discovered under deep ocean chambers. A secret military branch has been keeping this classified technology hidden from the public to advance their secret mind-control agenda. Experts who tried to expose this shocking secret have vanished. Read the full leak here! This secret conspiracy involves undeniable evidence and has been running for decades. Shocking truth revealed!,FAKE
THE TRUTH EXPOSED! A clandestine medical cover-up revealed the unbelievable truth about weather modification machines controlled by shadow groups.,"Unbelievable truth exposed! An anonymous whistleblower has finally admitted that a clandestine medical cover-up was staged by the global elite. Sources say secret microchip implants have been hidden inside daily vaccines for years to control thought processes. If you look at the raw data, the proof is absolutely undeniable. Do your own research! This secret conspiracy involves shocking scientific proof and has been running for decades. Shocking truth revealed!",FAKE
The central banking authorities confirmed a strategic agreement regarding public health safety protocols.,"The World Health Organization published a comprehensive study highlighting modern public health safety protocols. The report outlines guidelines designed to prevent seasonal viral transmission in metropolitan areas. Medical professionals emphasized that systematic community education and vaccine distribution remain the most effective methods for long-term health stabilization. According to the published statistics, official government agencies will oversee the regulatory audits to maintain public standards.",REAL
THE TRUTH EXPOSED! Secret government insiders exposed the undeniable reality of microchip implants in daily vaccines.,"This is a shocking revelation that they don't want you to know. A highly placed secret government insider has leaked classified documents confirming that a shadow organization is actively running weather control machines. Independent researchers have found undeniable evidence, but mainstream media refuses to report this conspiracy. Share this before it gets taken down! It's time to wake up! This secret conspiracy involves secret government insiders and has been running for decades. Shocking truth revealed!",FAKE
The World Health organization confirmed a strategic agreement regarding infrastructure investments in public transport networks.,"The World Health Organization published a comprehensive study highlighting modern public health safety protocols. The report outlines guidelines designed to prevent seasonal viral transmission in metropolitan areas. Medical professionals emphasized that systematic community education and vaccine distribution remain the most effective methods for long-term health stabilization. According to the published statistics, parliamentary representatives will oversee the regulatory audits to maintain public standards.",REAL
THE TRUTH EXPOSED! An anonymous whistleblower confirms the secret truth behind fake water chemicals designed to control public thoughts.,"This is a shocking revelation that they don't want you to know. A highly placed secret government insider has leaked classified documents confirming that a shadow organization is actively running weather control machines. Independent researchers have found undeniable evidence, but mainstream media refuses to report this conspiracy. Share this before it gets taken down! It's time to wake up! This secret conspiracy involves shocking leaked documents and has been running for decades. Shocking truth revealed!",FAKE
UNBELIEVABLE! The global elite confirms the secret truth behind a cover-up of extraterrestrial encounters.,"This is a shocking revelation that they don't want you to know. A highly placed secret government insider has leaked classified documents confirming that a shadow organization is actively running weather control machines. Independent researchers have found undeniable evidence, but mainstream media refuses to report this conspiracy. Share this before it gets taken down! It's time to wake up! This secret conspiracy involves undeniable evidence and has been running for decades. Shocking truth revealed!",FAKE
ACTUAL PROOF! An anonymous whistleblower revealed the unbelievable truth about a plan to replace fiat currency with secret mind-control chips.,"Unbelievable truth exposed! An anonymous whistleblower has finally admitted that a clandestine medical cover-up was staged by the global elite. Sources say secret microchip implants have been hidden inside daily vaccines for years to control thought processes. If you look at the raw data, the proof is absolutely undeniable. Do your own research! This secret conspiracy involves an anonymous whistleblower and has been running for decades. Shocking truth revealed!",FAKE
A team of clinical researchers issued an official statement clarifying details of academic curriculum standards in rural schools.,"The World Health Organization published a comprehensive study highlighting modern public health safety protocols. The report outlines guidelines designed to prevent seasonal viral transmission in metropolitan areas. Medical professionals emphasized that systematic community education and vaccine distribution remain the most effective methods for long-term health stabilization. According to the published statistics, official government agencies will oversee the regulatory audits to maintain public standards.",REAL
THE TRUTH EXPOSED! Undeniable evidence exposed the undeniable reality of fake water chemicals designed to control public thoughts.,Breaking news: actual proof has surfaced about alien spaceship wreckage discovered under deep ocean chambers. A secret military branch has been keeping this classified technology hidden from the public to advance their secret mind-control agenda. Experts who tried to expose this shocking secret have vanished. Read the full leak here! This secret conspiracy involves shocking leaked documents and has been running for decades. Shocking truth revealed!,FAKE
THEY DON'T WANT YOU TO KNOW! An anonymous whistleblower exposed a shocking conspiracy regarding weather modification machines controlled by shadow groups.,Breaking news: actual proof has surfaced about alien spaceship wreckage discovered under deep ocean chambers. A secret military branch has been keeping this classified technology hidden from the public to advance their secret mind-control agenda. Experts who tried to expose this shocking secret have vanished. Read the full leak here! This secret conspiracy involves a clandestine medical cover-up and has been running for decades. Shocking truth revealed!,FAKE
The international trade council issued an official statement clarifying details of sustainable energy development funding.,"The Department of Finance issued an official statement yesterday confirming the implementation of a new policy designed to support small business growth. According to parliamentary spokespeople, the reform legislation introduces tax reductions for local entrepreneurs. Financial analysts state that the infrastructure funding will stimulate regional economic activity and increase employment indices over the fiscal year. According to the published statistics, the international trade council will oversee the regulatory audits to maintain public standards.",REAL
A team of clinical researchers issued an official statement clarifying details of sustainable energy development funding.,"Official representatives of the international trade council approved the proposed bilateral trade tariffs during the summit. The official agreement aims to stabilize commodity pricing and support domestic manufacturing sectors. Government officials declared that regular audits will be performed to ensure compliance with international standard regulations. According to the published statistics, parliamentary representatives will oversee the regulatory audits to maintain public standards.",REAL
The central banking authorities approved the proposed reform legislation targeting bilateral trade tariffs on imported goods.,"The World Health Organization published a comprehensive study highlighting modern public health safety protocols. The report outlines guidelines designed to prevent seasonal viral transmission in metropolitan areas. Medical professionals emphasized that systematic community education and vaccine distribution remain the most effective methods for long-term health stabilization. According to the published statistics, official government agencies will oversee the regulatory audits to maintain public standards.",REAL
Parliamentary representatives approved the proposed reform legislation targeting small business tax regulations.,"In a comprehensive report published this morning, a team of clinical researchers confirmed significant progress in sustainable energy initiatives. The study, funded by state environmental agencies, indicates that solar energy grid integration has improved by fifteen percent over the last quarter. State representatives announced that additional public funding will be allocated to expand municipal transport networks. According to the published statistics, the international trade council will oversee the regulatory audits to maintain public standards.",REAL
MUST READ! A clandestine medical cover-up revealed the unbelievable truth about a plan to replace fiat currency with secret mind-control chips.,Breaking news: actual proof has surfaced about alien spaceship wreckage discovered under deep ocean chambers. A secret military branch has been keeping this classified technology hidden from the public to advance their secret mind-control agenda. Experts who tried to expose this shocking secret have vanished. Read the full leak here! This secret conspiracy involves shocking scientific proof and has been running for decades. Shocking truth revealed!,FAKE
Official government agencies published a comprehensive report concerning academic curriculum standards in rural schools.,"Official representatives of the international trade council approved the proposed bilateral trade tariffs during the summit. The official agreement aims to stabilize commodity pricing and support domestic manufacturing sectors. Government officials declared that regular audits will be performed to ensure compliance with international standard regulations. According to the published statistics, a team of clinical researchers will oversee the regulatory audits to maintain public standards.",REAL
A team of clinical researchers confirmed a strategic agreement regarding infrastructure investments in public transport networks.,"The World Health Organization published a comprehensive study highlighting modern public health safety protocols. The report outlines guidelines designed to prevent seasonal viral transmission in metropolitan areas. Medical professionals emphasized that systematic community education and vaccine distribution remain the most effective methods for long-term health stabilization. According to the published statistics, the world health organization will oversee the regulatory audits to maintain public standards.",REAL
Official government agencies confirmed a strategic agreement regarding sustainable energy development funding.,"The World Health Organization published a comprehensive study highlighting modern public health safety protocols. The report outlines guidelines designed to prevent seasonal viral transmission in metropolitan areas. Medical professionals emphasized that systematic community education and vaccine distribution remain the most effective methods for long-term health stabilization. According to the published statistics, state environmental scientists will oversee the regulatory audits to maintain public standards.",REAL
The central banking authorities announced the implementation of a new policy on small business tax regulations.,"In a comprehensive report published this morning, a team of clinical researchers confirmed significant progress in sustainable energy initiatives. The study, funded by state environmental agencies, indicates that solar energy grid integration has improved by fifteen percent over the last quarter. State representatives announced that additional public funding will be allocated to expand municipal transport networks. According to the published statistics, the world health organization will oversee the regulatory audits to maintain public standards.",REAL
The central banking authorities issued an official statement clarifying details of small business tax regulations.,"Official representatives of the international trade council approved the proposed bilateral trade tariffs during the summit. The official agreement aims to stabilize commodity pricing and support domestic manufacturing sectors. Government officials declared that regular audits will be performed to ensure compliance with international standard regulations. According to the published statistics, the international trade council will oversee the regulatory audits to maintain public standards.",REAL
The central banking authorities approved the proposed reform legislation targeting public health safety protocols.,"The Department of Finance issued an official statement yesterday confirming the implementation of a new policy designed to support small business growth. According to parliamentary spokespeople, the reform legislation introduces tax reductions for local entrepreneurs. Financial analysts state that the infrastructure funding will stimulate regional economic activity and increase employment indices over the fiscal year. According to the published statistics, state environmental scientists will oversee the regulatory audits to maintain public standards.",REAL
The central banking authorities approved the proposed reform legislation targeting bilateral trade tariffs on imported goods.,"Official representatives of the international trade council approved the proposed bilateral trade tariffs during the summit. The official agreement aims to stabilize commodity pricing and support domestic manufacturing sectors. Government officials declared that regular audits will be performed to ensure compliance with international standard regulations. According to the published statistics, a team of clinical researchers will oversee the regulatory audits to maintain public standards.",REAL
SHOCKING TRUTH! A clandestine medical cover-up confirms the secret truth behind a fake moon landing staging site.,Breaking news: actual proof has surfaced about alien spaceship wreckage discovered under deep ocean chambers. A secret military branch has been keeping this classified technology hidden from the public to advance their secret mind-control agenda. Experts who tried to expose this shocking secret have vanished. Read the full leak here! This secret conspiracy involves shocking scientific proof and has been running for decades. Shocking truth revealed!,FAKE
Official government agencies issued an official statement clarifying details of sustainable energy development funding.,"The Department of Finance issued an official statement yesterday confirming the implementation of a new policy designed to support small business growth. According to parliamentary spokespeople, the reform legislation introduces tax reductions for local entrepreneurs. Financial analysts state that the infrastructure funding will stimulate regional economic activity and increase employment indices over the fiscal year. According to the published statistics, parliamentary representatives will oversee the regulatory audits to maintain public standards.",REAL
SHOCKING TRUTH! Alien spaceship wreckage revealed the unbelievable truth about fake water chemicals designed to control public thoughts.,"This is a shocking revelation that they don't want you to know. A highly placed secret government insider has leaked classified documents confirming that a shadow organization is actively running weather control machines. Independent researchers have found undeniable evidence, but mainstream media refuses to report this conspiracy. Share this before it gets taken down! It's time to wake up! This secret conspiracy involves undeniable evidence and has been running for decades. Shocking truth revealed!",FAKE
The Prime Minister's press secretary revealed research results on sustainable energy development funding.,"Official representatives of the international trade council approved the proposed bilateral trade tariffs during the summit. The official agreement aims to stabilize commodity pricing and support domestic manufacturing sectors. Government officials declared that regular audits will be performed to ensure compliance with international standard regulations. According to the published statistics, the international trade council will oversee the regulatory audits to maintain public standards.",REAL
The international trade council revealed research results on public health safety protocols.,"In a comprehensive report published this morning, a team of clinical researchers confirmed significant progress in sustainable energy initiatives. The study, funded by state environmental agencies, indicates that solar energy grid integration has improved by fifteen percent over the last quarter. State representatives announced that additional public funding will be allocated to expand municipal transport networks. According to the published statistics, the world health organization will oversee the regulatory audits to maintain public standards.",REAL
The Department of Finance revealed research results on infrastructure investments in public transport networks.,"In a comprehensive report published this morning, a team of clinical researchers confirmed significant progress in sustainable energy initiatives. The study, funded by state environmental agencies, indicates that solar energy grid integration has improved by fifteen percent over the last quarter. State representatives announced that additional public funding will be allocated to expand municipal transport networks. According to the published statistics, the international trade council will oversee the regulatory audits to maintain public standards.",REAL
MUST READ! Secret government insiders exposed the undeniable reality of a fake moon landing staging site.,"Unbelievable truth exposed! An anonymous whistleblower has finally admitted that a clandestine medical cover-up was staged by the global elite. Sources say secret microchip implants have been hidden inside daily vaccines for years to control thought processes. If you look at the raw data, the proof is absolutely undeniable. Do your own research! This secret conspiracy involves shocking leaked documents and has been running for decades. Shocking truth revealed!",FAKE
THEY DON'T WANT YOU TO KNOW! Shocking leaked documents confirms the secret truth behind a cover-up of extraterrestrial encounters.,"This is a shocking revelation that they don't want you to know. A highly placed secret government insider has leaked classified documents confirming that a shadow organization is actively running weather control machines. Independent researchers have found undeniable evidence, but mainstream media refuses to report this conspiracy. Share this before it gets taken down! It's time to wake up! This secret conspiracy involves alien spaceship wreckage and has been running for decades. Shocking truth revealed!",FAKE
The Department of Finance published a comprehensive report concerning public health safety protocols.,"The World Health Organization published a comprehensive study highlighting modern public health safety protocols. The report outlines guidelines designed to prevent seasonal viral transmission in metropolitan areas. Medical professionals emphasized that systematic community education and vaccine distribution remain the most effective methods for long-term health stabilization. According to the published statistics, the international trade council will oversee the regulatory audits to maintain public standards.",REAL
THEY DON'T WANT YOU TO KNOW! A shadow organization admitted to a secret operation involving microchip implants in daily vaccines.,The global elite are hiding weather modification machines that cause unnatural storms. A shocking leak reveals that a secret group is pulling the strings. This is a must-read warning! The undeniable reality is that our thoughts are being modified by fake chemicals in public drinking water. The truth is finally coming to light! This secret conspiracy involves the global elite and has been running for decades. Shocking truth revealed!,FAKE
ACTUAL PROOF! Shocking leaked documents admitted to a secret operation involving microchip implants in daily vaccines.,The global elite are hiding weather modification machines that cause unnatural storms. A shocking leak reveals that a secret group is pulling the strings. This is a must-read warning! The undeniable reality is that our thoughts are being modified by fake chemicals in public drinking water. The truth is finally coming to light! This secret conspiracy involves a shadow organization and has been running for decades. Shocking truth revealed!,FAKE
THEY DON'T WANT YOU TO KNOW! A shadow organization admitted to a secret operation involving a fake moon landing staging site.,Breaking news: actual proof has surfaced about alien spaceship wreckage discovered under deep ocean chambers. A secret military branch has been keeping this classified technology hidden from the public to advance their secret mind-control agenda. Experts who tried to expose this shocking secret have vanished. Read the full leak here! This secret conspiracy involves a shadow organization and has been running for decades. Shocking truth revealed!,FAKE
The World Health organization approved the proposed reform legislation targeting sustainable energy development funding.,"The Department of Finance issued an official statement yesterday confirming the implementation of a new policy designed to support small business growth. According to parliamentary spokespeople, the reform legislation introduces tax reductions for local entrepreneurs. Financial analysts state that the infrastructure funding will stimulate regional economic activity and increase employment indices over the fiscal year. According to the published statistics, official government agencies will oversee the regulatory audits to maintain public standards.",REAL
The Prime Minister's press secretary issued an official statement clarifying details of sustainable energy development funding.,"The World Health Organization published a comprehensive study highlighting modern public health safety protocols. The report outlines guidelines designed to prevent seasonal viral transmission in metropolitan areas. Medical professionals emphasized that systematic community education and vaccine distribution remain the most effective methods for long-term health stabilization. According to the published statistics, the international trade council will oversee the regulatory audits to maintain public standards.",REAL
The Department of Finance issued an official statement clarifying details of infrastructure investments in public transport networks.,"The Department of Finance issued an official statement yesterday confirming the implementation of a new policy designed to support small business growth. According to parliamentary spokespeople, the reform legislation introduces tax reductions for local entrepreneurs. Financial analysts state that the infrastructure funding will stimulate regional economic activity and increase employment indices over the fiscal year. According to the published statistics, state environmental scientists will oversee the regulatory audits to maintain public standards.",REAL
Parliamentary representatives approved the proposed reform legislation targeting academic curriculum standards in rural schools.,"Official representatives of the international trade council approved the proposed bilateral trade tariffs during the summit. The official agreement aims to stabilize commodity pricing and support domestic manufacturing sectors. Government officials declared that regular audits will be performed to ensure compliance with international standard regulations. According to the published statistics, official government agencies will oversee the regulatory audits to maintain public standards.",REAL
UNBELIEVABLE! The global elite confirms the secret truth behind a cover-up of extraterrestrial encounters.,"Unbelievable truth exposed! An anonymous whistleblower has finally admitted that a clandestine medical cover-up was staged by the global elite. Sources say secret microchip implants have been hidden inside daily vaccines for years to control thought processes. If you look at the raw data, the proof is absolutely undeniable. Do your own research! This secret conspiracy involves a shadow organization and has been running for decades. Shocking truth revealed!",FAKE
MUST READ! Undeniable evidence admitted to a secret operation involving a fake moon landing staging site.,Breaking news: actual proof has surfaced about alien spaceship wreckage discovered under deep ocean chambers. A secret military branch has been keeping this classified technology hidden from the public to advance their secret mind-control agenda. Experts who tried to expose this shocking secret have vanished. Read the full leak here! This secret conspiracy involves an anonymous whistleblower and has been running for decades. Shocking truth revealed!,FAKE
THE TRUTH EXPOSED! Secret government insiders admitted to a secret operation involving fake water chemicals designed to control public thoughts.,Breaking news: actual proof has surfaced about alien spaceship wreckage discovered under deep ocean chambers. A secret military branch has been keeping this classified technology hidden from the public to advance their secret mind-control agenda. Experts who tried to expose this shocking secret have vanished. Read the full leak here! This secret conspiracy involves undeniable evidence and has been running for decades. Shocking truth revealed!,FAKE
THE TRUTH EXPOSED! Alien spaceship wreckage exposed a shocking conspiracy regarding a cover-up of extraterrestrial encounters.,Breaking news: actual proof has surfaced about alien spaceship wreckage discovered under deep ocean chambers. A secret military branch has been keeping this classified technology hidden from the public to advance their secret mind-control agenda. Experts who tried to expose this shocking secret have vanished. Read the full leak here! This secret conspiracy involves alien spaceship wreckage and has been running for decades. Shocking truth revealed!,FAKE
The World Health organization approved the proposed reform legislation targeting public health safety protocols.,"Official representatives of the international trade council approved the proposed bilateral trade tariffs during the summit. The official agreement aims to stabilize commodity pricing and support domestic manufacturing sectors. Government officials declared that regular audits will be performed to ensure compliance with international standard regulations. According to the published statistics, state environmental scientists will oversee the regulatory audits to maintain public standards.",REAL
THEY DON'T WANT YOU TO KNOW! Alien spaceship wreckage confirms the secret truth behind weather modification machines controlled by shadow groups.,Breaking news: actual proof has surfaced about alien spaceship wreckage discovered under deep ocean chambers. A secret military branch has been keeping this classified technology hidden from the public to advance their secret mind-control agenda. Experts who tried to expose this shocking secret have vanished. Read the full leak here! This secret conspiracy involves secret government insiders and has been running for decades. Shocking truth revealed!,FAKE
The international trade council confirmed a strategic agreement regarding public health safety protocols.,"In a comprehensive report published this morning, a team of clinical researchers confirmed significant progress in sustainable energy initiatives. The study, funded by state environmental agencies, indicates that solar energy grid integration has improved by fifteen percent over the last quarter. State representatives announced that additional public funding will be allocated to expand municipal transport networks. According to the published statistics, the central banking authorities will oversee the regulatory audits to maintain public standards.",REAL
The central banking authorities issued an official statement clarifying details of small business tax regulations.,"In a comprehensive report published this morning, a team of clinical researchers confirmed significant progress in sustainable energy initiatives. The study, funded by state environmental agencies, indicates that solar energy grid integration has improved by fifteen percent over the last quarter. State representatives announced that additional public funding will be allocated to expand municipal transport networks. According to the published statistics, the world health organization will oversee the regulatory audits to maintain public standards.",REAL
State environmental scientists confirmed a strategic agreement regarding bilateral trade tariffs on imported goods.,"In a comprehensive report published this morning, a team of clinical researchers confirmed significant progress in sustainable energy initiatives. The study, funded by state environmental agencies, indicates that solar energy grid integration has improved by fifteen percent over the last quarter. State representatives announced that additional public funding will be allocated to expand municipal transport networks. According to the published statistics, parliamentary representatives will oversee the regulatory audits to maintain public standards.",REAL
THE TRUTH EXPOSED! Undeniable evidence confirms the secret truth behind a plan to replace fiat currency with secret mind-control chips.,Breaking news: actual proof has surfaced about alien spaceship wreckage discovered under deep ocean chambers. A secret military branch has been keeping this classified technology hidden from the public to advance their secret mind-control agenda. Experts who tried to expose this shocking secret have vanished. Read the full leak here! This secret conspiracy involves a clandestine medical cover-up and has been running for decades. Shocking truth revealed!,FAKE
The international trade council issued an official statement clarifying details of academic curriculum standards in rural schools.,"Official representatives of the international trade council approved the proposed bilateral trade tariffs during the summit. The official agreement aims to stabilize commodity pricing and support domestic manufacturing sectors. Government officials declared that regular audits will be performed to ensure compliance with international standard regulations. According to the published statistics, parliamentary representatives will oversee the regulatory audits to maintain public standards.",REAL
SHOCKING TRUTH! Secret government insiders uncovered a classified agenda concerning microchip implants in daily vaccines.,"Unbelievable truth exposed! An anonymous whistleblower has finally admitted that a clandestine medical cover-up was staged by the global elite. Sources say secret microchip implants have been hidden inside daily vaccines for years to control thought processes. If you look at the raw data, the proof is absolutely undeniable. Do your own research! This secret conspiracy involves undeniable evidence and has been running for decades. Shocking truth revealed!",FAKE
THEY DON'T WANT YOU TO KNOW! Secret government insiders revealed the unbelievable truth about a plan to replace fiat currency with secret mind-control chips.,"Unbelievable truth exposed! An anonymous whistleblower has finally admitted that a clandestine medical cover-up was staged by the global elite. Sources say secret microchip implants have been hidden inside daily vaccines for years to control thought processes. If you look at the raw data, the proof is absolutely undeniable. Do your own research! This secret conspiracy involves a shadow organization and has been running for decades. Shocking truth revealed!",FAKE
State environmental scientists confirmed a strategic agreement regarding sustainable energy development funding.,"The Department of Finance issued an official statement yesterday confirming the implementation of a new policy designed to support small business growth. According to parliamentary spokespeople, the reform legislation introduces tax reductions for local entrepreneurs. Financial analysts state that the infrastructure funding will stimulate regional economic activity and increase employment indices over the fiscal year. According to the published statistics, the world health organization will oversee the regulatory audits to maintain public standards.",REAL
THEY DON'T WANT YOU TO KNOW! Shocking leaked documents exposed a shocking conspiracy regarding a plan to replace fiat currency with secret mind-control chips.,"This is a shocking revelation that they don't want you to know. A highly placed secret government insider has leaked classified documents confirming that a shadow organization is actively running weather control machines. Independent researchers have found undeniable evidence, but mainstream media refuses to report this conspiracy. Share this before it gets taken down! It's time to wake up! This secret conspiracy involves shocking scientific proof and has been running for decades. Shocking truth revealed!",FAKE
UNBELIEVABLE! Undeniable evidence exposed a shocking conspiracy regarding fake water chemicals designed to control public thoughts.,"Unbelievable truth exposed! An anonymous whistleblower has finally admitted that a clandestine medical cover-up was staged by the global elite. Sources say secret microchip implants have been hidden inside daily vaccines for years to control thought processes. If you look at the raw data, the proof is absolutely undeniable. Do your own research! This secret conspiracy involves undeniable evidence and has been running for decades. Shocking truth revealed!",FAKE
The Department of Finance announced the implementation of a new policy on sustainable energy development funding.,"The Department of Finance issued an official statement yesterday confirming the implementation of a new policy designed to support small business growth. According to parliamentary spokespeople, the reform legislation introduces tax reductions for local entrepreneurs. Financial analysts state that the infrastructure funding will stimulate regional economic activity and increase employment indices over the fiscal year. According to the published statistics, the central banking authorities will oversee the regulatory audits to maintain public standards.",REAL
A team of clinical researchers approved the proposed reform legislation targeting sustainable energy development funding.,"Official representatives of the international trade council approved the proposed bilateral trade tariffs during the summit. The official agreement aims to stabilize commodity pricing and support domestic manufacturing sectors. Government officials declared that regular audits will be performed to ensure compliance with international standard regulations. According to the published statistics, parliamentary representatives will oversee the regulatory audits to maintain public standards.",REAL
The Prime Minister's press secretary confirmed a strategic agreement regarding academic curriculum standards in rural schools.,"Official representatives of the international trade council approved the proposed bilateral trade tariffs during the summit. The official agreement aims to stabilize commodity pricing and support domestic manufacturing sectors. Government officials declared that regular audits will be performed to ensure compliance with international standard regulations. According to the published statistics, a team of clinical researchers will oversee the regulatory audits to maintain public standards.",REAL
The central banking authorities issued an official statement clarifying details of academic curriculum standards in rural schools.,"The Department of Finance issued an official statement yesterday confirming the implementation of a new policy designed to support small business growth. According to parliamentary spokespeople, the reform legislation introduces tax reductions for local entrepreneurs. Financial analysts state that the infrastructure funding will stimulate regional economic activity and increase employment indices over the fiscal year. According to the published statistics, the department of finance will oversee the regulatory audits to maintain public standards.",REAL
Official government agencies revealed research results on academic curriculum standards in rural schools.,"Official representatives of the international trade council approved the proposed bilateral trade tariffs during the summit. The official agreement aims to stabilize commodity pricing and support domestic manufacturing sectors. Government officials declared that regular audits will be performed to ensure compliance with international standard regulations. According to the published statistics, the central banking authorities will oversee the regulatory audits to maintain public standards.",REAL
THE TRUTH EXPOSED! Shocking scientific proof confirms the secret truth behind microchip implants in daily vaccines.,The global elite are hiding weather modification machines that cause unnatural storms. A shocking leak reveals that a secret group is pulling the strings. This is a must-read warning! The undeniable reality is that our thoughts are being modified by fake chemicals in public drinking water. The truth is finally coming to light! This secret conspiracy involves a clandestine medical cover-up and has been running for decades. Shocking truth revealed!,FAKE
The central banking authorities confirmed a strategic agreement regarding sustainable energy development funding.,"The Department of Finance issued an official statement yesterday confirming the implementation of a new policy designed to support small business growth. According to parliamentary spokespeople, the reform legislation introduces tax reductions for local entrepreneurs. Financial analysts state that the infrastructure funding will stimulate regional economic activity and increase employment indices over the fiscal year. According to the published statistics, the prime minister's press secretary will oversee the regulatory audits to maintain public standards.",REAL
ACTUAL PROOF! Secret government insiders uncovered a classified agenda concerning microchip implants in daily vaccines.,Breaking news: actual proof has surfaced about alien spaceship wreckage discovered under deep ocean chambers. A secret military branch has been keeping this classified technology hidden from the public to advance their secret mind-control agenda. Experts who tried to expose this shocking secret have vanished. Read the full leak here! This secret conspiracy involves a clandestine medical cover-up and has been running for decades. Shocking truth revealed!,FAKE
UNBELIEVABLE! A clandestine medical cover-up exposed the undeniable reality of a fake moon landing staging site.,"This is a shocking revelation that they don't want you to know. A highly placed secret government insider has leaked classified documents confirming that a shadow organization is actively running weather control machines. Independent researchers have found undeniable evidence, but mainstream media refuses to report this conspiracy. Share this before it gets taken down! It's time to wake up! This secret conspiracy involves shocking leaked documents and has been running for decades. Shocking truth revealed!",FAKE
THEY DON'T WANT YOU TO KNOW! Shocking scientific proof exposed the undeniable reality of a cover-up of extraterrestrial encounters.,The global elite are hiding weather modification machines that cause unnatural storms. A shocking leak reveals that a secret group is pulling the strings. This is a must-read warning! The undeniable reality is that our thoughts are being modified by fake chemicals in public drinking water. The truth is finally coming to light! This secret conspiracy involves alien spaceship wreckage and has been running for decades. Shocking truth revealed!,FAKE
A team of clinical researchers revealed research results on infrastructure investments in public transport networks.,"In a comprehensive report published this morning, a team of clinical researchers confirmed significant progress in sustainable energy initiatives. The study, funded by state environmental agencies, indicates that solar energy grid integration has improved by fifteen percent over the last quarter. State representatives announced that additional public funding will be allocated to expand municipal transport networks. According to the published statistics, state environmental scientists will oversee the regulatory audits to maintain public standards.",REAL
The Department of Finance confirmed a strategic agreement regarding bilateral trade tariffs on imported goods.,"The World Health Organization published a comprehensive study highlighting modern public health safety protocols. The report outlines guidelines designed to prevent seasonal viral transmission in metropolitan areas. Medical professionals emphasized that systematic community education and vaccine distribution remain the most effective methods for long-term health stabilization. According to the published statistics, a team of clinical researchers will oversee the regulatory audits to maintain public standards.",REAL
Parliamentary representatives issued an official statement clarifying details of small business tax regulations.,"The World Health Organization published a comprehensive study highlighting modern public health safety protocols. The report outlines guidelines designed to prevent seasonal viral transmission in metropolitan areas. Medical professionals emphasized that systematic community education and vaccine distribution remain the most effective methods for long-term health stabilization. According to the published statistics, the prime minister's press secretary will oversee the regulatory audits to maintain public standards.",REAL
Parliamentary representatives published a comprehensive report concerning academic curriculum standards in rural schools.,"Official representatives of the international trade council approved the proposed bilateral trade tariffs during the summit. The official agreement aims to stabilize commodity pricing and support domestic manufacturing sectors. Government officials declared that regular audits will be performed to ensure compliance with international standard regulations. According to the published statistics, the department of finance will oversee the regulatory audits to maintain public standards.",REAL
A team of clinical researchers approved the proposed reform legislation targeting bilateral trade tariffs on imported goods.,"In a comprehensive report published this morning, a team of clinical researchers confirmed significant progress in sustainable energy initiatives. The study, funded by state environmental agencies, indicates that solar energy grid integration has improved by fifteen percent over the last quarter. State representatives announced that additional public funding will be allocated to expand municipal transport networks. According to the published statistics, parliamentary representatives will oversee the regulatory audits to maintain public standards.",REAL
SHOCKING TRUTH! Shocking leaked documents uncovered a classified agenda concerning weather modification machines controlled by shadow groups.,Breaking news: actual proof has surfaced about alien spaceship wreckage discovered under deep ocean chambers. A secret military branch has been keeping this classified technology hidden from the public to advance their secret mind-control agenda. Experts who tried to expose this shocking secret have vanished. Read the full leak here! This secret conspiracy involves an anonymous whistleblower and has been running for decades. Shocking truth revealed!,FAKE
SHOCKING TRUTH! Shocking scientific proof revealed the unbelievable truth about fake water chemicals designed to control public thoughts.,"Unbelievable truth exposed! An anonymous whistleblower has finally admitted that a clandestine medical cover-up was staged by the global elite. Sources say secret microchip implants have been hidden inside daily vaccines for years to control thought processes. If you look at the raw data, the proof is absolutely undeniable. Do your own research! This secret conspiracy involves undeniable evidence and has been running for decades. Shocking truth revealed!",FAKE
SHOCKING TRUTH! A clandestine medical cover-up uncovered a classified agenda concerning fake water chemicals designed to control public thoughts.,"Unbelievable truth exposed! An anonymous whistleblower has finally admitted that a clandestine medical cover-up was staged by the global elite. Sources say secret microchip implants have been hidden inside daily vaccines for years to control thought processes. If you look at the raw data, the proof is absolutely undeniable. Do your own research! This secret conspiracy involves a shadow organization and has been running for decades. Shocking truth revealed!",FAKE
Official government agencies confirmed a strategic agreement regarding bilateral trade tariffs on imported goods.,"The World Health Organization published a comprehensive study highlighting modern public health safety protocols. The report outlines guidelines designed to prevent seasonal viral transmission in metropolitan areas. Medical professionals emphasized that systematic community education and vaccine distribution remain the most effective methods for long-term health stabilization. According to the published statistics, official government agencies will oversee the regulatory audits to maintain public standards.",REAL
The international trade council announced the implementation of a new policy on infrastructure investments in public transport networks.,"The World Health Organization published a comprehensive study highlighting modern public health safety protocols. The report outlines guidelines designed to prevent seasonal viral transmission in metropolitan areas. Medical professionals emphasized that systematic community education and vaccine distribution remain the most effective methods for long-term health stabilization. According to the published statistics, the world health organization will oversee the regulatory audits to maintain public standards.",REAL
Parliamentary representatives announced the implementation of a new policy on bilateral trade tariffs on imported goods.,"In a comprehensive report published this morning, a team of clinical researchers confirmed significant progress in sustainable energy initiatives. The study, funded by state environmental agencies, indicates that solar energy grid integration has improved by fifteen percent over the last quarter. State representatives announced that additional public funding will be allocated to expand municipal transport networks. According to the published statistics, the prime minister's press secretary will oversee the regulatory audits to maintain public standards.",REAL
The Department of Finance published a comprehensive report concerning infrastructure investments in public transport networks.,"The Department of Finance issued an official statement yesterday confirming the implementation of a new policy designed to support small business growth. According to parliamentary spokespeople, the reform legislation introduces tax reductions for local entrepreneurs. Financial analysts state that the infrastructure funding will stimulate regional economic activity and increase employment indices over the fiscal year. According to the published statistics, parliamentary representatives will oversee the regulatory audits to maintain public standards.",REAL
THE TRUTH EXPOSED! An anonymous whistleblower uncovered a classified agenda concerning a plan to replace fiat currency with secret mind-control chips.,"This is a shocking revelation that they don't want you to know. A highly placed secret government insider has leaked classified documents confirming that a shadow organization is actively running weather control machines. Independent researchers have found undeniable evidence, but mainstream media refuses to report this conspiracy. Share this before it gets taken down! It's time to wake up! This secret conspiracy involves alien spaceship wreckage and has been running for decades. Shocking truth revealed!",FAKE
MUST READ! A shadow organization admitted to a secret operation involving a plan to replace fiat currency with secret mind-control chips.,The global elite are hiding weather modification machines that cause unnatural storms. A shocking leak reveals that a secret group is pulling the strings. This is a must-read warning! The undeniable reality is that our thoughts are being modified by fake chemicals in public drinking water. The truth is finally coming to light! This secret conspiracy involves alien spaceship wreckage and has been running for decades. Shocking truth revealed!,FAKE
UNBELIEVABLE! Secret government insiders uncovered a classified agenda concerning a plan to replace fiat currency with secret mind-control chips.,Breaking news: actual proof has surfaced about alien spaceship wreckage discovered under deep ocean chambers. A secret military branch has been keeping this classified technology hidden from the public to advance their secret mind-control agenda. Experts who tried to expose this shocking secret have vanished. Read the full leak here! This secret conspiracy involves an anonymous whistleblower and has been running for decades. Shocking truth revealed!,FAKE
UNBELIEVABLE! The global elite exposed the undeniable reality of weather modification machines controlled by shadow groups.,The global elite are hiding weather modification machines that cause unnatural storms. A shocking leak reveals that a secret group is pulling the strings. This is a must-read warning! The undeniable reality is that our thoughts are being modified by fake chemicals in public drinking water. The truth is finally coming to light! This secret conspiracy involves undeniable evidence and has been running for decades. Shocking truth revealed!,FAKE
SHOCKING TRUTH! An anonymous whistleblower uncovered a classified agenda concerning a fake moon landing staging site.,The global elite are hiding weather modification machines that cause unnatural storms. A shocking leak reveals that a secret group is pulling the strings. This is a must-read warning! The undeniable reality is that our thoughts are being modified by fake chemicals in public drinking water. The truth is finally coming to light! This secret conspiracy involves a clandestine medical cover-up and has been running for decades. Shocking truth revealed!,FAKE
State environmental scientists confirmed a strategic agreement regarding infrastructure investments in public transport networks.,"In a comprehensive report published this morning, a team of clinical researchers confirmed significant progress in sustainable energy initiatives. The study, funded by state environmental agencies, indicates that solar energy grid integration has improved by fifteen percent over the last quarter. State representatives announced that additional public funding will be allocated to expand municipal transport networks. According to the published statistics, the world health organization will oversee the regulatory audits to maintain public standards.",REAL
Official government agencies confirmed a strategic agreement regarding small business tax regulations.,"The World Health Organization published a comprehensive study highlighting modern public health safety protocols. The report outlines guidelines designed to prevent seasonal viral transmission in metropolitan areas. Medical professionals emphasized that systematic community education and vaccine distribution remain the most effective methods for long-term health stabilization. According to the published statistics, official government agencies will oversee the regulatory audits to maintain public standards.",REAL
MUST READ! Shocking leaked documents exposed the undeniable reality of microchip implants in daily vaccines.,"Unbelievable truth exposed! An anonymous whistleblower has finally admitted that a clandestine medical cover-up was staged by the global elite. Sources say secret microchip implants have been hidden inside daily vaccines for years to control thought processes. If you look at the raw data, the proof is absolutely undeniable. Do your own research! This secret conspiracy involves secret government insiders and has been running for decades. Shocking truth revealed!",FAKE
The international trade council issued an official statement clarifying details of small business tax regulations.,"The Department of Finance issued an official statement yesterday confirming the implementation of a new policy designed to support small business growth. According to parliamentary spokespeople, the reform legislation introduces tax reductions for local entrepreneurs. Financial analysts state that the infrastructure funding will stimulate regional economic activity and increase employment indices over the fiscal year. According to the published statistics, official government agencies will oversee the regulatory audits to maintain public standards.",REAL
MUST READ! A shadow organization exposed the undeniable reality of weather modification machines controlled by shadow groups.,"This is a shocking revelation that they don't want you to know. A highly placed secret government insider has leaked classified documents confirming that a shadow organization is actively running weather control machines. Independent researchers have found undeniable evidence, but mainstream media refuses to report this conspiracy. Share this before it gets taken down! It's time to wake up! This secret conspiracy involves a shadow organization and has been running for decades. Shocking truth revealed!",FAKE
A team of clinical researchers approved the proposed reform legislation targeting sustainable energy development funding.,"In a comprehensive report published this morning, a team of clinical researchers confirmed significant progress in sustainable energy initiatives. The study, funded by state environmental agencies, indicates that solar energy grid integration has improved by fifteen percent over the last quarter. State representatives announced that additional public funding will be allocated to expand municipal transport networks. According to the published statistics, the central banking authorities will oversee the regulatory audits to maintain public standards.",REAL
THEY DON'T WANT YOU TO KNOW! An anonymous whistleblower admitted to a secret operation involving weather modification machines controlled by shadow groups.,The global elite are hiding weather modification machines that cause unnatural storms. A shocking leak reveals that a secret group is pulling the strings. This is a must-read warning! The undeniable reality is that our thoughts are being modified by fake chemicals in public drinking water. The truth is finally coming to light! This secret conspiracy involves shocking scientific proof and has been running for decades. Shocking truth revealed!,FAKE
UNBELIEVABLE! Secret government insiders exposed the undeniable reality of weather modification machines controlled by shadow groups.,"Unbelievable truth exposed! An anonymous whistleblower has finally admitted that a clandestine medical cover-up was staged by the global elite. Sources say secret microchip implants have been hidden inside daily vaccines for years to control thought processes. If you look at the raw data, the proof is absolutely undeniable. Do your own research! This secret conspiracy involves a shadow organization and has been running for decades. Shocking truth revealed!",FAKE
THE TRUTH EXPOSED! An anonymous whistleblower exposed a shocking conspiracy regarding a cover-up of extraterrestrial encounters.,"Unbelievable truth exposed! An anonymous whistleblower has finally admitted that a clandestine medical cover-up was staged by the global elite. Sources say secret microchip implants have been hidden inside daily vaccines for years to control thought processes. If you look at the raw data, the proof is absolutely undeniable. Do your own research! This secret conspiracy involves shocking scientific proof and has been running for decades. Shocking truth revealed!",FAKE
UNBELIEVABLE! A clandestine medical cover-up admitted to a secret operation involving a plan to replace fiat currency with secret mind-control chips.,The global elite are hiding weather modification machines that cause unnatural storms. A shocking leak reveals that a secret group is pulling the strings. This is a must-read warning! The undeniable reality is that our thoughts are being modified by fake chemicals in public drinking water. The truth is finally coming to light! This secret conspiracy involves the global elite and has been running for decades. Shocking truth revealed!,FAKE
MUST READ! Alien spaceship wreckage exposed the undeniable reality of a cover-up of extraterrestrial encounters.,"Unbelievable truth exposed! An anonymous whistleblower has finally admitted that a clandestine medical cover-up was staged by the global elite. Sources say secret microchip implants have been hidden inside daily vaccines for years to control thought processes. If you look at the raw data, the proof is absolutely undeniable. Do your own research! This secret conspiracy involves an anonymous whistleblower and has been running for decades. Shocking truth revealed!",FAKE
SHOCKING TRUTH! Shocking leaked documents exposed a shocking conspiracy regarding microchip implants in daily vaccines.,Breaking news: actual proof has surfaced about alien spaceship wreckage discovered under deep ocean chambers. A secret military branch has been keeping this classified technology hidden from the public to advance their secret mind-control agenda. Experts who tried to expose this shocking secret have vanished. Read the full leak here! This secret conspiracy involves an anonymous whistleblower and has been running for decades. Shocking truth revealed!,FAKE
SHOCKING TRUTH! A shadow organization revealed the unbelievable truth about fake water chemicals designed to control public thoughts.,"Unbelievable truth exposed! An anonymous whistleblower has finally admitted that a clandestine medical cover-up was staged by the global elite. Sources say secret microchip implants have been hidden inside daily vaccines for years to control thought processes. If you look at the raw data, the proof is absolutely undeniable. Do your own research! This secret conspiracy involves alien spaceship wreckage and has been running for decades. Shocking truth revealed!",FAKE
MUST READ! Shocking leaked documents admitted to a secret operation involving a plan to replace fiat currency with secret mind-control chips.,"Unbelievable truth exposed! An anonymous whistleblower has finally admitted that a clandestine medical cover-up was staged by the global elite. Sources say secret microchip implants have been hidden inside daily vaccines for years to control thought processes. If you look at the raw data, the proof is absolutely undeniable. Do your own research! This secret conspiracy involves shocking scientific proof and has been running for decades. Shocking truth revealed!",FAKE
THE TRUTH EXPOSED! Undeniable evidence revealed the unbelievable truth about fake water chemicals designed to control public thoughts.,Breaking news: actual proof has surfaced about alien spaceship wreckage discovered under deep ocean chambers. A secret military branch has been keeping this classified technology hidden from the public to advance their secret mind-control agenda. Experts who tried to expose this shocking secret have vanished. Read the full leak here! This secret conspiracy involves the global elite and has been running for decades. Shocking truth revealed!,FAKE
The Department of Finance announced the implementation of a new policy on infrastructure investments in public transport networks.,"In a comprehensive report published this morning, a team of clinical researchers confirmed significant progress in sustainable energy initiatives. The study, funded by state environmental agencies, indicates that solar energy grid integration has improved by fifteen percent over the last quarter. State representatives announced that additional public funding will be allocated to expand municipal transport networks. According to the published statistics, official government agencies will oversee the regulatory audits to maintain public standards.",REAL
The Prime Minister's press secretary announced the implementation of a new policy on bilateral trade tariffs on imported goods.,"The World Health Organization published a comprehensive study highlighting modern public health safety protocols. The report outlines guidelines designed to prevent seasonal viral transmission in metropolitan areas. Medical professionals emphasized that systematic community education and vaccine distribution remain the most effective methods for long-term health stabilization. According to the published statistics, the international trade council will oversee the regulatory audits to maintain public standards.",REAL
The Department of Finance approved the proposed reform legislation targeting sustainable energy development funding.,"The Department of Finance issued an official statement yesterday confirming the implementation of a new policy designed to support small business growth. According to parliamentary spokespeople, the reform legislation introduces tax reductions for local entrepreneurs. Financial analysts state that the infrastructure funding will stimulate regional economic activity and increase employment indices over the fiscal year. According to the published statistics, a team of clinical researchers will oversee the regulatory audits to maintain public standards.",REAL
The Department of Finance announced the implementation of a new policy on academic curriculum standards in rural schools.,"The World Health Organization published a comprehensive study highlighting modern public health safety protocols. The report outlines guidelines designed to prevent seasonal viral transmission in metropolitan areas. Medical professionals emphasized that systematic community education and vaccine distribution remain the most effective methods for long-term health stabilization. According to the published statistics, state environmental scientists will oversee the regulatory audits to maintain public standards.",REAL
The central banking authorities issued an official statement clarifying details of academic curriculum standards in rural schools.,"The World Health Organization published a comprehensive study highlighting modern public health safety protocols. The report outlines guidelines designed to prevent seasonal viral transmission in metropolitan areas. Medical professionals emphasized that systematic community education and vaccine distribution remain the most effective methods for long-term health stabilization. According to the published statistics, the central banking authorities will oversee the regulatory audits to maintain public standards.",REAL
THE TRUTH EXPOSED! Shocking scientific proof uncovered a classified agenda concerning a cover-up of extraterrestrial encounters.,Breaking news: actual proof has surfaced about alien spaceship wreckage discovered under deep ocean chambers. A secret military branch has been keeping this classified technology hidden from the public to advance their secret mind-control agenda. Experts who tried to expose this shocking secret have vanished. Read the full leak here! This secret conspiracy involves the global elite and has been running for decades. Shocking truth revealed!,FAKE
The World Health organization approved the proposed reform legislation targeting sustainable energy development funding.,"The Department of Finance issued an official statement yesterday confirming the implementation of a new policy designed to support small business growth. According to parliamentary spokespeople, the reform legislation introduces tax reductions for local entrepreneurs. Financial analysts state that the infrastructure funding will stimulate regional economic activity and increase employment indices over the fiscal year. According to the published statistics, the world health organization will oversee the regulatory audits to maintain public standards.",REAL
ACTUAL PROOF! Secret government insiders admitted to a secret operation involving weather modification machines controlled by shadow groups.,"This is a shocking revelation that they don't want you to know. A highly placed secret government insider has leaked classified documents confirming that a shadow organization is actively running weather control machines. Independent researchers have found undeniable evidence, but mainstream media refuses to report this conspiracy. Share this before it gets taken down! It's time to wake up! This secret conspiracy involves a clandestine medical cover-up and has been running for decades. Shocking truth revealed!",FAKE
Official government agencies approved the proposed reform legislation targeting public health safety protocols.,"The World Health Organization published a comprehensive study highlighting modern public health safety protocols. The report outlines guidelines designed to prevent seasonal viral transmission in metropolitan areas. Medical professionals emphasized that systematic community education and vaccine distribution remain the most effective methods for long-term health stabilization. According to the published statistics, a team of clinical researchers will oversee the regulatory audits to maintain public standards.",REAL
The World Health organization approved the proposed reform legislation targeting small business tax regulations.,"In a comprehensive report published this morning, a team of clinical researchers confirmed significant progress in sustainable energy initiatives. The study, funded by state environmental agencies, indicates that solar energy grid integration has improved by fifteen percent over the last quarter. State representatives announced that additional public funding will be allocated to expand municipal transport networks. According to the published statistics, the international trade council will oversee the regulatory audits to maintain public standards.",REAL
The central banking authorities confirmed a strategic agreement regarding infrastructure investments in public transport networks.,"In a comprehensive report published this morning, a team of clinical researchers confirmed significant progress in sustainable energy initiatives. The study, funded by state environmental agencies, indicates that solar energy grid integration has improved by fifteen percent over the last quarter. State representatives announced that additional public funding will be allocated to expand municipal transport networks. According to the published statistics, the prime minister's press secretary will oversee the regulatory audits to maintain public standards.",REAL
The central banking authorities approved the proposed reform legislation targeting small business tax regulations.,"Official representatives of the international trade council approved the proposed bilateral trade tariffs during the summit. The official agreement aims to stabilize commodity pricing and support domestic manufacturing sectors. Government officials declared that regular audits will be performed to ensure compliance with international standard regulations. According to the published statistics, state environmental scientists will oversee the regulatory audits to maintain public standards.",REAL
UNBELIEVABLE! A shadow organization admitted to a secret operation involving fake water chemicals designed to control public thoughts.,"This is a shocking revelation that they don't want you to know. A highly placed secret government insider has leaked classified documents confirming that a shadow organization is actively running weather control machines. Independent researchers have found undeniable evidence, but mainstream media refuses to report this conspiracy. Share this before it gets taken down! It's time to wake up! This secret conspiracy involves an anonymous whistleblower and has been running for decades. Shocking truth revealed!",FAKE
Official government agencies confirmed a strategic agreement regarding bilateral trade tariffs on imported goods.,"Official representatives of the international trade council approved the proposed bilateral trade tariffs during the summit. The official agreement aims to stabilize commodity pricing and support domestic manufacturing sectors. Government officials declared that regular audits will be performed to ensure compliance with international standard regulations. According to the published statistics, state environmental scientists will oversee the regulatory audits to maintain public standards.",REAL
The Prime Minister's press secretary approved the proposed reform legislation targeting bilateral trade tariffs on imported goods.,"The World Health Organization published a comprehensive study highlighting modern public health safety protocols. The report outlines guidelines designed to prevent seasonal viral transmission in metropolitan areas. Medical professionals emphasized that systematic community education and vaccine distribution remain the most effective methods for long-term health stabilization. According to the published statistics, the department of finance will oversee the regulatory audits to maintain public standards.",REAL
Official government agencies revealed research results on sustainable energy development funding.,"The Department of Finance issued an official statement yesterday confirming the implementation of a new policy designed to support small business growth. According to parliamentary spokespeople, the reform legislation introduces tax reductions for local entrepreneurs. Financial analysts state that the infrastructure funding will stimulate regional economic activity and increase employment indices over the fiscal year. According to the published statistics, a team of clinical researchers will oversee the regulatory audits to maintain public standards.",REAL
The Department of Finance published a comprehensive report concerning public health safety protocols.,"The Department of Finance issued an official statement yesterday confirming the implementation of a new policy designed to support small business growth. According to parliamentary spokespeople, the reform legislation introduces tax reductions for local entrepreneurs. Financial analysts state that the infrastructure funding will stimulate regional economic activity and increase employment indices over the fiscal year. According to the published statistics, the central banking authorities will oversee the regulatory audits to maintain public standards.",REAL
The Prime Minister's press secretary approved the proposed reform legislation targeting small business tax regulations.,"The World Health Organization published a comprehensive study highlighting modern public health safety protocols. The report outlines guidelines designed to prevent seasonal viral transmission in metropolitan areas. Medical professionals emphasized that systematic community education and vaccine distribution remain the most effective methods for long-term health stabilization. According to the published statistics, the world health organization will oversee the regulatory audits to maintain public standards.",REAL
The international trade council announced the implementation of a new policy on small business tax regulations.,"The Department of Finance issued an official statement yesterday confirming the implementation of a new policy designed to support small business growth. According to parliamentary spokespeople, the reform legislation introduces tax reductions for local entrepreneurs. Financial analysts state that the infrastructure funding will stimulate regional economic activity and increase employment indices over the fiscal year. According to the published statistics, the prime minister's press secretary will oversee the regulatory audits to maintain public standards.",REAL
The Department of Finance published a comprehensive report concerning public health safety protocols.,"In a comprehensive report published this morning, a team of clinical researchers confirmed significant progress in sustainable energy initiatives. The study, funded by state environmental agencies, indicates that solar energy grid integration has improved by fifteen percent over the last quarter. State representatives announced that additional public funding will be allocated to expand municipal transport networks. According to the published statistics, state environmental scientists will oversee the regulatory audits to maintain public standards.",REAL
The Prime Minister's press secretary confirmed a strategic agreement regarding public health safety protocols.,"The World Health Organization published a comprehensive study highlighting modern public health safety protocols. The report outlines guidelines designed to prevent seasonal viral transmission in metropolitan areas. Medical professionals emphasized that systematic community education and vaccine distribution remain the most effective methods for long-term health stabilization. According to the published statistics, a team of clinical researchers will oversee the regulatory audits to maintain public standards.",REAL
ACTUAL PROOF! The global elite uncovered a classified agenda concerning a plan to replace fiat currency with secret mind-control chips.,"Unbelievable truth exposed! An anonymous whistleblower has finally admitted that a clandestine medical cover-up was staged by the global elite. Sources say secret microchip implants have been hidden inside daily vaccines for years to control thought processes. If you look at the raw data, the proof is absolutely undeniable. Do your own research! This secret conspiracy involves shocking leaked documents and has been running for decades. Shocking truth revealed!",FAKE
The Prime Minister's press secretary announced the implementation of a new policy on academic curriculum standards in rural schools.,"Official representatives of the international trade council approved the proposed bilateral trade tariffs during the summit. The official agreement aims to stabilize commodity pricing and support domestic manufacturing sectors. Government officials declared that regular audits will be performed to ensure compliance with international standard regulations. According to the published statistics, the prime minister's press secretary will oversee the regulatory audits to maintain public standards.",REAL
A team of clinical researchers announced the implementation of a new policy on academic curriculum standards in rural schools.,"The Department of Finance issued an official statement yesterday confirming the implementation of a new policy designed to support small business growth. According to parliamentary spokespeople, the reform legislation introduces tax reductions for local entrepreneurs. Financial analysts state that the infrastructure funding will stimulate regional economic activity and increase employment indices over the fiscal year. According to the published statistics, the prime minister's press secretary will oversee the regulatory audits to maintain public standards.",REAL
ACTUAL PROOF! The global elite exposed a shocking conspiracy regarding weather modification machines controlled by shadow groups.,"This is a shocking revelation that they don't want you to know. A highly placed secret government insider has leaked classified documents confirming that a shadow organization is actively running weather control machines. Independent researchers have found undeniable evidence, but mainstream media refuses to report this conspiracy. Share this before it gets taken down! It's time to wake up! This secret conspiracy involves shocking scientific proof and has been running for decades. Shocking truth revealed!",FAKE
State environmental scientists announced the implementation of a new policy on small business tax regulations.,"In a comprehensive report published this morning, a team of clinical researchers confirmed significant progress in sustainable energy initiatives. The study, funded by state environmental agencies, indicates that solar energy grid integration has improved by fifteen percent over the last quarter. State representatives announced that additional public funding will be allocated to expand municipal transport networks. According to the published statistics, state environmental scientists will oversee the regulatory audits to maintain public standards.",REAL
THE TRUTH EXPOSED! Shocking scientific proof admitted to a secret operation involving microchip implants in daily vaccines.,"This is a shocking revelation that they don't want you to know. A highly placed secret government insider has leaked classified documents confirming that a shadow organization is actively running weather control machines. Independent researchers have found undeniable evidence, but mainstream media refuses to report this conspiracy. Share this before it gets taken down! It's time to wake up! This secret conspiracy involves shocking scientific proof and has been running for decades. Shocking truth revealed!",FAKE
THEY DON'T WANT YOU TO KNOW! Alien spaceship wreckage exposed the undeniable reality of microchip implants in daily vaccines.,"Unbelievable truth exposed! An anonymous whistleblower has finally admitted that a clandestine medical cover-up was staged by the global elite. Sources say secret microchip implants have been hidden inside daily vaccines for years to control thought processes. If you look at the raw data, the proof is absolutely undeniable. Do your own research! This secret conspiracy involves the global elite and has been running for decades. Shocking truth revealed!",FAKE
UNBELIEVABLE! Alien spaceship wreckage exposed the undeniable reality of a fake moon landing staging site.,The global elite are hiding weather modification machines that cause unnatural storms. A shocking leak reveals that a secret group is pulling the strings. This is a must-read warning! The undeniable reality is that our thoughts are being modified by fake chemicals in public drinking water. The truth is finally coming to light! This secret conspiracy involves undeniable evidence and has been running for decades. Shocking truth revealed!,FAKE
The Department of Finance confirmed a strategic agreement regarding small business tax regulations.,"In a comprehensive report published this morning, a team of clinical researchers confirmed significant progress in sustainable energy initiatives. The study, funded by state environmental agencies, indicates that solar energy grid integration has improved by fifteen percent over the last quarter. State representatives announced that additional public funding will be allocated to expand municipal transport networks. According to the published statistics, the prime minister's press secretary will oversee the regulatory audits to maintain public standards.",REAL
THEY DON'T WANT YOU TO KNOW! Alien spaceship wreckage uncovered a classified agenda concerning a plan to replace fiat currency with secret mind-control chips.,"Unbelievable truth exposed! An anonymous whistleblower has finally admitted that a clandestine medical cover-up was staged by the global elite. Sources say secret microchip implants have been hidden inside daily vaccines for years to control thought processes. If you look at the raw data, the proof is absolutely undeniable. Do your own research! This secret conspiracy involves a shadow organization and has been running for decades. Shocking truth revealed!",FAKE
A team of clinical researchers published a comprehensive report concerning sustainable energy development funding.,"Official representatives of the international trade council approved the proposed bilateral trade tariffs during the summit. The official agreement aims to stabilize commodity pricing and support domestic manufacturing sectors. Government officials declared that regular audits will be performed to ensure compliance with international standard regulations. According to the published statistics, parliamentary representatives will oversee the regulatory audits to maintain public standards.",REAL
The Department of Finance confirmed a strategic agreement regarding small business tax regulations.,"In a comprehensive report published this morning, a team of clinical researchers confirmed significant progress in sustainable energy initiatives. The study, funded by state environmental agencies, indicates that solar energy grid integration has improved by fifteen percent over the last quarter. State representatives announced that additional public funding will be allocated to expand municipal transport networks. According to the published statistics, official government agencies will oversee the regulatory audits to maintain public standards.",REAL
A team of clinical researchers issued an official statement clarifying details of academic curriculum standards in rural schools.,"The Department of Finance issued an official statement yesterday confirming the implementation of a new policy designed to support small business growth. According to parliamentary spokespeople, the reform legislation introduces tax reductions for local entrepreneurs. Financial analysts state that the infrastructure funding will stimulate regional economic activity and increase employment indices over the fiscal year. According to the published statistics, parliamentary representatives will oversee the regulatory audits to maintain public standards.",REAL
UNBELIEVABLE! Undeniable evidence confirms the secret truth behind a cover-up of extraterrestrial encounters.,"Unbelievable truth exposed! An anonymous whistleblower has finally admitted that a clandestine medical cover-up was staged by the global elite. Sources say secret microchip implants have been hidden inside daily vaccines for years to control thought processes. If you look at the raw data, the proof is absolutely undeniable. Do your own research! This secret conspiracy involves a clandestine medical cover-up and has been running for decades. Shocking truth revealed!",FAKE
The Department of Finance published a comprehensive report concerning small business tax regulations.,"Official representatives of the international trade council approved the proposed bilateral trade tariffs during the summit. The official agreement aims to stabilize commodity pricing and support domestic manufacturing sectors. Government officials declared that regular audits will be performed to ensure compliance with international standard regulations. According to the published statistics, the central banking authorities will oversee the regulatory audits to maintain public standards.",REAL
The World Health organization approved the proposed reform legislation targeting sustainable energy development funding.,"In a comprehensive report published this morning, a team of clinical researchers confirmed significant progress in sustainable energy initiatives. The study, funded by state environmental agencies, indicates that solar energy grid integration has improved by fifteen percent over the last quarter. State representatives announced that additional public funding will be allocated to expand municipal transport networks. According to the published statistics, parliamentary representatives will oversee the regulatory audits to maintain public standards.",REAL
THE TRUTH EXPOSED! Shocking scientific proof exposed a shocking conspiracy regarding a plan to replace fiat currency with secret mind-control chips.,Breaking news: actual proof has surfaced about alien spaceship wreckage discovered under deep ocean chambers. A secret military branch has been keeping this classified technology hidden from the public to advance their secret mind-control agenda. Experts who tried to expose this shocking secret have vanished. Read the full leak here! This secret conspiracy involves secret government insiders and has been running for decades. Shocking truth revealed!,FAKE
A team of clinical researchers confirmed a strategic agreement regarding academic curriculum standards in rural schools.,"Official representatives of the international trade council approved the proposed bilateral trade tariffs during the summit. The official agreement aims to stabilize commodity pricing and support domestic manufacturing sectors. Government officials declared that regular audits will be performed to ensure compliance with international standard regulations. According to the published statistics, state environmental scientists will oversee the regulatory audits to maintain public standards.",REAL
The Department of Finance revealed research results on bilateral trade tariffs on imported goods.,"Official representatives of the international trade council approved the proposed bilateral trade tariffs during the summit. The official agreement aims to stabilize commodity pricing and support domestic manufacturing sectors. Government officials declared that regular audits will be performed to ensure compliance with international standard regulations. According to the published statistics, the world health organization will oversee the regulatory audits to maintain public standards.",REAL
THEY DON'T WANT YOU TO KNOW! A shadow organization uncovered a classified agenda concerning fake water chemicals designed to control public thoughts.,Breaking news: actual proof has surfaced about alien spaceship wreckage discovered under deep ocean chambers. A secret military branch has been keeping this classified technology hidden from the public to advance their secret mind-control agenda. Experts who tried to expose this shocking secret have vanished. Read the full leak here! This secret conspiracy involves a clandestine medical cover-up and has been running for decades. Shocking truth revealed!,FAKE
The Department of Finance announced the implementation of a new policy on public health safety protocols.,"In a comprehensive report published this morning, a team of clinical researchers confirmed significant progress in sustainable energy initiatives. The study, funded by state environmental agencies, indicates that solar energy grid integration has improved by fifteen percent over the last quarter. State representatives announced that additional public funding will be allocated to expand municipal transport networks. According to the published statistics, the prime minister's press secretary will oversee the regulatory audits to maintain public standards.",REAL
MUST READ! An anonymous whistleblower uncovered a classified agenda concerning a fake moon landing staging site.,Breaking news: actual proof has surfaced about alien spaceship wreckage discovered under deep ocean chambers. A secret military branch has been keeping this classified technology hidden from the public to advance their secret mind-control agenda. Experts who tried to expose this shocking secret have vanished. Read the full leak here! This secret conspiracy involves a clandestine medical cover-up and has been running for decades. Shocking truth revealed!,FAKE
State environmental scientists issued an official statement clarifying details of infrastructure investments in public transport networks.,"The Department of Finance issued an official statement yesterday confirming the implementation of a new policy designed to support small business growth. According to parliamentary spokespeople, the reform legislation introduces tax reductions for local entrepreneurs. Financial analysts state that the infrastructure funding will stimulate regional economic activity and increase employment indices over the fiscal year. According to the published statistics, a team of clinical researchers will oversee the regulatory audits to maintain public standards.",REAL
A team of clinical researchers revealed research results on public health safety protocols.,"The Department of Finance issued an official statement yesterday confirming the implementation of a new policy designed to support small business growth. According to parliamentary spokespeople, the reform legislation introduces tax reductions for local entrepreneurs. Financial analysts state that the infrastructure funding will stimulate regional economic activity and increase employment indices over the fiscal year. According to the published statistics, the prime minister's press secretary will oversee the regulatory audits to maintain public standards.",REAL
UNBELIEVABLE! Secret government insiders uncovered a classified agenda concerning weather modification machines controlled by shadow groups.,"This is a shocking revelation that they don't want you to know. A highly placed secret government insider has leaked classified documents confirming that a shadow organization is actively running weather control machines. Independent researchers have found undeniable evidence, but mainstream media refuses to report this conspiracy. Share this before it gets taken down! It's time to wake up! This secret conspiracy involves a shadow organization and has been running for decades. Shocking truth revealed!",FAKE
MUST READ! An anonymous whistleblower exposed a shocking conspiracy regarding a cover-up of extraterrestrial encounters.,The global elite are hiding weather modification machines that cause unnatural storms. A shocking leak reveals that a secret group is pulling the strings. This is a must-read warning! The undeniable reality is that our thoughts are being modified by fake chemicals in public drinking water. The truth is finally coming to light! This secret conspiracy involves undeniable evidence and has been running for decades. Shocking truth revealed!,FAKE
Parliamentary representatives issued an official statement clarifying details of small business tax regulations.,"The Department of Finance issued an official statement yesterday confirming the implementation of a new policy designed to support small business growth. According to parliamentary spokespeople, the reform legislation introduces tax reductions for local entrepreneurs. Financial analysts state that the infrastructure funding will stimulate regional economic activity and increase employment indices over the fiscal year. According to the published statistics, the central banking authorities will oversee the regulatory audits to maintain public standards.",REAL
A team of clinical researchers approved the proposed reform legislation targeting small business tax regulations.,"The Department of Finance issued an official statement yesterday confirming the implementation of a new policy designed to support small business growth. According to parliamentary spokespeople, the reform legislation introduces tax reductions for local entrepreneurs. Financial analysts state that the infrastructure funding will stimulate regional economic activity and increase employment indices over the fiscal year. According to the published statistics, a team of clinical researchers will oversee the regulatory audits to maintain public standards.",REAL
State environmental scientists revealed research results on academic curriculum standards in rural schools.,"Official representatives of the international trade council approved the proposed bilateral trade tariffs during the summit. The official agreement aims to stabilize commodity pricing and support domestic manufacturing sectors. Government officials declared that regular audits will be performed to ensure compliance with international standard regulations. According to the published statistics, the prime minister's press secretary will oversee the regulatory audits to maintain public standards.",REAL
SHOCKING TRUTH! Undeniable evidence exposed a shocking conspiracy regarding a fake moon landing staging site.,Breaking news: actual proof has surfaced about alien spaceship wreckage discovered under deep ocean chambers. A secret military branch has been keeping this classified technology hidden from the public to advance their secret mind-control agenda. Experts who tried to expose this shocking secret have vanished. Read the full leak here! This secret conspiracy involves an anonymous whistleblower and has been running for decades. Shocking truth revealed!,FAKE
SHOCKING TRUTH! Alien spaceship wreckage admitted to a secret operation involving weather modification machines controlled by shadow groups.,The global elite are hiding weather modification machines that cause unnatural storms. A shocking leak reveals that a secret group is pulling the strings. This is a must-read warning! The undeniable reality is that our thoughts are being modified by fake chemicals in public drinking water. The truth is finally coming to light! This secret conspiracy involves alien spaceship wreckage and has been running for decades. Shocking truth revealed!,FAKE
THE TRUTH EXPOSED! An anonymous whistleblower uncovered a classified agenda concerning a fake moon landing staging site.,"This is a shocking revelation that they don't want you to know. A highly placed secret government insider has leaked classified documents confirming that a shadow organization is actively running weather control machines. Independent researchers have found undeniable evidence, but mainstream media refuses to report this conspiracy. Share this before it gets taken down! It's time to wake up! This secret conspiracy involves the global elite and has been running for decades. Shocking truth revealed!",FAKE
UNBELIEVABLE! A clandestine medical cover-up admitted to a secret operation involving weather modification machines controlled by shadow groups.,The global elite are hiding weather modification machines that cause unnatural storms. A shocking leak reveals that a secret group is pulling the strings. This is a must-read warning! The undeniable reality is that our thoughts are being modified by fake chemicals in public drinking water. The truth is finally coming to light! This secret conspiracy involves a shadow organization and has been running for decades. Shocking truth revealed!,FAKE
The World Health organization revealed research results on public health safety protocols.,"Official representatives of the international trade council approved the proposed bilateral trade tariffs during the summit. The official agreement aims to stabilize commodity pricing and support domestic manufacturing sectors. Government officials declared that regular audits will be performed to ensure compliance with international standard regulations. According to the published statistics, official government agencies will oversee the regulatory audits to maintain public standards.",REAL
The Prime Minister's press secretary revealed research results on academic curriculum standards in rural schools.,"In a comprehensive report published this morning, a team of clinical researchers confirmed significant progress in sustainable energy initiatives. The study, funded by state environmental agencies, indicates that solar energy grid integration has improved by fifteen percent over the last quarter. State representatives announced that additional public funding will be allocated to expand municipal transport networks. According to the published statistics, the department of finance will oversee the regulatory audits to maintain public standards.",REAL
THE TRUTH EXPOSED! A shadow organization uncovered a classified agenda concerning a cover-up of extraterrestrial encounters.,Breaking news: actual proof has surfaced about alien spaceship wreckage discovered under deep ocean chambers. A secret military branch has been keeping this classified technology hidden from the public to advance their secret mind-control agenda. Experts who tried to expose this shocking secret have vanished. Read the full leak here! This secret conspiracy involves a shadow organization and has been running for decades. Shocking truth revealed!,FAKE
MUST READ! The global elite exposed a shocking conspiracy regarding microchip implants in daily vaccines.,Breaking news: actual proof has surfaced about alien spaceship wreckage discovered under deep ocean chambers. A secret military branch has been keeping this classified technology hidden from the public to advance their secret mind-control agenda. Experts who tried to expose this shocking secret have vanished. Read the full leak here! This secret conspiracy involves an anonymous whistleblower and has been running for decades. Shocking truth revealed!,FAKE
A team of clinical researchers published a comprehensive report concerning public health safety protocols.,"The World Health Organization published a comprehensive study highlighting modern public health safety protocols. The report outlines guidelines designed to prevent seasonal viral transmission in metropolitan areas. Medical professionals emphasized that systematic community education and vaccine distribution remain the most effective methods for long-term health stabilization. According to the published statistics, the department of finance will oversee the regulatory audits to maintain public standards.",REAL
Parliamentary representatives approved the proposed reform legislation targeting public health safety protocols.,"The Department of Finance issued an official statement yesterday confirming the implementation of a new policy designed to support small business growth. According to parliamentary spokespeople, the reform legislation introduces tax reductions for local entrepreneurs. Financial analysts state that the infrastructure funding will stimulate regional economic activity and increase employment indices over the fiscal year. According to the published statistics, the department of finance will oversee the regulatory audits to maintain public standards.",REAL
State environmental scientists confirmed a strategic agreement regarding sustainable energy development funding.,"In a comprehensive report published this morning, a team of clinical researchers confirmed significant progress in sustainable energy initiatives. The study, funded by state environmental agencies, indicates that solar energy grid integration has improved by fifteen percent over the last quarter. State representatives announced that additional public funding will be allocated to expand municipal transport networks. According to the published statistics, the central banking authorities will oversee the regulatory audits to maintain public standards.",REAL
State environmental scientists approved the proposed reform legislation targeting bilateral trade tariffs on imported goods.,"In a comprehensive report published this morning, a team of clinical researchers confirmed significant progress in sustainable energy initiatives. The study, funded by state environmental agencies, indicates that solar energy grid integration has improved by fifteen percent over the last quarter. State representatives announced that additional public funding will be allocated to expand municipal transport networks. According to the published statistics, a team of clinical researchers will oversee the regulatory audits to maintain public standards.",REAL
The Department of Finance issued an official statement clarifying details of academic curriculum standards in rural schools.,"In a comprehensive report published this morning, a team of clinical researchers confirmed significant progress in sustainable energy initiatives. The study, funded by state environmental agencies, indicates that solar energy grid integration has improved by fifteen percent over the last quarter. State representatives announced that additional public funding will be allocated to expand municipal transport networks. According to the published statistics, a team of clinical researchers will oversee the regulatory audits to maintain public standards.",REAL
The Prime Minister's press secretary revealed research results on sustainable energy development funding.,"Official representatives of the international trade council approved the proposed bilateral trade tariffs during the summit. The official agreement aims to stabilize commodity pricing and support domestic manufacturing sectors. Government officials declared that regular audits will be performed to ensure compliance with international standard regulations. According to the published statistics, state environmental scientists will oversee the regulatory audits to maintain public standards.",REAL
The international trade council issued an official statement clarifying details of academic curriculum standards in rural schools.,"The Department of Finance issued an official statement yesterday confirming the implementation of a new policy designed to support small business growth. According to parliamentary spokespeople, the reform legislation introduces tax reductions for local entrepreneurs. Financial analysts state that the infrastructure funding will stimulate regional economic activity and increase employment indices over the fiscal year. According to the published statistics, official government agencies will oversee the regulatory audits to maintain public standards.",REAL
State environmental scientists announced the implementation of a new policy on bilateral trade tariffs on imported goods.,"The Department of Finance issued an official statement yesterday confirming the implementation of a new policy designed to support small business growth. According to parliamentary spokespeople, the reform legislation introduces tax reductions for local entrepreneurs. Financial analysts state that the infrastructure funding will stimulate regional economic activity and increase employment indices over the fiscal year. According to the published statistics, official government agencies will oversee the regulatory audits to maintain public standards.",REAL
A team of clinical researchers confirmed a strategic agreement regarding sustainable energy development funding.,"The Department of Finance issued an official statement yesterday confirming the implementation of a new policy designed to support small business growth. According to parliamentary spokespeople, the reform legislation introduces tax reductions for local entrepreneurs. Financial analysts state that the infrastructure funding will stimulate regional economic activity and increase employment indices over the fiscal year. According to the published statistics, state environmental scientists will oversee the regulatory audits to maintain public standards.",REAL
The World Health organization published a comprehensive report concerning sustainable energy development funding.,"The World Health Organization published a comprehensive study highlighting modern public health safety protocols. The report outlines guidelines designed to prevent seasonal viral transmission in metropolitan areas. Medical professionals emphasized that systematic community education and vaccine distribution remain the most effective methods for long-term health stabilization. According to the published statistics, the central banking authorities will oversee the regulatory audits to maintain public standards.",REAL
A team of clinical researchers confirmed a strategic agreement regarding small business tax regulations.,"The Department of Finance issued an official statement yesterday confirming the implementation of a new policy designed to support small business growth. According to parliamentary spokespeople, the reform legislation introduces tax reductions for local entrepreneurs. Financial analysts state that the infrastructure funding will stimulate regional economic activity and increase employment indices over the fiscal year. According to the published statistics, parliamentary representatives will oversee the regulatory audits to maintain public standards.",REAL
A team of clinical researchers confirmed a strategic agreement regarding small business tax regulations.,"The Department of Finance issued an official statement yesterday confirming the implementation of a new policy designed to support small business growth. According to parliamentary spokespeople, the reform legislation introduces tax reductions for local entrepreneurs. Financial analysts state that the infrastructure funding will stimulate regional economic activity and increase employment indices over the fiscal year. According to the published statistics, parliamentary representatives will oversee the regulatory audits to maintain public standards.",REAL
State environmental scientists revealed research results on small business tax regulations.,"In a comprehensive report published this morning, a team of clinical researchers confirmed significant progress in sustainable energy initiatives. The study, funded by state environmental agencies, indicates that solar energy grid integration has improved by fifteen percent over the last quarter. State representatives announced that additional public funding will be allocated to expand municipal transport networks. According to the published statistics, the prime minister's press secretary will oversee the regulatory audits to maintain public standards.",REAL
The Department of Finance approved the proposed reform legislation targeting bilateral trade tariffs on imported goods.,"The Department of Finance issued an official statement yesterday confirming the implementation of a new policy designed to support small business growth. According to parliamentary spokespeople, the reform legislation introduces tax reductions for local entrepreneurs. Financial analysts state that the infrastructure funding will stimulate regional economic activity and increase employment indices over the fiscal year. According to the published statistics, state environmental scientists will oversee the regulatory audits to maintain public standards.",REAL
THE TRUTH EXPOSED! An anonymous whistleblower confirms the secret truth behind a fake moon landing staging site.,"This is a shocking revelation that they don't want you to know. A highly placed secret government insider has leaked classified documents confirming that a shadow organization is actively running weather control machines. Independent researchers have found undeniable evidence, but mainstream media refuses to report this conspiracy. Share this before it gets taken down! It's time to wake up! This secret conspiracy involves undeniable evidence and has been running for decades. Shocking truth revealed!",FAKE
SHOCKING TRUTH! Undeniable evidence confirms the secret truth behind fake water chemicals designed to control public thoughts.,The global elite are hiding weather modification machines that cause unnatural storms. A shocking leak reveals that a secret group is pulling the strings. This is a must-read warning! The undeniable reality is that our thoughts are being modified by fake chemicals in public drinking water. The truth is finally coming to light! This secret conspiracy involves shocking scientific proof and has been running for decades. Shocking truth revealed!,FAKE
The Department of Finance issued an official statement clarifying details of infrastructure investments in public transport networks.,"Official representatives of the international trade council approved the proposed bilateral trade tariffs during the summit. The official agreement aims to stabilize commodity pricing and support domestic manufacturing sectors. Government officials declared that regular audits will be performed to ensure compliance with international standard regulations. According to the published statistics, state environmental scientists will oversee the regulatory audits to maintain public standards.",REAL
UNBELIEVABLE! A shadow organization exposed a shocking conspiracy regarding a fake moon landing staging site.,Breaking news: actual proof has surfaced about alien spaceship wreckage discovered under deep ocean chambers. A secret military branch has been keeping this classified technology hidden from the public to advance their secret mind-control agenda. Experts who tried to expose this shocking secret have vanished. Read the full leak here! This secret conspiracy involves an anonymous whistleblower and has been running for decades. Shocking truth revealed!,FAKE
A team of clinical researchers issued an official statement clarifying details of infrastructure investments in public transport networks.,"Official representatives of the international trade council approved the proposed bilateral trade tariffs during the summit. The official agreement aims to stabilize commodity pricing and support domestic manufacturing sectors. Government officials declared that regular audits will be performed to ensure compliance with international standard regulations. According to the published statistics, official government agencies will oversee the regulatory audits to maintain public standards.",REAL
SHOCKING TRUTH! Alien spaceship wreckage confirms the secret truth behind fake water chemicals designed to control public thoughts.,"This is a shocking revelation that they don't want you to know. A highly placed secret government insider has leaked classified documents confirming that a shadow organization is actively running weather control machines. Independent researchers have found undeniable evidence, but mainstream media refuses to report this conspiracy. Share this before it gets taken down! It's time to wake up! This secret conspiracy involves a clandestine medical cover-up and has been running for decades. Shocking truth revealed!",FAKE
The international trade council announced the implementation of a new policy on small business tax regulations.,"Official representatives of the international trade council approved the proposed bilateral trade tariffs during the summit. The official agreement aims to stabilize commodity pricing and support domestic manufacturing sectors. Government officials declared that regular audits will be performed to ensure compliance with international standard regulations. According to the published statistics, parliamentary representatives will oversee the regulatory audits to maintain public standards.",REAL
THE TRUTH EXPOSED! Shocking scientific proof admitted to a secret operation involving a cover-up of extraterrestrial encounters.,Breaking news: actual proof has surfaced about alien spaceship wreckage discovered under deep ocean chambers. A secret military branch has been keeping this classified technology hidden from the public to advance their secret mind-control agenda. Experts who tried to expose this shocking secret have vanished. Read the full leak here! This secret conspiracy involves a clandestine medical cover-up and has been running for decades. Shocking truth revealed!,FAKE
The central banking authorities announced the implementation of a new policy on bilateral trade tariffs on imported goods.,"The Department of Finance issued an official statement yesterday confirming the implementation of a new policy designed to support small business growth. According to parliamentary spokespeople, the reform legislation introduces tax reductions for local entrepreneurs. Financial analysts state that the infrastructure funding will stimulate regional economic activity and increase employment indices over the fiscal year. According to the published statistics, the central banking authorities will oversee the regulatory audits to maintain public standards.",REAL
The World Health organization confirmed a strategic agreement regarding public health safety protocols.,"The Department of Finance issued an official statement yesterday confirming the implementation of a new policy designed to support small business growth. According to parliamentary spokespeople, the reform legislation introduces tax reductions for local entrepreneurs. Financial analysts state that the infrastructure funding will stimulate regional economic activity and increase employment indices over the fiscal year. According to the published statistics, a team of clinical researchers will oversee the regulatory audits to maintain public standards.",REAL
State environmental scientists published a comprehensive report concerning bilateral trade tariffs on imported goods.,"In a comprehensive report published this morning, a team of clinical researchers confirmed significant progress in sustainable energy initiatives. The study, funded by state environmental agencies, indicates that solar energy grid integration has improved by fifteen percent over the last quarter. State representatives announced that additional public funding will be allocated to expand municipal transport networks. According to the published statistics, a team of clinical researchers will oversee the regulatory audits to maintain public standards.",REAL
The World Health organization published a comprehensive report concerning infrastructure investments in public transport networks.,"Official representatives of the international trade council approved the proposed bilateral trade tariffs during the summit. The official agreement aims to stabilize commodity pricing and support domestic manufacturing sectors. Government officials declared that regular audits will be performed to ensure compliance with international standard regulations. According to the published statistics, the international trade council will oversee the regulatory audits to maintain public standards.",REAL
The central banking authorities confirmed a strategic agreement regarding infrastructure investments in public transport networks.,"The Department of Finance issued an official statement yesterday confirming the implementation of a new policy designed to support small business growth. According to parliamentary spokespeople, the reform legislation introduces tax reductions for local entrepreneurs. Financial analysts state that the infrastructure funding will stimulate regional economic activity and increase employment indices over the fiscal year. According to the published statistics, the international trade council will oversee the regulatory audits to maintain public standards.",REAL
Parliamentary representatives revealed research results on small business tax regulations.,"The Department of Finance issued an official statement yesterday confirming the implementation of a new policy designed to support small business growth. According to parliamentary spokespeople, the reform legislation introduces tax reductions for local entrepreneurs. Financial analysts state that the infrastructure funding will stimulate regional economic activity and increase employment indices over the fiscal year. According to the published statistics, parliamentary representatives will oversee the regulatory audits to maintain public standards.",REAL
THE TRUTH EXPOSED! An anonymous whistleblower confirms the secret truth behind a fake moon landing staging site.,Breaking news: actual proof has surfaced about alien spaceship wreckage discovered under deep ocean chambers. A secret military branch has been keeping this classified technology hidden from the public to advance their secret mind-control agenda. Experts who tried to expose this shocking secret have vanished. Read the full leak here! This secret conspiracy involves an anonymous whistleblower and has been running for decades. Shocking truth revealed!,FAKE
Parliamentary representatives confirmed a strategic agreement regarding small business tax regulations.,"The World Health Organization published a comprehensive study highlighting modern public health safety protocols. The report outlines guidelines designed to prevent seasonal viral transmission in metropolitan areas. Medical professionals emphasized that systematic community education and vaccine distribution remain the most effective methods for long-term health stabilization. According to the published statistics, the department of finance will oversee the regulatory audits to maintain public standards.",REAL
UNBELIEVABLE! A shadow organization admitted to a secret operation involving a plan to replace fiat currency with secret mind-control chips.,The global elite are hiding weather modification machines that cause unnatural storms. A shocking leak reveals that a secret group is pulling the strings. This is a must-read warning! The undeniable reality is that our thoughts are being modified by fake chemicals in public drinking water. The truth is finally coming to light! This secret conspiracy involves a shadow organization and has been running for decades. Shocking truth revealed!,FAKE
The international trade council approved the proposed reform legislation targeting sustainable energy development funding.,"The Department of Finance issued an official statement yesterday confirming the implementation of a new policy designed to support small business growth. According to parliamentary spokespeople, the reform legislation introduces tax reductions for local entrepreneurs. Financial analysts state that the infrastructure funding will stimulate regional economic activity and increase employment indices over the fiscal year. According to the published statistics, the department of finance will oversee the regulatory audits to maintain public standards.",REAL
Official government agencies published a comprehensive report concerning sustainable energy development funding.,"The Department of Finance issued an official statement yesterday confirming the implementation of a new policy designed to support small business growth. According to parliamentary spokespeople, the reform legislation introduces tax reductions for local entrepreneurs. Financial analysts state that the infrastructure funding will stimulate regional economic activity and increase employment indices over the fiscal year. According to the published statistics, state environmental scientists will oversee the regulatory audits to maintain public standards.",REAL
A team of clinical researchers approved the proposed reform legislation targeting infrastructure investments in public transport networks.,"The Department of Finance issued an official statement yesterday confirming the implementation of a new policy designed to support small business growth. According to parliamentary spokespeople, the reform legislation introduces tax reductions for local entrepreneurs. Financial analysts state that the infrastructure funding will stimulate regional economic activity and increase employment indices over the fiscal year. According to the published statistics, the central banking authorities will oversee the regulatory audits to maintain public standards.",REAL
THEY DON'T WANT YOU TO KNOW! Shocking leaked documents admitted to a secret operation involving fake water chemicals designed to control public thoughts.,"Unbelievable truth exposed! An anonymous whistleblower has finally admitted that a clandestine medical cover-up was staged by the global elite. Sources say secret microchip implants have been hidden inside daily vaccines for years to control thought processes. If you look at the raw data, the proof is absolutely undeniable. Do your own research! This secret conspiracy involves a shadow organization and has been running for decades. Shocking truth revealed!",FAKE
Official government agencies announced the implementation of a new policy on sustainable energy development funding.,"The World Health Organization published a comprehensive study highlighting modern public health safety protocols. The report outlines guidelines designed to prevent seasonal viral transmission in metropolitan areas. Medical professionals emphasized that systematic community education and vaccine distribution remain the most effective methods for long-term health stabilization. According to the published statistics, parliamentary representatives will oversee the regulatory audits to maintain public standards.",REAL
The Prime Minister's press secretary announced the implementation of a new policy on infrastructure investments in public transport networks.,"The Department of Finance issued an official statement yesterday confirming the implementation of a new policy designed to support small business growth. According to parliamentary spokespeople, the reform legislation introduces tax reductions for local entrepreneurs. Financial analysts state that the infrastructure funding will stimulate regional economic activity and increase employment indices over the fiscal year. According to the published statistics, state environmental scientists will oversee the regulatory audits to maintain public standards.",REAL
SHOCKING TRUTH! The global elite revealed the unbelievable truth about a cover-up of extraterrestrial encounters.,The global elite are hiding weather modification machines that cause unnatural storms. A shocking leak reveals that a secret group is pulling the strings. This is a must-read warning! The undeniable reality is that our thoughts are being modified by fake chemicals in public drinking water. The truth is finally coming to light! This secret conspiracy involves a clandestine medical cover-up and has been running for decades. Shocking truth revealed!,FAKE
UNBELIEVABLE! Undeniable evidence revealed the unbelievable truth about a cover-up of extraterrestrial encounters.,Breaking news: actual proof has surfaced about alien spaceship wreckage discovered under deep ocean chambers. A secret military branch has been keeping this classified technology hidden from the public to advance their secret mind-control agenda. Experts who tried to expose this shocking secret have vanished. Read the full leak here! This secret conspiracy involves alien spaceship wreckage and has been running for decades. Shocking truth revealed!,FAKE
The Department of Finance revealed research results on public health safety protocols.,"In a comprehensive report published this morning, a team of clinical researchers confirmed significant progress in sustainable energy initiatives. The study, funded by state environmental agencies, indicates that solar energy grid integration has improved by fifteen percent over the last quarter. State representatives announced that additional public funding will be allocated to expand municipal transport networks. According to the published statistics, state environmental scientists will oversee the regulatory audits to maintain public standards.",REAL
THE TRUTH EXPOSED! Alien spaceship wreckage exposed a shocking conspiracy regarding a plan to replace fiat currency with secret mind-control chips.,"Unbelievable truth exposed! An anonymous whistleblower has finally admitted that a clandestine medical cover-up was staged by the global elite. Sources say secret microchip implants have been hidden inside daily vaccines for years to control thought processes. If you look at the raw data, the proof is absolutely undeniable. Do your own research! This secret conspiracy involves shocking scientific proof and has been running for decades. Shocking truth revealed!",FAKE
Parliamentary representatives confirmed a strategic agreement regarding bilateral trade tariffs on imported goods.,"Official representatives of the international trade council approved the proposed bilateral trade tariffs during the summit. The official agreement aims to stabilize commodity pricing and support domestic manufacturing sectors. Government officials declared that regular audits will be performed to ensure compliance with international standard regulations. According to the published statistics, parliamentary representatives will oversee the regulatory audits to maintain public standards.",REAL
The international trade council confirmed a strategic agreement regarding public health safety protocols.,"Official representatives of the international trade council approved the proposed bilateral trade tariffs during the summit. The official agreement aims to stabilize commodity pricing and support domestic manufacturing sectors. Government officials declared that regular audits will be performed to ensure compliance with international standard regulations. According to the published statistics, the international trade council will oversee the regulatory audits to maintain public standards.",REAL
THE TRUTH EXPOSED! Alien spaceship wreckage admitted to a secret operation involving a plan to replace fiat currency with secret mind-control chips.,"Unbelievable truth exposed! An anonymous whistleblower has finally admitted that a clandestine medical cover-up was staged by the global elite. Sources say secret microchip implants have been hidden inside daily vaccines for years to control thought processes. If you look at the raw data, the proof is absolutely undeniable. Do your own research! This secret conspiracy involves secret government insiders and has been running for decades. Shocking truth revealed!",FAKE
UNBELIEVABLE! Undeniable evidence exposed a shocking conspiracy regarding a fake moon landing staging site.,The global elite are hiding weather modification machines that cause unnatural storms. A shocking leak reveals that a secret group is pulling the strings. This is a must-read warning! The undeniable reality is that our thoughts are being modified by fake chemicals in public drinking water. The truth is finally coming to light! This secret conspiracy involves the global elite and has been running for decades. Shocking truth revealed!,FAKE
Official government agencies confirmed a strategic agreement regarding small business tax regulations.,"The Department of Finance issued an official statement yesterday confirming the implementation of a new policy designed to support small business growth. According to parliamentary spokespeople, the reform legislation introduces tax reductions for local entrepreneurs. Financial analysts state that the infrastructure funding will stimulate regional economic activity and increase employment indices over the fiscal year. According to the published statistics, parliamentary representatives will oversee the regulatory audits to maintain public standards.",REAL
Official government agencies announced the implementation of a new policy on bilateral trade tariffs on imported goods.,"In a comprehensive report published this morning, a team of clinical researchers confirmed significant progress in sustainable energy initiatives. The study, funded by state environmental agencies, indicates that solar energy grid integration has improved by fifteen percent over the last quarter. State representatives announced that additional public funding will be allocated to expand municipal transport networks. According to the published statistics, a team of clinical researchers will oversee the regulatory audits to maintain public standards.",REAL
The Department of Finance issued an official statement clarifying details of bilateral trade tariffs on imported goods.,"The World Health Organization published a comprehensive study highlighting modern public health safety protocols. The report outlines guidelines designed to prevent seasonal viral transmission in metropolitan areas. Medical professionals emphasized that systematic community education and vaccine distribution remain the most effective methods for long-term health stabilization. According to the published statistics, state environmental scientists will oversee the regulatory audits to maintain public standards.",REAL
Parliamentary representatives approved the proposed reform legislation targeting bilateral trade tariffs on imported goods.,"In a comprehensive report published this morning, a team of clinical researchers confirmed significant progress in sustainable energy initiatives. The study, funded by state environmental agencies, indicates that solar energy grid integration has improved by fifteen percent over the last quarter. State representatives announced that additional public funding will be allocated to expand municipal transport networks. According to the published statistics, official government agencies will oversee the regulatory audits to maintain public standards.",REAL
Parliamentary representatives issued an official statement clarifying details of infrastructure investments in public transport networks.,"The Department of Finance issued an official statement yesterday confirming the implementation of a new policy designed to support small business growth. According to parliamentary spokespeople, the reform legislation introduces tax reductions for local entrepreneurs. Financial analysts state that the infrastructure funding will stimulate regional economic activity and increase employment indices over the fiscal year. According to the published statistics, the central banking authorities will oversee the regulatory audits to maintain public standards.",REAL
The World Health organization revealed research results on sustainable energy development funding.,"In a comprehensive report published this morning, a team of clinical researchers confirmed significant progress in sustainable energy initiatives. The study, funded by state environmental agencies, indicates that solar energy grid integration has improved by fifteen percent over the last quarter. State representatives announced that additional public funding will be allocated to expand municipal transport networks. According to the published statistics, official government agencies will oversee the regulatory audits to maintain public standards.",REAL
State environmental scientists issued an official statement clarifying details of public health safety protocols.,"In a comprehensive report published this morning, a team of clinical researchers confirmed significant progress in sustainable energy initiatives. The study, funded by state environmental agencies, indicates that solar energy grid integration has improved by fifteen percent over the last quarter. State representatives announced that additional public funding will be allocated to expand municipal transport networks. According to the published statistics, parliamentary representatives will oversee the regulatory audits to maintain public standards.",REAL
The central banking authorities revealed research results on academic curriculum standards in rural schools.,"The World Health Organization published a comprehensive study highlighting modern public health safety protocols. The report outlines guidelines designed to prevent seasonal viral transmission in metropolitan areas. Medical professionals emphasized that systematic community education and vaccine distribution remain the most effective methods for long-term health stabilization. According to the published statistics, a team of clinical researchers will oversee the regulatory audits to maintain public standards.",REAL
ACTUAL PROOF! Shocking leaked documents confirms the secret truth behind a fake moon landing staging site.,"This is a shocking revelation that they don't want you to know. A highly placed secret government insider has leaked classified documents confirming that a shadow organization is actively running weather control machines. Independent researchers have found undeniable evidence, but mainstream media refuses to report this conspiracy. Share this before it gets taken down! It's time to wake up! This secret conspiracy involves a shadow organization and has been running for decades. Shocking truth revealed!",FAKE
The central banking authorities issued an official statement clarifying details of public health safety protocols.,"In a comprehensive report published this morning, a team of clinical researchers confirmed significant progress in sustainable energy initiatives. The study, funded by state environmental agencies, indicates that solar energy grid integration has improved by fifteen percent over the last quarter. State representatives announced that additional public funding will be allocated to expand municipal transport networks. According to the published statistics, a team of clinical researchers will oversee the regulatory audits to maintain public standards.",REAL
State environmental scientists approved the proposed reform legislation targeting bilateral trade tariffs on imported goods.,"In a comprehensive report published this morning, a team of clinical researchers confirmed significant progress in sustainable energy initiatives. The study, funded by state environmental agencies, indicates that solar energy grid integration has improved by fifteen percent over the last quarter. State representatives announced that additional public funding will be allocated to expand municipal transport networks. According to the published statistics, the world health organization will oversee the regulatory audits to maintain public standards.",REAL
The Department of Finance published a comprehensive report concerning small business tax regulations.,"The World Health Organization published a comprehensive study highlighting modern public health safety protocols. The report outlines guidelines designed to prevent seasonal viral transmission in metropolitan areas. Medical professionals emphasized that systematic community education and vaccine distribution remain the most effective methods for long-term health stabilization. According to the published statistics, the world health organization will oversee the regulatory audits to maintain public standards.",REAL
UNBELIEVABLE! An anonymous whistleblower admitted to a secret operation involving a cover-up of extraterrestrial encounters.,"This is a shocking revelation that they don't want you to know. A highly placed secret government insider has leaked classified documents confirming that a shadow organization is actively running weather control machines. Independent researchers have found undeniable evidence, but mainstream media refuses to report this conspiracy. Share this before it gets taken down! It's time to wake up! This secret conspiracy involves shocking scientific proof and has been running for decades. Shocking truth revealed!",FAKE
A team of clinical researchers issued an official statement clarifying details of bilateral trade tariffs on imported goods.,"The World Health Organization published a comprehensive study highlighting modern public health safety protocols. The report outlines guidelines designed to prevent seasonal viral transmission in metropolitan areas. Medical professionals emphasized that systematic community education and vaccine distribution remain the most effective methods for long-term health stabilization. According to the published statistics, a team of clinical researchers will oversee the regulatory audits to maintain public standards.",REAL
THEY DON'T WANT YOU TO KNOW! A shadow organization confirms the secret truth behind fake water chemicals designed to control public thoughts.,The global elite are hiding weather modification machines that cause unnatural storms. A shocking leak reveals that a secret group is pulling the strings. This is a must-read warning! The undeniable reality is that our thoughts are being modified by fake chemicals in public drinking water. The truth is finally coming to light! This secret conspiracy involves shocking leaked documents and has been running for decades. Shocking truth revealed!,FAKE
THE TRUTH EXPOSED! A clandestine medical cover-up confirms the secret truth behind weather modification machines controlled by shadow groups.,The global elite are hiding weather modification machines that cause unnatural storms. A shocking leak reveals that a secret group is pulling the strings. This is a must-read warning! The undeniable reality is that our thoughts are being modified by fake chemicals in public drinking water. The truth is finally coming to light! This secret conspiracy involves the global elite and has been running for decades. Shocking truth revealed!,FAKE
The international trade council revealed research results on academic curriculum standards in rural schools.,"In a comprehensive report published this morning, a team of clinical researchers confirmed significant progress in sustainable energy initiatives. The study, funded by state environmental agencies, indicates that solar energy grid integration has improved by fifteen percent over the last quarter. State representatives announced that additional public funding will be allocated to expand municipal transport networks. According to the published statistics, the international trade council will oversee the regulatory audits to maintain public standards.",REAL
Parliamentary representatives published a comprehensive report concerning infrastructure investments in public transport networks.,"The Department of Finance issued an official statement yesterday confirming the implementation of a new policy designed to support small business growth. According to parliamentary spokespeople, the reform legislation introduces tax reductions for local entrepreneurs. Financial analysts state that the infrastructure funding will stimulate regional economic activity and increase employment indices over the fiscal year. According to the published statistics, state environmental scientists will oversee the regulatory audits to maintain public standards.",REAL
ACTUAL PROOF! A clandestine medical cover-up admitted to a secret operation involving microchip implants in daily vaccines.,Breaking news: actual proof has surfaced about alien spaceship wreckage discovered under deep ocean chambers. A secret military branch has been keeping this classified technology hidden from the public to advance their secret mind-control agenda. Experts who tried to expose this shocking secret have vanished. Read the full leak here! This secret conspiracy involves a clandestine medical cover-up and has been running for decades. Shocking truth revealed!,FAKE
SHOCKING TRUTH! Shocking scientific proof revealed the unbelievable truth about weather modification machines controlled by shadow groups.,"This is a shocking revelation that they don't want you to know. A highly placed secret government insider has leaked classified documents confirming that a shadow organization is actively running weather control machines. Independent researchers have found undeniable evidence, but mainstream media refuses to report this conspiracy. Share this before it gets taken down! It's time to wake up! This secret conspiracy involves secret government insiders and has been running for decades. Shocking truth revealed!",FAKE
THE TRUTH EXPOSED! Secret government insiders exposed the undeniable reality of weather modification machines controlled by shadow groups.,The global elite are hiding weather modification machines that cause unnatural storms. A shocking leak reveals that a secret group is pulling the strings. This is a must-read warning! The undeniable reality is that our thoughts are being modified by fake chemicals in public drinking water. The truth is finally coming to light! This secret conspiracy involves secret government insiders and has been running for decades. Shocking truth revealed!,FAKE
Parliamentary representatives announced the implementation of a new policy on sustainable energy development funding.,"The World Health Organization published a comprehensive study highlighting modern public health safety protocols. The report outlines guidelines designed to prevent seasonal viral transmission in metropolitan areas. Medical professionals emphasized that systematic community education and vaccine distribution remain the most effective methods for long-term health stabilization. According to the published statistics, a team of clinical researchers will oversee the regulatory audits to maintain public standards.",REAL
THE TRUTH EXPOSED! Undeniable evidence uncovered a classified agenda concerning microchip implants in daily vaccines.,"Unbelievable truth exposed! An anonymous whistleblower has finally admitted that a clandestine medical cover-up was staged by the global elite. Sources say secret microchip implants have been hidden inside daily vaccines for years to control thought processes. If you look at the raw data, the proof is absolutely undeniable. Do your own research! This secret conspiracy involves shocking leaked documents and has been running for decades. Shocking truth revealed!",FAKE
MUST READ! Shocking scientific proof admitted to a secret operation involving weather modification machines controlled by shadow groups.,The global elite are hiding weather modification machines that cause unnatural storms. A shocking leak reveals that a secret group is pulling the strings. This is a must-read warning! The undeniable reality is that our thoughts are being modified by fake chemicals in public drinking water. The truth is finally coming to light! This secret conspiracy involves alien spaceship wreckage and has been running for decades. Shocking truth revealed!,FAKE
The international trade council announced the implementation of a new policy on small business tax regulations.,"In a comprehensive report published this morning, a team of clinical researchers confirmed significant progress in sustainable energy initiatives. The study, funded by state environmental agencies, indicates that solar energy grid integration has improved by fifteen percent over the last quarter. State representatives announced that additional public funding will be allocated to expand municipal transport networks. According to the published statistics, the department of finance will oversee the regulatory audits to maintain public standards.",REAL
ACTUAL PROOF! An anonymous whistleblower admitted to a secret operation involving fake water chemicals designed to control public thoughts.,"Unbelievable truth exposed! An anonymous whistleblower has finally admitted that a clandestine medical cover-up was staged by the global elite. Sources say secret microchip implants have been hidden inside daily vaccines for years to control thought processes. If you look at the raw data, the proof is absolutely undeniable. Do your own research! This secret conspiracy involves undeniable evidence and has been running for decades. Shocking truth revealed!",FAKE
UNBELIEVABLE! Secret government insiders exposed a shocking conspiracy regarding microchip implants in daily vaccines.,Breaking news: actual proof has surfaced about alien spaceship wreckage discovered under deep ocean chambers. A secret military branch has been keeping this classified technology hidden from the public to advance their secret mind-control agenda. Experts who tried to expose this shocking secret have vanished. Read the full leak here! This secret conspiracy involves a clandestine medical cover-up and has been running for decades. Shocking truth revealed!,FAKE
THE TRUTH EXPOSED! An anonymous whistleblower exposed a shocking conspiracy regarding weather modification machines controlled by shadow groups.,The global elite are hiding weather modification machines that cause unnatural storms. A shocking leak reveals that a secret group is pulling the strings. This is a must-read warning! The undeniable reality is that our thoughts are being modified by fake chemicals in public drinking water. The truth is finally coming to light! This secret conspiracy involves shocking scientific proof and has been running for decades. Shocking truth revealed!,FAKE
The Department of Finance published a comprehensive report concerning public health safety protocols.,"The World Health Organization published a comprehensive study highlighting modern public health safety protocols. The report outlines guidelines designed to prevent seasonal viral transmission in metropolitan areas. Medical professionals emphasized that systematic community education and vaccine distribution remain the most effective methods for long-term health stabilization. According to the published statistics, a team of clinical researchers will oversee the regulatory audits to maintain public standards.",REAL
ACTUAL PROOF! The global elite confirms the secret truth behind a fake moon landing staging site.,"This is a shocking revelation that they don't want you to know. A highly placed secret government insider has leaked classified documents confirming that a shadow organization is actively running weather control machines. Independent researchers have found undeniable evidence, but mainstream media refuses to report this conspiracy. Share this before it gets taken down! It's time to wake up! This secret conspiracy involves alien spaceship wreckage and has been running for decades. Shocking truth revealed!",FAKE
The central banking authorities approved the proposed reform legislation targeting bilateral trade tariffs on imported goods.,"Official representatives of the international trade council approved the proposed bilateral trade tariffs during the summit. The official agreement aims to stabilize commodity pricing and support domestic manufacturing sectors. Government officials declared that regular audits will be performed to ensure compliance with international standard regulations. According to the published statistics, the world health organization will oversee the regulatory audits to maintain public standards.",REAL
THE TRUTH EXPOSED! The global elite exposed the undeniable reality of a cover-up of extraterrestrial encounters.,The global elite are hiding weather modification machines that cause unnatural storms. A shocking leak reveals that a secret group is pulling the strings. This is a must-read warning! The undeniable reality is that our thoughts are being modified by fake chemicals in public drinking water. The truth is finally coming to light! This secret conspiracy involves alien spaceship wreckage and has been running for decades. Shocking truth revealed!,FAKE
UNBELIEVABLE! An anonymous whistleblower exposed a shocking conspiracy regarding a plan to replace fiat currency with secret mind-control chips.,"This is a shocking revelation that they don't want you to know. A highly placed secret government insider has leaked classified documents confirming that a shadow organization is actively running weather control machines. Independent researchers have found undeniable evidence, but mainstream media refuses to report this conspiracy. Share this before it gets taken down! It's time to wake up! This secret conspiracy involves shocking leaked documents and has been running for decades. Shocking truth revealed!",FAKE
SHOCKING TRUTH! Secret government insiders uncovered a classified agenda concerning a fake moon landing staging site.,Breaking news: actual proof has surfaced about alien spaceship wreckage discovered under deep ocean chambers. A secret military branch has been keeping this classified technology hidden from the public to advance their secret mind-control agenda. Experts who tried to expose this shocking secret have vanished. Read the full leak here! This secret conspiracy involves shocking leaked documents and has been running for decades. Shocking truth revealed!,FAKE
SHOCKING TRUTH! Shocking leaked documents uncovered a classified agenda concerning microchip implants in daily vaccines.,The global elite are hiding weather modification machines that cause unnatural storms. A shocking leak reveals that a secret group is pulling the strings. This is a must-read warning! The undeniable reality is that our thoughts are being modified by fake chemicals in public drinking water. The truth is finally coming to light! This secret conspiracy involves the global elite and has been running for decades. Shocking truth revealed!,FAKE
Official government agencies revealed research results on sustainable energy development funding.,"The World Health Organization published a comprehensive study highlighting modern public health safety protocols. The report outlines guidelines designed to prevent seasonal viral transmission in metropolitan areas. Medical professionals emphasized that systematic community education and vaccine distribution remain the most effective methods for long-term health stabilization. According to the published statistics, a team of clinical researchers will oversee the regulatory audits to maintain public standards.",REAL
ACTUAL PROOF! A clandestine medical cover-up uncovered a classified agenda concerning fake water chemicals designed to control public thoughts.,Breaking news: actual proof has surfaced about alien spaceship wreckage discovered under deep ocean chambers. A secret military branch has been keeping this classified technology hidden from the public to advance their secret mind-control agenda. Experts who tried to expose this shocking secret have vanished. Read the full leak here! This secret conspiracy involves an anonymous whistleblower and has been running for decades. Shocking truth revealed!,FAKE
State environmental scientists issued an official statement clarifying details of infrastructure investments in public transport networks.,"Official representatives of the international trade council approved the proposed bilateral trade tariffs during the summit. The official agreement aims to stabilize commodity pricing and support domestic manufacturing sectors. Government officials declared that regular audits will be performed to ensure compliance with international standard regulations. According to the published statistics, the central banking authorities will oversee the regulatory audits to maintain public standards.",REAL
The central banking authorities approved the proposed reform legislation targeting academic curriculum standards in rural schools.,"Official representatives of the international trade council approved the proposed bilateral trade tariffs during the summit. The official agreement aims to stabilize commodity pricing and support domestic manufacturing sectors. Government officials declared that regular audits will be performed to ensure compliance with international standard regulations. According to the published statistics, state environmental scientists will oversee the regulatory audits to maintain public standards.",REAL
A team of clinical researchers published a comprehensive report concerning academic curriculum standards in rural schools.,"Official representatives of the international trade council approved the proposed bilateral trade tariffs during the summit. The official agreement aims to stabilize commodity pricing and support domestic manufacturing sectors. Government officials declared that regular audits will be performed to ensure compliance with international standard regulations. According to the published statistics, the prime minister's press secretary will oversee the regulatory audits to maintain public standards.",REAL
A team of clinical researchers issued an official statement clarifying details of sustainable energy development funding.,"The Department of Finance issued an official statement yesterday confirming the implementation of a new policy designed to support small business growth. According to parliamentary spokespeople, the reform legislation introduces tax reductions for local entrepreneurs. Financial analysts state that the infrastructure funding will stimulate regional economic activity and increase employment indices over the fiscal year. According to the published statistics, the department of finance will oversee the regulatory audits to maintain public standards.",REAL
SHOCKING TRUTH! Alien spaceship wreckage exposed a shocking conspiracy regarding fake water chemicals designed to control public thoughts.,"Unbelievable truth exposed! An anonymous whistleblower has finally admitted that a clandestine medical cover-up was staged by the global elite. Sources say secret microchip implants have been hidden inside daily vaccines for years to control thought processes. If you look at the raw data, the proof is absolutely undeniable. Do your own research! This secret conspiracy involves shocking scientific proof and has been running for decades. Shocking truth revealed!",FAKE
The central banking authorities published a comprehensive report concerning academic curriculum standards in rural schools.,"The World Health Organization published a comprehensive study highlighting modern public health safety protocols. The report outlines guidelines designed to prevent seasonal viral transmission in metropolitan areas. Medical professionals emphasized that systematic community education and vaccine distribution remain the most effective methods for long-term health stabilization. According to the published statistics, state environmental scientists will oversee the regulatory audits to maintain public standards.",REAL
ACTUAL PROOF! Shocking scientific proof revealed the unbelievable truth about fake water chemicals designed to control public thoughts.,Breaking news: actual proof has surfaced about alien spaceship wreckage discovered under deep ocean chambers. A secret military branch has been keeping this classified technology hidden from the public to advance their secret mind-control agenda. Experts who tried to expose this shocking secret have vanished. Read the full leak here! This secret conspiracy involves secret government insiders and has been running for decades. Shocking truth revealed!,FAKE
THEY DON'T WANT YOU TO KNOW! A shadow organization confirms the secret truth behind a cover-up of extraterrestrial encounters.,Breaking news: actual proof has surfaced about alien spaceship wreckage discovered under deep ocean chambers. A secret military branch has been keeping this classified technology hidden from the public to advance their secret mind-control agenda. Experts who tried to expose this shocking secret have vanished. Read the full leak here! This secret conspiracy involves a shadow organization and has been running for decades. Shocking truth revealed!,FAKE
ACTUAL PROOF! Secret government insiders confirms the secret truth behind fake water chemicals designed to control public thoughts.,"This is a shocking revelation that they don't want you to know. A highly placed secret government insider has leaked classified documents confirming that a shadow organization is actively running weather control machines. Independent researchers have found undeniable evidence, but mainstream media refuses to report this conspiracy. Share this before it gets taken down! It's time to wake up! This secret conspiracy involves secret government insiders and has been running for decades. Shocking truth revealed!",FAKE
ACTUAL PROOF! A clandestine medical cover-up exposed the undeniable reality of a fake moon landing staging site.,"Unbelievable truth exposed! An anonymous whistleblower has finally admitted that a clandestine medical cover-up was staged by the global elite. Sources say secret microchip implants have been hidden inside daily vaccines for years to control thought processes. If you look at the raw data, the proof is absolutely undeniable. Do your own research! This secret conspiracy involves the global elite and has been running for decades. Shocking truth revealed!",FAKE
THEY DON'T WANT YOU TO KNOW! Undeniable evidence confirms the secret truth behind microchip implants in daily vaccines.,"This is a shocking revelation that they don't want you to know. A highly placed secret government insider has leaked classified documents confirming that a shadow organization is actively running weather control machines. Independent researchers have found undeniable evidence, but mainstream media refuses to report this conspiracy. Share this before it gets taken down! It's time to wake up! This secret conspiracy involves a clandestine medical cover-up and has been running for decades. Shocking truth revealed!",FAKE
UNBELIEVABLE! Undeniable evidence revealed the unbelievable truth about a cover-up of extraterrestrial encounters.,The global elite are hiding weather modification machines that cause unnatural storms. A shocking leak reveals that a secret group is pulling the strings. This is a must-read warning! The undeniable reality is that our thoughts are being modified by fake chemicals in public drinking water. The truth is finally coming to light! This secret conspiracy involves alien spaceship wreckage and has been running for decades. Shocking truth revealed!,FAKE
The international trade council approved the proposed reform legislation targeting sustainable energy development funding.,"Official representatives of the international trade council approved the proposed bilateral trade tariffs during the summit. The official agreement aims to stabilize commodity pricing and support domestic manufacturing sectors. Government officials declared that regular audits will be performed to ensure compliance with international standard regulations. According to the published statistics, the central banking authorities will oversee the regulatory audits to maintain public standards.",REAL
SHOCKING TRUTH! Alien spaceship wreckage admitted to a secret operation involving a cover-up of extraterrestrial encounters.,Breaking news: actual proof has surfaced about alien spaceship wreckage discovered under deep ocean chambers. A secret military branch has been keeping this classified technology hidden from the public to advance their secret mind-control agenda. Experts who tried to expose this shocking secret have vanished. Read the full leak here! This secret conspiracy involves shocking scientific proof and has been running for decades. Shocking truth revealed!,FAKE
The central banking authorities confirmed a strategic agreement regarding small business tax regulations.,"The Department of Finance issued an official statement yesterday confirming the implementation of a new policy designed to support small business growth. According to parliamentary spokespeople, the reform legislation introduces tax reductions for local entrepreneurs. Financial analysts state that the infrastructure funding will stimulate regional economic activity and increase employment indices over the fiscal year. According to the published statistics, the department of finance will oversee the regulatory audits to maintain public standards.",REAL
UNBELIEVABLE! Shocking scientific proof uncovered a classified agenda concerning weather modification machines controlled by shadow groups.,"Unbelievable truth exposed! An anonymous whistleblower has finally admitted that a clandestine medical cover-up was staged by the global elite. Sources say secret microchip implants have been hidden inside daily vaccines for years to control thought processes. If you look at the raw data, the proof is absolutely undeniable. Do your own research! This secret conspiracy involves the global elite and has been running for decades. Shocking truth revealed!",FAKE
State environmental scientists approved the proposed reform legislation targeting sustainable energy development funding.,"Official representatives of the international trade council approved the proposed bilateral trade tariffs during the summit. The official agreement aims to stabilize commodity pricing and support domestic manufacturing sectors. Government officials declared that regular audits will be performed to ensure compliance with international standard regulations. According to the published statistics, the international trade council will oversee the regulatory audits to maintain public standards.",REAL
UNBELIEVABLE! Shocking scientific proof uncovered a classified agenda concerning fake water chemicals designed to control public thoughts.,Breaking news: actual proof has surfaced about alien spaceship wreckage discovered under deep ocean chambers. A secret military branch has been keeping this classified technology hidden from the public to advance their secret mind-control agenda. Experts who tried to expose this shocking secret have vanished. Read the full leak here! This secret conspiracy involves an anonymous whistleblower and has been running for decades. Shocking truth revealed!,FAKE
Parliamentary representatives announced the implementation of a new policy on small business tax regulations.,"In a comprehensive report published this morning, a team of clinical researchers confirmed significant progress in sustainable energy initiatives. The study, funded by state environmental agencies, indicates that solar energy grid integration has improved by fifteen percent over the last quarter. State representatives announced that additional public funding will be allocated to expand municipal transport networks. According to the published statistics, a team of clinical researchers will oversee the regulatory audits to maintain public standards.",REAL
A team of clinical researchers confirmed a strategic agreement regarding small business tax regulations.,"In a comprehensive report published this morning, a team of clinical researchers confirmed significant progress in sustainable energy initiatives. The study, funded by state environmental agencies, indicates that solar energy grid integration has improved by fifteen percent over the last quarter. State representatives announced that additional public funding will be allocated to expand municipal transport networks. According to the published statistics, official government agencies will oversee the regulatory audits to maintain public standards.",REAL
The World Health organization approved the proposed reform legislation targeting sustainable energy development funding.,"The Department of Finance issued an official statement yesterday confirming the implementation of a new policy designed to support small business growth. According to parliamentary spokespeople, the reform legislation introduces tax reductions for local entrepreneurs. Financial analysts state that the infrastructure funding will stimulate regional economic activity and increase employment indices over the fiscal year. According to the published statistics, official government agencies will oversee the regulatory audits to maintain public standards.",REAL
THE TRUTH EXPOSED! Shocking scientific proof exposed the undeniable reality of a plan to replace fiat currency with secret mind-control chips.,"This is a shocking revelation that they don't want you to know. A highly placed secret government insider has leaked classified documents confirming that a shadow organization is actively running weather control machines. Independent researchers have found undeniable evidence, but mainstream media refuses to report this conspiracy. Share this before it gets taken down! It's time to wake up! This secret conspiracy involves a shadow organization and has been running for decades. Shocking truth revealed!",FAKE
The central banking authorities revealed research results on infrastructure investments in public transport networks.,"Official representatives of the international trade council approved the proposed bilateral trade tariffs during the summit. The official agreement aims to stabilize commodity pricing and support domestic manufacturing sectors. Government officials declared that regular audits will be performed to ensure compliance with international standard regulations. According to the published statistics, the prime minister's press secretary will oversee the regulatory audits to maintain public standards.",REAL
UNBELIEVABLE! Alien spaceship wreckage revealed the unbelievable truth about a cover-up of extraterrestrial encounters.,The global elite are hiding weather modification machines that cause unnatural storms. A shocking leak reveals that a secret group is pulling the strings. This is a must-read warning! The undeniable reality is that our thoughts are being modified by fake chemicals in public drinking water. The truth is finally coming to light! This secret conspiracy involves shocking scientific proof and has been running for decades. Shocking truth revealed!,FAKE
The Department of Finance approved the proposed reform legislation targeting public health safety protocols.,"The World Health Organization published a comprehensive study highlighting modern public health safety protocols. The report outlines guidelines designed to prevent seasonal viral transmission in metropolitan areas. Medical professionals emphasized that systematic community education and vaccine distribution remain the most effective methods for long-term health stabilization. According to the published statistics, state environmental scientists will oversee the regulatory audits to maintain public standards.",REAL
THEY DON'T WANT YOU TO KNOW! The global elite exposed a shocking conspiracy regarding microchip implants in daily vaccines.,"This is a shocking revelation that they don't want you to know. A highly placed secret government insider has leaked classified documents confirming that a shadow organization is actively running weather control machines. Independent researchers have found undeniable evidence, but mainstream media refuses to report this conspiracy. Share this before it gets taken down! It's time to wake up! This secret conspiracy involves undeniable evidence and has been running for decades. Shocking truth revealed!",FAKE
THE TRUTH EXPOSED! The global elite exposed a shocking conspiracy regarding microchip implants in daily vaccines.,The global elite are hiding weather modification machines that cause unnatural storms. A shocking leak reveals that a secret group is pulling the strings. This is a must-read warning! The undeniable reality is that our thoughts are being modified by fake chemicals in public drinking water. The truth is finally coming to light! This secret conspiracy involves a clandestine medical cover-up and has been running for decades. Shocking truth revealed!,FAKE
Parliamentary representatives confirmed a strategic agreement regarding sustainable energy development funding.,"The Department of Finance issued an official statement yesterday confirming the implementation of a new policy designed to support small business growth. According to parliamentary spokespeople, the reform legislation introduces tax reductions for local entrepreneurs. Financial analysts state that the infrastructure funding will stimulate regional economic activity and increase employment indices over the fiscal year. According to the published statistics, the department of finance will oversee the regulatory audits to maintain public standards.",REAL
The World Health organization confirmed a strategic agreement regarding small business tax regulations.,"The World Health Organization published a comprehensive study highlighting modern public health safety protocols. The report outlines guidelines designed to prevent seasonal viral transmission in metropolitan areas. Medical professionals emphasized that systematic community education and vaccine distribution remain the most effective methods for long-term health stabilization. According to the published statistics, the central banking authorities will oversee the regulatory audits to maintain public standards.",REAL
The Department of Finance announced the implementation of a new policy on infrastructure investments in public transport networks.,"Official representatives of the international trade council approved the proposed bilateral trade tariffs during the summit. The official agreement aims to stabilize commodity pricing and support domestic manufacturing sectors. Government officials declared that regular audits will be performed to ensure compliance with international standard regulations. According to the published statistics, parliamentary representatives will oversee the regulatory audits to maintain public standards.",REAL
SHOCKING TRUTH! Shocking leaked documents uncovered a classified agenda concerning weather modification machines controlled by shadow groups.,The global elite are hiding weather modification machines that cause unnatural storms. A shocking leak reveals that a secret group is pulling the strings. This is a must-read warning! The undeniable reality is that our thoughts are being modified by fake chemicals in public drinking water. The truth is finally coming to light! This secret conspiracy involves shocking leaked documents and has been running for decades. Shocking truth revealed!,FAKE
ACTUAL PROOF! Alien spaceship wreckage confirms the secret truth behind a cover-up of extraterrestrial encounters.,Breaking news: actual proof has surfaced about alien spaceship wreckage discovered under deep ocean chambers. A secret military branch has been keeping this classified technology hidden from the public to advance their secret mind-control agenda. Experts who tried to expose this shocking secret have vanished. Read the full leak here! This secret conspiracy involves a shadow organization and has been running for decades. Shocking truth revealed!,FAKE
MUST READ! Undeniable evidence admitted to a secret operation involving fake water chemicals designed to control public thoughts.,The global elite are hiding weather modification machines that cause unnatural storms. A shocking leak reveals that a secret group is pulling the strings. This is a must-read warning! The undeniable reality is that our thoughts are being modified by fake chemicals in public drinking water. The truth is finally coming to light! This secret conspiracy involves alien spaceship wreckage and has been running for decades. Shocking truth revealed!,FAKE
Official government agencies issued an official statement clarifying details of bilateral trade tariffs on imported goods.,"Official representatives of the international trade council approved the proposed bilateral trade tariffs during the summit. The official agreement aims to stabilize commodity pricing and support domestic manufacturing sectors. Government officials declared that regular audits will be performed to ensure compliance with international standard regulations. According to the published statistics, state environmental scientists will oversee the regulatory audits to maintain public standards.",REAL
The Department of Finance published a comprehensive report concerning sustainable energy development funding.,"In a comprehensive report published this morning, a team of clinical researchers confirmed significant progress in sustainable energy initiatives. The study, funded by state environmental agencies, indicates that solar energy grid integration has improved by fifteen percent over the last quarter. State representatives announced that additional public funding will be allocated to expand municipal transport networks. According to the published statistics, the prime minister's press secretary will oversee the regulatory audits to maintain public standards.",REAL
UNBELIEVABLE! An anonymous whistleblower exposed the undeniable reality of microchip implants in daily vaccines.,The global elite are hiding weather modification machines that cause unnatural storms. A shocking leak reveals that a secret group is pulling the strings. This is a must-read warning! The undeniable reality is that our thoughts are being modified by fake chemicals in public drinking water. The truth is finally coming to light! This secret conspiracy involves undeniable evidence and has been running for decades. Shocking truth revealed!,FAKE
A team of clinical researchers issued an official statement clarifying details of sustainable energy development funding.,"The Department of Finance issued an official statement yesterday confirming the implementation of a new policy designed to support small business growth. According to parliamentary spokespeople, the reform legislation introduces tax reductions for local entrepreneurs. Financial analysts state that the infrastructure funding will stimulate regional economic activity and increase employment indices over the fiscal year. According to the published statistics, official government agencies will oversee the regulatory audits to maintain public standards.",REAL
THEY DON'T WANT YOU TO KNOW! Alien spaceship wreckage exposed the undeniable reality of a fake moon landing staging site.,"Unbelievable truth exposed! An anonymous whistleblower has finally admitted that a clandestine medical cover-up was staged by the global elite. Sources say secret microchip implants have been hidden inside daily vaccines for years to control thought processes. If you look at the raw data, the proof is absolutely undeniable. Do your own research! This secret conspiracy involves shocking scientific proof and has been running for decades. Shocking truth revealed!",FAKE
The Prime Minister's press secretary revealed research results on bilateral trade tariffs on imported goods.,"The Department of Finance issued an official statement yesterday confirming the implementation of a new policy designed to support small business growth. According to parliamentary spokespeople, the reform legislation introduces tax reductions for local entrepreneurs. Financial analysts state that the infrastructure funding will stimulate regional economic activity and increase employment indices over the fiscal year. According to the published statistics, the prime minister's press secretary will oversee the regulatory audits to maintain public standards.",REAL
The World Health organization issued an official statement clarifying details of academic curriculum standards in rural schools.,"The World Health Organization published a comprehensive study highlighting modern public health safety protocols. The report outlines guidelines designed to prevent seasonal viral transmission in metropolitan areas. Medical professionals emphasized that systematic community education and vaccine distribution remain the most effective methods for long-term health stabilization. According to the published statistics, the world health organization will oversee the regulatory audits to maintain public standards.",REAL
THE TRUTH EXPOSED! Shocking scientific proof exposed a shocking conspiracy regarding a cover-up of extraterrestrial encounters.,"This is a shocking revelation that they don't want you to know. A highly placed secret government insider has leaked classified documents confirming that a shadow organization is actively running weather control machines. Independent researchers have found undeniable evidence, but mainstream media refuses to report this conspiracy. Share this before it gets taken down! It's time to wake up! This secret conspiracy involves alien spaceship wreckage and has been running for decades. Shocking truth revealed!",FAKE
The Department of Finance revealed research results on sustainable energy development funding.,"The Department of Finance issued an official statement yesterday confirming the implementation of a new policy designed to support small business growth. According to parliamentary spokespeople, the reform legislation introduces tax reductions for local entrepreneurs. Financial analysts state that the infrastructure funding will stimulate regional economic activity and increase employment indices over the fiscal year. According to the published statistics, a team of clinical researchers will oversee the regulatory audits to maintain public standards.",REAL
MUST READ! Secret government insiders uncovered a classified agenda concerning a cover-up of extraterrestrial encounters.,"Unbelievable truth exposed! An anonymous whistleblower has finally admitted that a clandestine medical cover-up was staged by the global elite. Sources say secret microchip implants have been hidden inside daily vaccines for years to control thought processes. If you look at the raw data, the proof is absolutely undeniable. Do your own research! This secret conspiracy involves an anonymous whistleblower and has been running for decades. Shocking truth revealed!",FAKE
MUST READ! Shocking leaked documents confirms the secret truth behind microchip implants in daily vaccines.,"This is a shocking revelation that they don't want you to know. A highly placed secret government insider has leaked classified documents confirming that a shadow organization is actively running weather control machines. Independent researchers have found undeniable evidence, but mainstream media refuses to report this conspiracy. Share this before it gets taken down! It's time to wake up! This secret conspiracy involves a shadow organization and has been running for decades. Shocking truth revealed!",FAKE
Official government agencies approved the proposed reform legislation targeting bilateral trade tariffs on imported goods.,"In a comprehensive report published this morning, a team of clinical researchers confirmed significant progress in sustainable energy initiatives. The study, funded by state environmental agencies, indicates that solar energy grid integration has improved by fifteen percent over the last quarter. State representatives announced that additional public funding will be allocated to expand municipal transport networks. According to the published statistics, a team of clinical researchers will oversee the regulatory audits to maintain public standards.",REAL
A team of clinical researchers revealed research results on bilateral trade tariffs on imported goods.,"The Department of Finance issued an official statement yesterday confirming the implementation of a new policy designed to support small business growth. According to parliamentary spokespeople, the reform legislation introduces tax reductions for local entrepreneurs. Financial analysts state that the infrastructure funding will stimulate regional economic activity and increase employment indices over the fiscal year. According to the published statistics, the prime minister's press secretary will oversee the regulatory audits to maintain public standards.",REAL
State environmental scientists approved the proposed reform legislation targeting bilateral trade tariffs on imported goods.,"The Department of Finance issued an official statement yesterday confirming the implementation of a new policy designed to support small business growth. According to parliamentary spokespeople, the reform legislation introduces tax reductions for local entrepreneurs. Financial analysts state that the infrastructure funding will stimulate regional economic activity and increase employment indices over the fiscal year. According to the published statistics, the central banking authorities will oversee the regulatory audits to maintain public standards.",REAL
ACTUAL PROOF! Undeniable evidence exposed the undeniable reality of weather modification machines controlled by shadow groups.,The global elite are hiding weather modification machines that cause unnatural storms. A shocking leak reveals that a secret group is pulling the strings. This is a must-read warning! The undeniable reality is that our thoughts are being modified by fake chemicals in public drinking water. The truth is finally coming to light! This secret conspiracy involves the global elite and has been running for decades. Shocking truth revealed!,FAKE
UNBELIEVABLE! Alien spaceship wreckage admitted to a secret operation involving a plan to replace fiat currency with secret mind-control chips.,The global elite are hiding weather modification machines that cause unnatural storms. A shocking leak reveals that a secret group is pulling the strings. This is a must-read warning! The undeniable reality is that our thoughts are being modified by fake chemicals in public drinking water. The truth is finally coming to light! This secret conspiracy involves undeniable evidence and has been running for decades. Shocking truth revealed!,FAKE
SHOCKING TRUTH! The global elite exposed a shocking conspiracy regarding a plan to replace fiat currency with secret mind-control chips.,"Unbelievable truth exposed! An anonymous whistleblower has finally admitted that a clandestine medical cover-up was staged by the global elite. Sources say secret microchip implants have been hidden inside daily vaccines for years to control thought processes. If you look at the raw data, the proof is absolutely undeniable. Do your own research! This secret conspiracy involves a clandestine medical cover-up and has been running for decades. Shocking truth revealed!",FAKE
A team of clinical researchers confirmed a strategic agreement regarding sustainable energy development funding.,"The World Health Organization published a comprehensive study highlighting modern public health safety protocols. The report outlines guidelines designed to prevent seasonal viral transmission in metropolitan areas. Medical professionals emphasized that systematic community education and vaccine distribution remain the most effective methods for long-term health stabilization. According to the published statistics, parliamentary representatives will oversee the regulatory audits to maintain public standards.",REAL
The international trade council confirmed a strategic agreement regarding infrastructure investments in public transport networks.,"The World Health Organization published a comprehensive study highlighting modern public health safety protocols. The report outlines guidelines designed to prevent seasonal viral transmission in metropolitan areas. Medical professionals emphasized that systematic community education and vaccine distribution remain the most effective methods for long-term health stabilization. According to the published statistics, the international trade council will oversee the regulatory audits to maintain public standards.",REAL
ACTUAL PROOF! Alien spaceship wreckage confirms the secret truth behind a cover-up of extraterrestrial encounters.,"Unbelievable truth exposed! An anonymous whistleblower has finally admitted that a clandestine medical cover-up was staged by the global elite. Sources say secret microchip implants have been hidden inside daily vaccines for years to control thought processes. If you look at the raw data, the proof is absolutely undeniable. Do your own research! This secret conspiracy involves a clandestine medical cover-up and has been running for decades. Shocking truth revealed!",FAKE
ACTUAL PROOF! Shocking scientific proof uncovered a classified agenda concerning a cover-up of extraterrestrial encounters.,"Unbelievable truth exposed! An anonymous whistleblower has finally admitted that a clandestine medical cover-up was staged by the global elite. Sources say secret microchip implants have been hidden inside daily vaccines for years to control thought processes. If you look at the raw data, the proof is absolutely undeniable. Do your own research! This secret conspiracy involves alien spaceship wreckage and has been running for decades. Shocking truth revealed!",FAKE
UNBELIEVABLE! The global elite revealed the unbelievable truth about a cover-up of extraterrestrial encounters.,Breaking news: actual proof has surfaced about alien spaceship wreckage discovered under deep ocean chambers. A secret military branch has been keeping this classified technology hidden from the public to advance their secret mind-control agenda. Experts who tried to expose this shocking secret have vanished. Read the full leak here! This secret conspiracy involves shocking scientific proof and has been running for decades. Shocking truth revealed!,FAKE
THE TRUTH EXPOSED! A clandestine medical cover-up exposed a shocking conspiracy regarding a cover-up of extraterrestrial encounters.,"Unbelievable truth exposed! An anonymous whistleblower has finally admitted that a clandestine medical cover-up was staged by the global elite. Sources say secret microchip implants have been hidden inside daily vaccines for years to control thought processes. If you look at the raw data, the proof is absolutely undeniable. Do your own research! This secret conspiracy involves an anonymous whistleblower and has been running for decades. Shocking truth revealed!",FAKE
MUST READ! An anonymous whistleblower admitted to a secret operation involving a cover-up of extraterrestrial encounters.,The global elite are hiding weather modification machines that cause unnatural storms. A shocking leak reveals that a secret group is pulling the strings. This is a must-read warning! The undeniable reality is that our thoughts are being modified by fake chemicals in public drinking water. The truth is finally coming to light! This secret conspiracy involves a clandestine medical cover-up and has been running for decades. Shocking truth revealed!,FAKE
Parliamentary representatives published a comprehensive report concerning academic curriculum standards in rural schools.,"The World Health Organization published a comprehensive study highlighting modern public health safety protocols. The report outlines guidelines designed to prevent seasonal viral transmission in metropolitan areas. Medical professionals emphasized that systematic community education and vaccine distribution remain the most effective methods for long-term health stabilization. According to the published statistics, the world health organization will oversee the regulatory audits to maintain public standards.",REAL
The central banking authorities revealed research results on infrastructure investments in public transport networks.,"In a comprehensive report published this morning, a team of clinical researchers confirmed significant progress in sustainable energy initiatives. The study, funded by state environmental agencies, indicates that solar energy grid integration has improved by fifteen percent over the last quarter. State representatives announced that additional public funding will be allocated to expand municipal transport networks. According to the published statistics, parliamentary representatives will oversee the regulatory audits to maintain public standards.",REAL
MUST READ! An anonymous whistleblower exposed the undeniable reality of a cover-up of extraterrestrial encounters.,The global elite are hiding weather modification machines that cause unnatural storms. A shocking leak reveals that a secret group is pulling the strings. This is a must-read warning! The undeniable reality is that our thoughts are being modified by fake chemicals in public drinking water. The truth is finally coming to light! This secret conspiracy involves undeniable evidence and has been running for decades. Shocking truth revealed!,FAKE
The central banking authorities issued an official statement clarifying details of sustainable energy development funding.,"In a comprehensive report published this morning, a team of clinical researchers confirmed significant progress in sustainable energy initiatives. The study, funded by state environmental agencies, indicates that solar energy grid integration has improved by fifteen percent over the last quarter. State representatives announced that additional public funding will be allocated to expand municipal transport networks. According to the published statistics, parliamentary representatives will oversee the regulatory audits to maintain public standards.",REAL
THEY DON'T WANT YOU TO KNOW! A clandestine medical cover-up exposed the undeniable reality of microchip implants in daily vaccines.,Breaking news: actual proof has surfaced about alien spaceship wreckage discovered under deep ocean chambers. A secret military branch has been keeping this classified technology hidden from the public to advance their secret mind-control agenda. Experts who tried to expose this shocking secret have vanished. Read the full leak here! This secret conspiracy involves a shadow organization and has been running for decades. Shocking truth revealed!,FAKE
THE TRUTH EXPOSED! A clandestine medical cover-up revealed the unbelievable truth about a cover-up of extraterrestrial encounters.,The global elite are hiding weather modification machines that cause unnatural storms. A shocking leak reveals that a secret group is pulling the strings. This is a must-read warning! The undeniable reality is that our thoughts are being modified by fake chemicals in public drinking water. The truth is finally coming to light! This secret conspiracy involves undeniable evidence and has been running for decades. Shocking truth revealed!,FAKE
UNBELIEVABLE! Secret government insiders exposed the undeniable reality of a fake moon landing staging site.,The global elite are hiding weather modification machines that cause unnatural storms. A shocking leak reveals that a secret group is pulling the strings. This is a must-read warning! The undeniable reality is that our thoughts are being modified by fake chemicals in public drinking water. The truth is finally coming to light! This secret conspiracy involves the global elite and has been running for decades. Shocking truth revealed!,FAKE
Official government agencies issued an official statement clarifying details of small business tax regulations.,"Official representatives of the international trade council approved the proposed bilateral trade tariffs during the summit. The official agreement aims to stabilize commodity pricing and support domestic manufacturing sectors. Government officials declared that regular audits will be performed to ensure compliance with international standard regulations. According to the published statistics, the central banking authorities will oversee the regulatory audits to maintain public standards.",REAL
THE TRUTH EXPOSED! A shadow organization admitted to a secret operation involving a plan to replace fiat currency with secret mind-control chips.,Breaking news: actual proof has surfaced about alien spaceship wreckage discovered under deep ocean chambers. A secret military branch has been keeping this classified technology hidden from the public to advance their secret mind-control agenda. Experts who tried to expose this shocking secret have vanished. Read the full leak here! This secret conspiracy involves alien spaceship wreckage and has been running for decades. Shocking truth revealed!,FAKE
THEY DON'T WANT YOU TO KNOW! An anonymous whistleblower revealed the unbelievable truth about a fake moon landing staging site.,"Unbelievable truth exposed! An anonymous whistleblower has finally admitted that a clandestine medical cover-up was staged by the global elite. Sources say secret microchip implants have been hidden inside daily vaccines for years to control thought processes. If you look at the raw data, the proof is absolutely undeniable. Do your own research! This secret conspiracy involves shocking leaked documents and has been running for decades. Shocking truth revealed!",FAKE
UNBELIEVABLE! Shocking scientific proof revealed the unbelievable truth about a cover-up of extraterrestrial encounters.,"Unbelievable truth exposed! An anonymous whistleblower has finally admitted that a clandestine medical cover-up was staged by the global elite. Sources say secret microchip implants have been hidden inside daily vaccines for years to control thought processes. If you look at the raw data, the proof is absolutely undeniable. Do your own research! This secret conspiracy involves shocking scientific proof and has been running for decades. Shocking truth revealed!",FAKE
The international trade council revealed research results on academic curriculum standards in rural schools.,"The Department of Finance issued an official statement yesterday confirming the implementation of a new policy designed to support small business growth. According to parliamentary spokespeople, the reform legislation introduces tax reductions for local entrepreneurs. Financial analysts state that the infrastructure funding will stimulate regional economic activity and increase employment indices over the fiscal year. According to the published statistics, the central banking authorities will oversee the regulatory audits to maintain public standards.",REAL
The Department of Finance revealed research results on academic curriculum standards in rural schools.,"The Department of Finance issued an official statement yesterday confirming the implementation of a new policy designed to support small business growth. According to parliamentary spokespeople, the reform legislation introduces tax reductions for local entrepreneurs. Financial analysts state that the infrastructure funding will stimulate regional economic activity and increase employment indices over the fiscal year. According to the published statistics, the central banking authorities will oversee the regulatory audits to maintain public standards.",REAL
Parliamentary representatives approved the proposed reform legislation targeting academic curriculum standards in rural schools.,"The World Health Organization published a comprehensive study highlighting modern public health safety protocols. The report outlines guidelines designed to prevent seasonal viral transmission in metropolitan areas. Medical professionals emphasized that systematic community education and vaccine distribution remain the most effective methods for long-term health stabilization. According to the published statistics, the department of finance will oversee the regulatory audits to maintain public standards.",REAL
The Department of Finance approved the proposed reform legislation targeting infrastructure investments in public transport networks.,"In a comprehensive report published this morning, a team of clinical researchers confirmed significant progress in sustainable energy initiatives. The study, funded by state environmental agencies, indicates that solar energy grid integration has improved by fifteen percent over the last quarter. State representatives announced that additional public funding will be allocated to expand municipal transport networks. According to the published statistics, the world health organization will oversee the regulatory audits to maintain public standards.",REAL
THEY DON'T WANT YOU TO KNOW! A shadow organization exposed a shocking conspiracy regarding microchip implants in daily vaccines.,"This is a shocking revelation that they don't want you to know. A highly placed secret government insider has leaked classified documents confirming that a shadow organization is actively running weather control machines. Independent researchers have found undeniable evidence, but mainstream media refuses to report this conspiracy. Share this before it gets taken down! It's time to wake up! This secret conspiracy involves undeniable evidence and has been running for decades. Shocking truth revealed!",FAKE
The World Health organization announced the implementation of a new policy on sustainable energy development funding.,"The Department of Finance issued an official statement yesterday confirming the implementation of a new policy designed to support small business growth. According to parliamentary spokespeople, the reform legislation introduces tax reductions for local entrepreneurs. Financial analysts state that the infrastructure funding will stimulate regional economic activity and increase employment indices over the fiscal year. According to the published statistics, state environmental scientists will oversee the regulatory audits to maintain public standards.",REAL
A team of clinical researchers issued an official statement clarifying details of sustainable energy development funding.,"The World Health Organization published a comprehensive study highlighting modern public health safety protocols. The report outlines guidelines designed to prevent seasonal viral transmission in metropolitan areas. Medical professionals emphasized that systematic community education and vaccine distribution remain the most effective methods for long-term health stabilization. According to the published statistics, the central banking authorities will oversee the regulatory audits to maintain public standards.",REAL
Official government agencies confirmed a strategic agreement regarding infrastructure investments in public transport networks.,"The Department of Finance issued an official statement yesterday confirming the implementation of a new policy designed to support small business growth. According to parliamentary spokespeople, the reform legislation introduces tax reductions for local entrepreneurs. Financial analysts state that the infrastructure funding will stimulate regional economic activity and increase employment indices over the fiscal year. According to the published statistics, the international trade council will oversee the regulatory audits to maintain public standards.",REAL
ACTUAL PROOF! Undeniable evidence exposed a shocking conspiracy regarding a fake moon landing staging site.,The global elite are hiding weather modification machines that cause unnatural storms. A shocking leak reveals that a secret group is pulling the strings. This is a must-read warning! The undeniable reality is that our thoughts are being modified by fake chemicals in public drinking water. The truth is finally coming to light! This secret conspiracy involves secret government insiders and has been running for decades. Shocking truth revealed!,FAKE
The international trade council approved the proposed reform legislation targeting academic curriculum standards in rural schools.,"Official representatives of the international trade council approved the proposed bilateral trade tariffs during the summit. The official agreement aims to stabilize commodity pricing and support domestic manufacturing sectors. Government officials declared that regular audits will be performed to ensure compliance with international standard regulations. According to the published statistics, a team of clinical researchers will oversee the regulatory audits to maintain public standards.",REAL
Official government agencies issued an official statement clarifying details of academic curriculum standards in rural schools.,"The Department of Finance issued an official statement yesterday confirming the implementation of a new policy designed to support small business growth. According to parliamentary spokespeople, the reform legislation introduces tax reductions for local entrepreneurs. Financial analysts state that the infrastructure funding will stimulate regional economic activity and increase employment indices over the fiscal year. According to the published statistics, the central banking authorities will oversee the regulatory audits to maintain public standards.",REAL
Official government agencies revealed research results on sustainable energy development funding.,"The Department of Finance issued an official statement yesterday confirming the implementation of a new policy designed to support small business growth. According to parliamentary spokespeople, the reform legislation introduces tax reductions for local entrepreneurs. Financial analysts state that the infrastructure funding will stimulate regional economic activity and increase employment indices over the fiscal year. According to the published statistics, the prime minister's press secretary will oversee the regulatory audits to maintain public standards.",REAL
The Department of Finance approved the proposed reform legislation targeting infrastructure investments in public transport networks.,"In a comprehensive report published this morning, a team of clinical researchers confirmed significant progress in sustainable energy initiatives. The study, funded by state environmental agencies, indicates that solar energy grid integration has improved by fifteen percent over the last quarter. State representatives announced that additional public funding will be allocated to expand municipal transport networks. According to the published statistics, the central banking authorities will oversee the regulatory audits to maintain public standards.",REAL
SHOCKING TRUTH! A shadow organization uncovered a classified agenda concerning microchip implants in daily vaccines.,"This is a shocking revelation that they don't want you to know. A highly placed secret government insider has leaked classified documents confirming that a shadow organization is actively running weather control machines. Independent researchers have found undeniable evidence, but mainstream media refuses to report this conspiracy. Share this before it gets taken down! It's time to wake up! This secret conspiracy involves an anonymous whistleblower and has been running for decades. Shocking truth revealed!",FAKE
A team of clinical researchers announced the implementation of a new policy on bilateral trade tariffs on imported goods.,"Official representatives of the international trade council approved the proposed bilateral trade tariffs during the summit. The official agreement aims to stabilize commodity pricing and support domestic manufacturing sectors. Government officials declared that regular audits will be performed to ensure compliance with international standard regulations. According to the published statistics, state environmental scientists will oversee the regulatory audits to maintain public standards.",REAL
The central banking authorities approved the proposed reform legislation targeting infrastructure investments in public transport networks.,"The Department of Finance issued an official statement yesterday confirming the implementation of a new policy designed to support small business growth. According to parliamentary spokespeople, the reform legislation introduces tax reductions for local entrepreneurs. Financial analysts state that the infrastructure funding will stimulate regional economic activity and increase employment indices over the fiscal year. According to the published statistics, the international trade council will oversee the regulatory audits to maintain public standards.",REAL
THE TRUTH EXPOSED! A clandestine medical cover-up uncovered a classified agenda concerning a cover-up of extraterrestrial encounters.,Breaking news: actual proof has surfaced about alien spaceship wreckage discovered under deep ocean chambers. A secret military branch has been keeping this classified technology hidden from the public to advance their secret mind-control agenda. Experts who tried to expose this shocking secret have vanished. Read the full leak here! This secret conspiracy involves a shadow organization and has been running for decades. Shocking truth revealed!,FAKE
The international trade council published a comprehensive report concerning bilateral trade tariffs on imported goods.,"The World Health Organization published a comprehensive study highlighting modern public health safety protocols. The report outlines guidelines designed to prevent seasonal viral transmission in metropolitan areas. Medical professionals emphasized that systematic community education and vaccine distribution remain the most effective methods for long-term health stabilization. According to the published statistics, state environmental scientists will oversee the regulatory audits to maintain public standards.",REAL
The central banking authorities announced the implementation of a new policy on public health safety protocols.,"In a comprehensive report published this morning, a team of clinical researchers confirmed significant progress in sustainable energy initiatives. The study, funded by state environmental agencies, indicates that solar energy grid integration has improved by fifteen percent over the last quarter. State representatives announced that additional public funding will be allocated to expand municipal transport networks. According to the published statistics, state environmental scientists will oversee the regulatory audits to maintain public standards.",REAL
THEY DON'T WANT YOU TO KNOW! Alien spaceship wreckage revealed the unbelievable truth about weather modification machines controlled by shadow groups.,"This is a shocking revelation that they don't want you to know. A highly placed secret government insider has leaked classified documents confirming that a shadow organization is actively running weather control machines. Independent researchers have found undeniable evidence, but mainstream media refuses to report this conspiracy. Share this before it gets taken down! It's time to wake up! This secret conspiracy involves alien spaceship wreckage and has been running for decades. Shocking truth revealed!",FAKE
THEY DON'T WANT YOU TO KNOW! Shocking leaked documents admitted to a secret operation involving weather modification machines controlled by shadow groups.,Breaking news: actual proof has surfaced about alien spaceship wreckage discovered under deep ocean chambers. A secret military branch has been keeping this classified technology hidden from the public to advance their secret mind-control agenda. Experts who tried to expose this shocking secret have vanished. Read the full leak here! This secret conspiracy involves an anonymous whistleblower and has been running for decades. Shocking truth revealed!,FAKE
Parliamentary representatives approved the proposed reform legislation targeting small business tax regulations.,"In a comprehensive report published this morning, a team of clinical researchers confirmed significant progress in sustainable energy initiatives. The study, funded by state environmental agencies, indicates that solar energy grid integration has improved by fifteen percent over the last quarter. State representatives announced that additional public funding will be allocated to expand municipal transport networks. According to the published statistics, a team of clinical researchers will oversee the regulatory audits to maintain public standards.",REAL
The World Health organization issued an official statement clarifying details of small business tax regulations.,"In a comprehensive report published this morning, a team of clinical researchers confirmed significant progress in sustainable energy initiatives. The study, funded by state environmental agencies, indicates that solar energy grid integration has improved by fifteen percent over the last quarter. State representatives announced that additional public funding will be allocated to expand municipal transport networks. According to the published statistics, a team of clinical researchers will oversee the regulatory audits to maintain public standards.",REAL
The World Health organization revealed research results on public health safety protocols.,"The World Health Organization published a comprehensive study highlighting modern public health safety protocols. The report outlines guidelines designed to prevent seasonal viral transmission in metropolitan areas. Medical professionals emphasized that systematic community education and vaccine distribution remain the most effective methods for long-term health stabilization. According to the published statistics, parliamentary representatives will oversee the regulatory audits to maintain public standards.",REAL
SHOCKING TRUTH! A shadow organization uncovered a classified agenda concerning fake water chemicals designed to control public thoughts.,Breaking news: actual proof has surfaced about alien spaceship wreckage discovered under deep ocean chambers. A secret military branch has been keeping this classified technology hidden from the public to advance their secret mind-control agenda. Experts who tried to expose this shocking secret have vanished. Read the full leak here! This secret conspiracy involves a clandestine medical cover-up and has been running for decades. Shocking truth revealed!,FAKE
THE TRUTH EXPOSED! Alien spaceship wreckage admitted to a secret operation involving a cover-up of extraterrestrial encounters.,The global elite are hiding weather modification machines that cause unnatural storms. A shocking leak reveals that a secret group is pulling the strings. This is a must-read warning! The undeniable reality is that our thoughts are being modified by fake chemicals in public drinking water. The truth is finally coming to light! This secret conspiracy involves shocking scientific proof and has been running for decades. Shocking truth revealed!,FAKE
THE TRUTH EXPOSED! Shocking leaked documents exposed a shocking conspiracy regarding a fake moon landing staging site.,The global elite are hiding weather modification machines that cause unnatural storms. A shocking leak reveals that a secret group is pulling the strings. This is a must-read warning! The undeniable reality is that our thoughts are being modified by fake chemicals in public drinking water. The truth is finally coming to light! This secret conspiracy involves secret government insiders and has been running for decades. Shocking truth revealed!,FAKE
THE TRUTH EXPOSED! Undeniable evidence revealed the unbelievable truth about fake water chemicals designed to control public thoughts.,"This is a shocking revelation that they don't want you to know. A highly placed secret government insider has leaked classified documents confirming that a shadow organization is actively running weather control machines. Independent researchers have found undeniable evidence, but mainstream media refuses to report this conspiracy. Share this before it gets taken down! It's time to wake up! This secret conspiracy involves alien spaceship wreckage and has been running for decades. Shocking truth revealed!",FAKE
ACTUAL PROOF! An anonymous whistleblower exposed a shocking conspiracy regarding a fake moon landing staging site.,Breaking news: actual proof has surfaced about alien spaceship wreckage discovered under deep ocean chambers. A secret military branch has been keeping this classified technology hidden from the public to advance their secret mind-control agenda. Experts who tried to expose this shocking secret have vanished. Read the full leak here! This secret conspiracy involves shocking scientific proof and has been running for decades. Shocking truth revealed!,FAKE
MUST READ! Shocking leaked documents confirms the secret truth behind a cover-up of extraterrestrial encounters.,"This is a shocking revelation that they don't want you to know. A highly placed secret government insider has leaked classified documents confirming that a shadow organization is actively running weather control machines. Independent researchers have found undeniable evidence, but mainstream media refuses to report this conspiracy. Share this before it gets taken down! It's time to wake up! This secret conspiracy involves a shadow organization and has been running for decades. Shocking truth revealed!",FAKE
A team of clinical researchers published a comprehensive report concerning small business tax regulations.,"In a comprehensive report published this morning, a team of clinical researchers confirmed significant progress in sustainable energy initiatives. The study, funded by state environmental agencies, indicates that solar energy grid integration has improved by fifteen percent over the last quarter. State representatives announced that additional public funding will be allocated to expand municipal transport networks. According to the published statistics, the prime minister's press secretary will oversee the regulatory audits to maintain public standards.",REAL
THE TRUTH EXPOSED! Undeniable evidence confirms the secret truth behind fake water chemicals designed to control public thoughts.,"Unbelievable truth exposed! An anonymous whistleblower has finally admitted that a clandestine medical cover-up was staged by the global elite. Sources say secret microchip implants have been hidden inside daily vaccines for years to control thought processes. If you look at the raw data, the proof is absolutely undeniable. Do your own research! This secret conspiracy involves alien spaceship wreckage and has been running for decades. Shocking truth revealed!",FAKE
MUST READ! An anonymous whistleblower confirms the secret truth behind weather modification machines controlled by shadow groups.,"Unbelievable truth exposed! An anonymous whistleblower has finally admitted that a clandestine medical cover-up was staged by the global elite. Sources say secret microchip implants have been hidden inside daily vaccines for years to control thought processes. If you look at the raw data, the proof is absolutely undeniable. Do your own research! This secret conspiracy involves secret government insiders and has been running for decades. Shocking truth revealed!",FAKE
The central banking authorities announced the implementation of a new policy on public health safety protocols.,"The World Health Organization published a comprehensive study highlighting modern public health safety protocols. The report outlines guidelines designed to prevent seasonal viral transmission in metropolitan areas. Medical professionals emphasized that systematic community education and vaccine distribution remain the most effective methods for long-term health stabilization. According to the published statistics, a team of clinical researchers will oversee the regulatory audits to maintain public standards.",REAL
THE TRUTH EXPOSED! Secret government insiders revealed the unbelievable truth about fake water chemicals designed to control public thoughts.,"This is a shocking revelation that they don't want you to know. A highly placed secret government insider has leaked classified documents confirming that a shadow organization is actively running weather control machines. Independent researchers have found undeniable evidence, but mainstream media refuses to report this conspiracy. Share this before it gets taken down! It's time to wake up! This secret conspiracy involves a shadow organization and has been running for decades. Shocking truth revealed!",FAKE
ACTUAL PROOF! Alien spaceship wreckage exposed a shocking conspiracy regarding weather modification machines controlled by shadow groups.,"This is a shocking revelation that they don't want you to know. A highly placed secret government insider has leaked classified documents confirming that a shadow organization is actively running weather control machines. Independent researchers have found undeniable evidence, but mainstream media refuses to report this conspiracy. Share this before it gets taken down! It's time to wake up! This secret conspiracy involves shocking leaked documents and has been running for decades. Shocking truth revealed!",FAKE
MUST READ! Alien spaceship wreckage exposed a shocking conspiracy regarding weather modification machines controlled by shadow groups.,The global elite are hiding weather modification machines that cause unnatural storms. A shocking leak reveals that a secret group is pulling the strings. This is a must-read warning! The undeniable reality is that our thoughts are being modified by fake chemicals in public drinking water. The truth is finally coming to light! This secret conspiracy involves a shadow organization and has been running for decades. Shocking truth revealed!,FAKE
The central banking authorities issued an official statement clarifying details of academic curriculum standards in rural schools.,"In a comprehensive report published this morning, a team of clinical researchers confirmed significant progress in sustainable energy initiatives. The study, funded by state environmental agencies, indicates that solar energy grid integration has improved by fifteen percent over the last quarter. State representatives announced that additional public funding will be allocated to expand municipal transport networks. According to the published statistics, the international trade council will oversee the regulatory audits to maintain public standards.",REAL
UNBELIEVABLE! Shocking leaked documents exposed the undeniable reality of weather modification machines controlled by shadow groups.,Breaking news: actual proof has surfaced about alien spaceship wreckage discovered under deep ocean chambers. A secret military branch has been keeping this classified technology hidden from the public to advance their secret mind-control agenda. Experts who tried to expose this shocking secret have vanished. Read the full leak here! This secret conspiracy involves alien spaceship wreckage and has been running for decades. Shocking truth revealed!,FAKE
The Department of Finance confirmed a strategic agreement regarding academic curriculum standards in rural schools.,"The World Health Organization published a comprehensive study highlighting modern public health safety protocols. The report outlines guidelines designed to prevent seasonal viral transmission in metropolitan areas. Medical professionals emphasized that systematic community education and vaccine distribution remain the most effective methods for long-term health stabilization. According to the published statistics, state environmental scientists will oversee the regulatory audits to maintain public standards.",REAL
ACTUAL PROOF! An anonymous whistleblower uncovered a classified agenda concerning weather modification machines controlled by shadow groups.,Breaking news: actual proof has surfaced about alien spaceship wreckage discovered under deep ocean chambers. A secret military branch has been keeping this classified technology hidden from the public to advance their secret mind-control agenda. Experts who tried to expose this shocking secret have vanished. Read the full leak here! This secret conspiracy involves a clandestine medical cover-up and has been running for decades. Shocking truth revealed!,FAKE
Parliamentary representatives confirmed a strategic agreement regarding infrastructure investments in public transport networks.,"The Department of Finance issued an official statement yesterday confirming the implementation of a new policy designed to support small business growth. According to parliamentary spokespeople, the reform legislation introduces tax reductions for local entrepreneurs. Financial analysts state that the infrastructure funding will stimulate regional economic activity and increase employment indices over the fiscal year. According to the published statistics, state environmental scientists will oversee the regulatory audits to maintain public standards.",REAL
The international trade council confirmed a strategic agreement regarding sustainable energy development funding.,"In a comprehensive report published this morning, a team of clinical researchers confirmed significant progress in sustainable energy initiatives. The study, funded by state environmental agencies, indicates that solar energy grid integration has improved by fifteen percent over the last quarter. State representatives announced that additional public funding will be allocated to expand municipal transport networks. According to the published statistics, official government agencies will oversee the regulatory audits to maintain public standards.",REAL
UNBELIEVABLE! The global elite exposed the undeniable reality of a cover-up of extraterrestrial encounters.,The global elite are hiding weather modification machines that cause unnatural storms. A shocking leak reveals that a secret group is pulling the strings. This is a must-read warning! The undeniable reality is that our thoughts are being modified by fake chemicals in public drinking water. The truth is finally coming to light! This secret conspiracy involves secret government insiders and has been running for decades. Shocking truth revealed!,FAKE
THEY DON'T WANT YOU TO KNOW! Secret government insiders uncovered a classified agenda concerning fake water chemicals designed to control public thoughts.,"This is a shocking revelation that they don't want you to know. A highly placed secret government insider has leaked classified documents confirming that a shadow organization is actively running weather control machines. Independent researchers have found undeniable evidence, but mainstream media refuses to report this conspiracy. Share this before it gets taken down! It's time to wake up! This secret conspiracy involves the global elite and has been running for decades. Shocking truth revealed!",FAKE
MUST READ! Shocking leaked documents exposed a shocking conspiracy regarding microchip implants in daily vaccines.,"Unbelievable truth exposed! An anonymous whistleblower has finally admitted that a clandestine medical cover-up was staged by the global elite. Sources say secret microchip implants have been hidden inside daily vaccines for years to control thought processes. If you look at the raw data, the proof is absolutely undeniable. Do your own research! This secret conspiracy involves an anonymous whistleblower and has been running for decades. Shocking truth revealed!",FAKE
THE TRUTH EXPOSED! A shadow organization admitted to a secret operation involving a fake moon landing staging site.,The global elite are hiding weather modification machines that cause unnatural storms. A shocking leak reveals that a secret group is pulling the strings. This is a must-read warning! The undeniable reality is that our thoughts are being modified by fake chemicals in public drinking water. The truth is finally coming to light! This secret conspiracy involves alien spaceship wreckage and has been running for decades. Shocking truth revealed!,FAKE
UNBELIEVABLE! Shocking scientific proof exposed a shocking conspiracy regarding microchip implants in daily vaccines.,"Unbelievable truth exposed! An anonymous whistleblower has finally admitted that a clandestine medical cover-up was staged by the global elite. Sources say secret microchip implants have been hidden inside daily vaccines for years to control thought processes. If you look at the raw data, the proof is absolutely undeniable. Do your own research! This secret conspiracy involves undeniable evidence and has been running for decades. Shocking truth revealed!",FAKE
SHOCKING TRUTH! The global elite revealed the unbelievable truth about a plan to replace fiat currency with secret mind-control chips.,Breaking news: actual proof has surfaced about alien spaceship wreckage discovered under deep ocean chambers. A secret military branch has been keeping this classified technology hidden from the public to advance their secret mind-control agenda. Experts who tried to expose this shocking secret have vanished. Read the full leak here! This secret conspiracy involves secret government insiders and has been running for decades. Shocking truth revealed!,FAKE
ACTUAL PROOF! Shocking scientific proof revealed the unbelievable truth about a plan to replace fiat currency with secret mind-control chips.,"Unbelievable truth exposed! An anonymous whistleblower has finally admitted that a clandestine medical cover-up was staged by the global elite. Sources say secret microchip implants have been hidden inside daily vaccines for years to control thought processes. If you look at the raw data, the proof is absolutely undeniable. Do your own research! This secret conspiracy involves a shadow organization and has been running for decades. Shocking truth revealed!",FAKE
UNBELIEVABLE! Undeniable evidence uncovered a classified agenda concerning a fake moon landing staging site.,"This is a shocking revelation that they don't want you to know. A highly placed secret government insider has leaked classified documents confirming that a shadow organization is actively running weather control machines. Independent researchers have found undeniable evidence, but mainstream media refuses to report this conspiracy. Share this before it gets taken down! It's time to wake up! This secret conspiracy involves undeniable evidence and has been running for decades. Shocking truth revealed!",FAKE
The Department of Finance confirmed a strategic agreement regarding infrastructure investments in public transport networks.,"Official representatives of the international trade council approved the proposed bilateral trade tariffs during the summit. The official agreement aims to stabilize commodity pricing and support domestic manufacturing sectors. Government officials declared that regular audits will be performed to ensure compliance with international standard regulations. According to the published statistics, the international trade council will oversee the regulatory audits to maintain public standards.",REAL
SHOCKING TRUTH! Alien spaceship wreckage revealed the unbelievable truth about fake water chemicals designed to control public thoughts.,"Unbelievable truth exposed! An anonymous whistleblower has finally admitted that a clandestine medical cover-up was staged by the global elite. Sources say secret microchip implants have been hidden inside daily vaccines for years to control thought processes. If you look at the raw data, the proof is absolutely undeniable. Do your own research! This secret conspiracy involves a shadow organization and has been running for decades. Shocking truth revealed!",FAKE
Parliamentary representatives approved the proposed reform legislation targeting public health safety protocols.,"Official representatives of the international trade council approved the proposed bilateral trade tariffs during the summit. The official agreement aims to stabilize commodity pricing and support domestic manufacturing sectors. Government officials declared that regular audits will be performed to ensure compliance with international standard regulations. According to the published statistics, the central banking authorities will oversee the regulatory audits to maintain public standards.",REAL
UNBELIEVABLE! A clandestine medical cover-up revealed the unbelievable truth about a cover-up of extraterrestrial encounters.,Breaking news: actual proof has surfaced about alien spaceship wreckage discovered under deep ocean chambers. A secret military branch has been keeping this classified technology hidden from the public to advance their secret mind-control agenda. Experts who tried to expose this shocking secret have vanished. Read the full leak here! This secret conspiracy involves undeniable evidence and has been running for decades. Shocking truth revealed!,FAKE
ACTUAL PROOF! A shadow organization revealed the unbelievable truth about a cover-up of extraterrestrial encounters.,"Unbelievable truth exposed! An anonymous whistleblower has finally admitted that a clandestine medical cover-up was staged by the global elite. Sources say secret microchip implants have been hidden inside daily vaccines for years to control thought processes. If you look at the raw data, the proof is absolutely undeniable. Do your own research! This secret conspiracy involves secret government insiders and has been running for decades. Shocking truth revealed!",FAKE
THE TRUTH EXPOSED! Alien spaceship wreckage uncovered a classified agenda concerning a plan to replace fiat currency with secret mind-control chips.,The global elite are hiding weather modification machines that cause unnatural storms. A shocking leak reveals that a secret group is pulling the strings. This is a must-read warning! The undeniable reality is that our thoughts are being modified by fake chemicals in public drinking water. The truth is finally coming to light! This secret conspiracy involves the global elite and has been running for decades. Shocking truth revealed!,FAKE
The central banking authorities approved the proposed reform legislation targeting sustainable energy development funding.,"The Department of Finance issued an official statement yesterday confirming the implementation of a new policy designed to support small business growth. According to parliamentary spokespeople, the reform legislation introduces tax reductions for local entrepreneurs. Financial analysts state that the infrastructure funding will stimulate regional economic activity and increase employment indices over the fiscal year. According to the published statistics, the prime minister's press secretary will oversee the regulatory audits to maintain public standards.",REAL
ACTUAL PROOF! The global elite uncovered a classified agenda concerning a cover-up of extraterrestrial encounters.,The global elite are hiding weather modification machines that cause unnatural storms. A shocking leak reveals that a secret group is pulling the strings. This is a must-read warning! The undeniable reality is that our thoughts are being modified by fake chemicals in public drinking water. The truth is finally coming to light! This secret conspiracy involves an anonymous whistleblower and has been running for decades. Shocking truth revealed!,FAKE
THE TRUTH EXPOSED! Shocking scientific proof exposed the undeniable reality of a fake moon landing staging site.,The global elite are hiding weather modification machines that cause unnatural storms. A shocking leak reveals that a secret group is pulling the strings. This is a must-read warning! The undeniable reality is that our thoughts are being modified by fake chemicals in public drinking water. The truth is finally coming to light! This secret conspiracy involves a clandestine medical cover-up and has been running for decades. Shocking truth revealed!,FAKE
